Year,Scoring,Player,Team,ADP Rank,POS,ADP
2020,half,Christian McCaffrey,SF,1,RB1,1.0
2020,half,Saquon Barkley,PHI,2,RB2,2.0
2020,half,Ezekiel Elliott,,3,RB3,3.0
2020,half,Dalvin Cook,,4,RB4,5.3
2020,half,Alvin Kamara,NO,5,RB5,5.3
2020,half,Derrick Henry,BAL,6,RB6,5.7
2020,half,Michael Thomas,,7,WR1,6.0
2020,half,Davante Adams,LAR,8,WR2,9.3
2020,half,Joe Mixon,,9,RB7,9.7
2020,half,Tyreek Hill,,10,WR3,12.7
2020,half,Nick Chubb,,11,RB8,12.7
2020,half,Clyde Edwards-Helaire,,12,RB9,13.3
2020,half,Josh Jacobs,GB,13,RB10,14.3
2020,half,Julio Jones,,14,WR4,14.3
2020,half,Kenyan Drake,,15,RB11,15.7
2020,half,DeAndre Hopkins,BAL,16,WR5,17.0
2020,half,Patrick Mahomes II,KC,17,QB1,18.7
2020,half,Travis Kelce,KC,18,TE1,18.7
2020,half,Austin Ekeler,,19,RB12,19.0
2020,half,Aaron Jones Sr.,MIN,20,RB13,19.0
2020,half,Miles Sanders,,21,RB14,19.3
2020,half,George Kittle,SF,22,TE2,20.0
2020,half,Lamar Jackson,BAL,23,QB2,20.3
2020,half,Chris Godwin Jr.,TB,24,WR6,21.0
2020,half,Kenny Golladay,,25,WR7,25.3
2020,half,Mike Evans,SF,26,WR8,27.3
2020,half,Chris Carson,,27,RB15,30.0
2020,half,Odell Beckham Jr.,NYG,28,WR9,30.0
2020,half,Allen Robinson,II,29,WR10,30.7
2020,half,Todd Gurley,II,30,RB16,31.0
2020,half,Adam Thielen,,31,WR11,32.0
2020,half,James Conner,ARI,32,RB17,33.0
2020,half,DJ Moore,BUF,33,WR12,34.0
2020,half,Amari Cooper,,34,WR13,34.3
2020,half,JuJu Smith-Schuster,NYG,35,WR14,34.3
2020,half,Jonathan Taylor,IND,36,RB18,37.0
2020,half,Melvin Gordon,III,37,RB19,37.3
2020,half,A.J. Brown,NE,38,WR15,39.3
2020,half,Mark Andrews,BAL,39,TE3,39.7
2020,half,Cooper Kupp,SEA,40,WR16,40.0
2020,half,Le'Veon Bell,,41,RB20,41.7
2020,half,David Johnson,,42,RB21,42.0
2020,half,Calvin Ridley,TEN,43,WR17,44.0
2020,half,Zach Ertz,,44,TE4,46.0
2020,half,Mark Ingram,II,45,RB22,46.0
2020,half,Tyler Lockett,LV,46,WR18,50.0
2020,half,Courtland Sutton,DEN,47,WR19,50.7
2020,half,Dak Prescott,DAL,48,QB3,50.7
2020,half,Keenan Allen,LAC,49,WR20,50.7
2020,half,Robert Woods,,50,WR21,50.7
2020,half,DK Metcalf,PIT,51,WR22,51.3
2020,half,Raheem Mostert,LV,52,RB23,51.7
2020,half,Terry McLaurin,WAS,53,WR23,51.7
2020,half,DJ Chark Jr.,,54,WR24,51.7
2020,half,Russell Wilson,,55,QB4,55.7
2020,half,Devin Singletary,NYG,56,RB24,57.0
2020,half,Kyler Murray,MIN,57,QB5,58.3
2020,half,T.Y. Hilton,,58,WR25,58.7
2020,half,Darren Waller,,59,TE5,58.7
2020,half,Cam Akers,,60,RB25,59.7
2020,half,Leonard Fournette,,61,RB26,60.7
2020,half,Deshaun Watson,CLE,62,QB6,60.7
2020,half,DeVante Parker,,63,WR26,61.3
2020,half,Stefon Diggs,,64,WR27,63.3
2020,half,D'Andre Swift,CHI,65,RB27,65.0
2020,half,Kareem Hunt,,66,RB28,65.7
2020,half,David Montgomery,HOU,67,RB29,65.7
2020,half,Hollywood Brown,PHI,68,WR28,72.0
2020,half,Michael Gallup,,69,WR29,73.7
2020,half,A.J. Green,,70,WR30,74.3
2020,half,Matt Ryan,,71,QB7,76.7
2020,half,Tyler Boyd,,72,WR31,77.0
2020,half,Drew Brees,,73,QB8,79.3
2020,half,Evan Engram,DEN,74,TE6,79.3
2020,half,Tyler Higbee,LAR,75,TE7,79.7
2020,half,Ronald Jones,II,76,RB30,80.0
2020,half,Rob Gronkowski,,77,TE8,80.0
2020,half,Josh Allen,BUF,78,QB9,81.0
2020,half,Hunter Henry,NE,79,TE9,81.0
2020,half,Jarvis Landry,,80,WR32,81.3
2020,half,William Fuller,,81,WR33,82.0
2020,half,Julian Edelman,,82,WR34,84.0
2020,half,J.K. Dobbins,DEN,83,RB31,85.0
2020,half,Jordan Howard,,84,RB32,86.0
2020,half,Deebo Samuel Sr.,,85,WR35,86.7
2020,half,Aaron Rodgers,PIT,86,QB10,90.0
2020,half,Tom Brady,,87,QB11,92.0
2020,half,Phillip Lindsay,,88,RB33,93.3
2020,half,Brandin Cooks,,89,WR36,93.7
2020,half,Marvin Jones Jr.,,90,WR37,93.7
2020,half,James White,,91,RB34,94.7
2020,half,Jared Cook,,92,TE10,95.0
2020,half,Marlon Mack,,93,RB35,95.7
2020,half,Matt Breida,,94,RB36,95.7
2020,half,Carson Wentz,MIN,95,QB12,99.0
2020,half,Sony Michel,,96,RB37,100.3
2020,half,San Francisco 49ers,DST,97,DST1,101.3
2020,half,Kerryon Johnson,,98,RB38,105.7
2020,half,Diontae Johnson,,99,WR38,106.0
2020,half,Zack Moss,,100,RB39,106.3
2020,half,Hayden Hurst,,101,TE11,106.7
2020,half,CeeDee Lamb,DAL,102,WR39,107.3
2020,half,Matthew Stafford,LAR,103,QB13,107.7
2020,half,Ke'Shawn Vaughn,,133,RB46,111.5
2020,half,Tarik Cohen,,104,RB40,112.0
2020,half,Pittsburgh Steelers,DST,105,DST2,113.0
2020,half,Darius Slayton,NYG,106,WR40,114.0
2020,half,Emmanuel Sanders,,107,WR41,114.0
2020,half,Jamison Crowder,,108,WR42,115.3
2020,half,Latavius Murray,,109,RB41,116.0
2020,half,Baltimore Ravens,DST,110,DST3,116.3
2020,half,Tevin Coleman,,111,RB42,117.3
2020,half,Austin Hooper,ATL,112,TE12,117.7
2020,half,Noah Fant,NO,113,TE13,118.0
2020,half,John Brown,,114,WR43,118.3
2020,half,Christian Kirk,SF,115,WR44,119.7
2020,half,Sterling Shepard,,116,WR45,119.7
2020,half,Jerry Jeudy,CLE,117,WR46,121.0
2020,half,Alexander Mattison,,118,RB43,122.0
2020,half,Alshon Jeffery,,181,WR63,123.0
2020,half,Ben Roethlisberger,,119,QB14,126.0
2020,half,Dallas Goedert,PHI,182,TE19,127.0
2020,half,Antonio Gibson,,120,RB44,127.3
2020,half,Anthony Miller,,150,WR54,127.5
2020,half,Buffalo Bills,DST,121,DST4,128.3
2020,half,Henry Ruggs,III,122,WR47,128.3
2020,half,Justin Tucker,,123,K1,130.0
2020,half,Darrell Henderson Jr.,,124,RB45,130.0
2020,half,Harrison Butker,KC,125,K2,132.3
2020,half,Daniel Jones,IND,126,QB15,132.3
2020,half,Chicago Bears,DST,127,DST5,134.0
2020,half,Mecole Hardman Jr.,BUF,128,WR48,134.3
2020,half,Mike Gesicki,CIN,129,TE14,135.7
2020,half,Golden Tate,,154,WR56,136.0
2020,half,Joe Burrow,CIN,130,QB16,137.0
2020,half,Justin Jefferson,MIN,131,WR49,138.0
2020,half,Baker Mayfield,TB,132,QB17,140.3
2020,half,Jimmy Garoppolo,LAR,159,QB21,140.5
2020,half,Tony Pollard,TEN,134,RB47,142.0
2020,half,New England Patriots,DST,135,DST6,143.7
2020,half,Jack Doyle,,192,TE24,144.0
2020,half,Preston Williams,,136,WR50,144.3
2020,half,Jalen Reagor,MIA,137,WR51,145.0
2020,half,T.J. Hockenson,MIN,138,TE15,146.0
2020,half,Jared Goff,DET,139,QB18,146.0
2020,half,DeSean Jackson,,141,WR52,146.7
2020,half,Wil Lutz,DEN,142,K3,147.0
2020,half,Chase Edmonds,WAS,143,RB48,147.0
2020,half,Robbie Chosen,,164,WR57,148.5
2020,half,Adrian Peterson,,144,RB49,148.7
2020,half,Sammy Watkins,,145,WR53,150.0
2020,half,Duke Johnson Jr.,,146,RB50,150.3
2020,half,Greg Zuerlein,,147,K4,151.0
2020,half,Boston Scott,,148,RB51,151.3
2020,half,Nyheim Miller-Hines,,169,RB57,151.5
2020,half,Minnesota Vikings,DST,149,DST7,151.7
2020,half,Mike Williams,,151,WR55,152.0
2020,half,AJ Dillon,CAR,153,RB53,156.0
2020,half,N'Keal Harry,,173,WR59,156.5
2020,half,New Orleans Saints,DST,155,DST8,157.7
2020,half,Ryan Tannehill,,156,QB20,158.0
2020,half,Eric Ebron,,175,TE18,158.5
2020,half,Jonnu Smith,,158,TE16,160.3
2020,half,Ryquell Armstead,,157,RB54,161.0
2020,half,Kirk Cousins,LV,179,QB25,161.0
2020,half,Teddy Bridgewater,DET,180,QB26,161.0
2020,half,Ian Thomas,LV,200,TE26,161.0
2020,half,Kansas City Chiefs,DST,160,DST9,163.3
2020,half,Drew Lock,SEA,161,QB22,163.7
2020,half,Philip Rivers,,162,QB23,164.3
2020,half,Hunter Renfrow,,183,WR64,164.5
2020,half,Derek Carr,,185,QB27,165.5
2020,half,Allen Lazard,,165,WR58,167.0
2020,half,Gardner Minshew II,ARI,166,QB24,167.0
2020,half,Robbie Gould,,168,K5,167.3
2020,half,Greg Olsen,,187,TE22,167.5
2020,half,LeSean McCoy,,188,RB60,168.5
2020,half,Justin Jackson,,170,RB58,168.7
2020,half,Blake Jarwin,,171,TE17,169.0
2020,half,Kyle Rudolph,,186,TE21,169.0
2020,half,Sam Darnold,SEA,205,QB29,170.0
2020,half,Darrel Williams,,172,RB59,170.3
2020,half,Breshad Perriman,,189,WR65,170.5
2020,half,Damien Harris,,152,RB52,171.0
2020,half,Chris Herndon,IV,190,TE23,171.0
2020,half,Jamaal Williams,,206,RB66,171.0
2020,half,Curtis Samuel,,191,WR66,172.0
2020,half,Dede Westbrook,,208,WR69,172.0
2020,half,Larry Fitzgerald,,174,WR60,172.3
2020,half,Michael Pittman Jr.,PIT,177,WR61,173.3
2020,half,Parris Campbell,,178,WR62,173.7
2020,half,Cam Newton,,140,QB19,174.7
2020,half,Denzel Mims,DAL,209,WR70,175.0
2020,half,Rashaad Penny,,212,RB68,176.0
2020,half,Antonio Brown,,213,WR71,178.0
2020,half,O.J. Howard,,195,TE25,178.5
2020,half,John Ross,,215,WR73,180.0
2020,half,Matt Prater,,176,K6,180.7
2020,half,Brandon Aiyuk,SF,198,WR67,183.0
2020,half,Chris Thompson,,167,RB56,183.3
2020,half,Corey Davis,,221,WR75,185.0
2020,half,Lamar Miller,,223,RB69,187.0
2020,half,Bryan Edwards,,201,WR68,187.7
2020,half,Irv Smith Jr.,,210,TE28,188.0
2020,half,Tee Higgins,CIN,225,WR76,188.0
2020,half,Los Angeles Rams,DST,217,DST11,191.0
2020,half,Los Angeles Chargers,DST,211,DST10,194.0
2020,half,Joshua Kelley,,199,RB64,195.0
2020,half,James Washington,,232,WR77,195.0
2020,half,Matt Gay,LV,220,K9,195.7
2020,half,Zane Gonzalez,MIA,202,K7,197.0
2020,half,Cincinnati Bengals,DST,236,DST19,197.0
2020,half,Jimmy Graham,,184,TE20,199.5
2020,half,Washington Commanders,DST,234,DST18,200.0
2020,half,Laviska Shenault Jr.,,214,WR72,202.5
2020,half,Kenny Stills,,238,WR78,205.0
2020,half,Devonta Freeman,,226,RB70,205.5
2020,half,Denver Broncos,DST,229,DST16,205.5
2020,half,Carlos Hyde,,193,RB61,206.7
2020,half,Josh Gordon,,239,WR79,207.0
2020,half,Justice Hill,BAL,240,RB71,209.0
2020,half,Darrynton Evans,,241,RB72,210.0
2020,half,Atlanta Falcons,DST,242,DST20,212.0
2020,half,Benny Snell Jr.,,203,RB65,212.5
2020,half,Philadelphia Eagles,DST,233,DST17,213.0
2020,half,Tyler Eifert,,204,TE27,214.0
2020,half,Randall Cobb,,243,WR80,214.0
2020,half,Chase Claypool,,216,WR74,214.5
2020,half,Devin Duvernay,ARI,244,WR81,215.0
2020,half,Malcolm Brown,,245,RB73,216.0
2020,half,Lynn Bowden Jr.,,246,WR82,217.0
2020,half,Ka'imi Fairbairn,HOU,228,K10,217.5
2020,half,Willie Snead,IV,247,WR83,218.0
2020,half,Jerick McKinnon,,196,RB62,218.3
2020,half,Michael Badgley,,230,K11,218.5
2020,half,Cole Beasley,,248,WR84,220.0
2020,half,Green Bay Packers,DST,222,DST13,220.5
2020,half,Jake Elliott,PHI,235,K13,221.0
2020,half,Anthony McFarland Jr.,,249,RB74,221.0
2020,half,Mason Crosby,,231,K12,222.0
2020,half,Detroit Lions,DST,250,DST21,222.0
2020,half,Tua Tagovailoa,ATL,194,QB28,225.5
2020,half,Brian Hill,,251,RB75,226.0
2020,half,Dallas Cowboys,DST,227,DST15,226.5
2020,half,Jalen Hurts,PHI,252,QB30,228.0
2020,half,Giovani Bernard,,253,RB76,229.0
2020,half,Tampa Bay Buccaneers,DST,218,DST12,229.5
2020,half,Indianapolis Colts,DST,224,DST14,229.5
2020,half,Dawson Knox,BUF,254,TE29,230.0
2020,half,Bryce Love,,197,RB63,231.5
2020,half,Ryan Fitzpatrick,,255,QB31,233.0
2020,half,Younghoe Koo,,219,K8,233.5
2020,half,Dan Bailey,,237,K14,234.0
2020,half,Royce Freeman,,256,RB77,234.0
2020,half,Mohamed Sanu Sr.,,257,WR85,235.0
2020,half,New York Jets,DST,258,DST22,236.0
2020,half,Devin Asiasi,,259,TE30,237.0
2020,half,C.J. Uzomah,,260,TE31,238.0
2020,half,Tennessee Titans,DST,261,DST23,239.0
2020,half,Jason Sanders,NYJ,262,K15,240.0
2020,half,Seattle Seahawks,DST,263,DST24,241.0
2020,half,Tyrod Taylor,GB,264,QB32,242.0
2020,half,Austin Seibert,,265,K16,243.0
2020,half,Derrius Guice,,163,RB55,243.5
2020,half,Frank Gore,,266,RB78,247.0
2020,half,Jace Sternberger,,267,TE32,252.0
2020,half,Andy Isabella,,268,WR86,253.0
2020,half,Eno Benjamin,,269,RB79,254.0
2020,half,Jalen Richard,,270,RB80,255.0
2020,half,David Njoku,LAC,271,TE33,258.0
2020,half,Sam Sloman,,272,K17,259.0
2020,half,Kendrick Bourne,ARI,273,WR87,261.0
2020,half,Josh Reynolds,,274,WR88,262.0
2020,half,James Robinson,,207,RB67,262.5
2020,half,Gus Edwards,,275,RB81,263.0
2020,half,Brandon McManus,,276,K18,265.0
2020,half,Will Dissly,,277,TE34,266.0
2020,half,Jaylen Samuels,,278,RB82,267.0
2020,half,Randy Bullock,,279,K19,268.0
2020,half,Dion Lewis,,280,RB83,269.0
2020,half,Cleveland Browns,DST,281,DST25,273.0
2020,half,Dustin Hopkins,,282,K20,275.0
2020,half,Danny Amendola,,283,WR89,276.0
2020,half,Tre'Quan Smith,,284,WR90,277.0
2020,half,La'Mical Perine,,285,RB84,279.0
2020,half,Eddy Pineiro,SF,286,K21,280.0
2020,half,Ito Smith,,287,RB85,281.0
2020,half,Joey Slye,TEN,289,K22,283.0
2020,half,Gerald Everett,,290,TE35,285.0
2020,half,Daniel Carlson,LV,291,K23,287.0
2020,half,Cole Kmet,CHI,292,TE36,288.0
2020,half,Chris Conley,,293,WR91,289.0
2020,half,KJ Hamler,,294,WR92,290.0
2020,half,Jason Myers,SEA,295,K24,291.0
2020,half,Sam Ficken,,296,K25,292.0
2020,half,Chris Boswell,PIT,297,K26,293.0
2020,half,Vance McDonald,,298,TE37,295.0
2020,half,Rex Burkhead,,299,RB86,296.0
2020,half,Jarrett Stidham,DEN,300,QB33,297.0
2020,half,Miles Boykin,,301,WR93,298.0
2020,half,Stephen Hauschka,,302,K27,299.0
2020,half,Justin Herbert,LAC,303,QB34,300.0
2020,half,Darwin Thompson,,304,RB87,301.0
2020,half,Auden Tate,,305,WR94,302.0
2020,half,Zach Pascal,,306,WR95,303.0
2020,half,Peyton Barber,,307,RB88,304.0
2020,half,Houston Texans,DST,308,DST26,305.0
2020,half,Stephen Gostkowski,,309,K28,307.0
2020,half,Steven Sims Jr.,,310,WR96,309.0
2020,half,Nelson Agholor,,311,WR97,310.0
2020,half,Nick Foles,,312,QB35,311.0
2020,half,Josh Lambo,,313,K29,312.0
2020,half,Phillip Dorsett II,LV,314,WR98,315.0
2020,half,Logan Thomas,,315,TE38,316.0
2020,half,Adam Humphries,,316,WR99,318.0
2020,half,Marquez Valdes-Scantling,DAL,317,WR100,319.0
2020,half,Cameron Brate,,318,TE39,320.0
2020,half,Russell Gage Jr.,,319,WR101,321.0
2020,half,Jacob Hollister,,320,TE40,322.0
2020,half,Mitchell Trubisky,TEN,321,QB36,323.0
2020,half,Patrick Laird,,322,RB89,324.0
2020,half,Demarcus Robinson,SF,323,WR102,325.0
2020,half,Darren Fells,,324,TE41,326.0
2020,half,Jacksonville Jaguars,DST,325,DST27,327.0
2020,half,J.J. Arcega-Whiteside,,326,WR103,328.0
2020,half,Dare Ogunbowale,,327,RB90,329.0
2020,half,Mike Boone,,328,RB91,330.0
2020,half,Van Jefferson,WAS,329,WR104,331.0
2020,half,Marcus Mariota,WAS,330,QB37,332.0
2020,half,Tajae Sharpe,,331,WR105,333.0
2020,half,Aldrick Rosas,,332,K30,334.0
2020,half,Mason Rudolph,PIT,333,QB38,335.0
2020,half,Antonio Gandy-Golden,,334,WR106,336.0
2020,half,David Moore,CAR,335,WR107,337.0
2020,half,Trey Burton,,336,TE42,338.0
2020,half,Jakobi Meyers,JAC,337,WR108,339.0
2020,half,Miami Dolphins,DST,338,DST28,340.0
2020,half,Kaden Smith,,339,TE43,341.0
2020,half,Kyle Juszczyk,SF,340,RB92,342.0
2020,half,Greg Ward,,341,WR109,343.0
2020,half,Devine Ozigbo,,342,RB93,344.0
2020,half,Jameis Winston,NYG,343,QB39,345.0
2020,half,Dan Arnold,,344,TE44,346.0
2020,half,Elliott Fry,,345,K31,347.0
2020,half,Arizona Cardinals,DST,346,DST29,348.0
2020,half,Jordan Reed,,347,TE45,349.0
2020,half,J.D. McKissic,,348,RB94,350.0
2020,half,Scotty Miller,CHI,349,WR110,351.0
2020,half,Adam Trautman,DEN,350,TE46,352.0
2020,half,Drew Sample,CIN,351,TE47,353.0
2020,half,Tyler Bass,BUF,352,K32,355.0
2020,half,Lirim Hajrullahu,,353,K33,356.0
2020,half,Cordarrelle Patterson,,354,RB95,357.0
2020,half,Bisi Johnson,,355,WR111,358.0
2020,half,T.J. Yeldon,,356,RB96,359.0
2020,half,Ryan Succop,,357,K34,360.0
2020,half,Bo Scarbrough,,358,RB97,361.0
2020,half,Wayne Gallman Jr.,,359,RB98,362.0
2020,half,Trent Taylor,,360,WR112,363.0
2020,half,Josiah Deguara,,361,TE48,364.0
2020,half,Carolina Panthers,DST,362,DST30,365.0
2020,half,Jordan Love,GB,363,QB40,366.0
2020,half,Jason Witten,,364,TE49,367.0
2020,half,Dante Pettis,NO,365,WR113,368.0
2020,half,Kyle Allen,BUF,366,QB41,369.0
2020,half,Damiere Byrd,,367,WR114,370.0
2020,half,Graham Gano,,368,K35,371.0
2020,half,Kalen Ballage,,369,RB99,372.0
2020,half,Ted Ginn Jr.,,370,WR115,373.0
2020,half,Rodrigo Blankenship,,371,K36,374.0
2020,half,Mike Davis,,372,RB100,375.0
2020,half,New York Giants,DST,373,DST31,376.0
2020,half,Ty Montgomery,II,374,RB101,377.0
2020,half,Quintez Cephus,,375,WR116,378.0
2020,half,DeeJay Dallas,JAC,376,RB102,379.0
2020,half,Rashard Higgins,,377,WR117,380.0
2020,half,Hakeem Butler,DEN,378,WR118,381.0
2020,half,Taysom Hill,,379,TE50,382.0
2020,half,Equanimeous St. Brown,,380,WR119,383.0
2020,half,Justin Watson,HOU,381,WR120,384.0
2020,half,Corey Clement,,382,RB103,385.0
2020,half,Gabe Davis,,383,WR121,387.0
2020,half,Deonte Harty,,384,WR122,388.0
2020,half,Demetrius Harris,,385,TE51,389.0
2020,half,Albert Okwuegbunam Jr.,LV,386,TE52,390.0
2020,half,J.J. Taylor,,387,RB104,391.0
2020,half,Mo Alie-Cox,IND,388,TE53,392.0
2020,half,Tim Tebow,,389,TE54,393.0
2020,half,Brett Maher,,390,K37,394.0
2020,half,John Hightower,,391,WR123,395.0
2020,ppr,Christian McCaffrey,SF,1,RB1,1.0
2020,ppr,Saquon Barkley,PHI,2,RB2,2.0
2020,ppr,Ezekiel Elliott,,3,RB3,3.0
2020,ppr,Dalvin Cook,,4,RB4,4.8
2020,ppr,Michael Thomas,,5,WR1,5.0
2020,ppr,Alvin Kamara,NO,6,RB5,5.3
2020,ppr,Derrick Henry,BAL,7,RB6,7.3
2020,ppr,Davante Adams,LAR,8,WR2,11.3
2020,ppr,Josh Jacobs,GB,9,RB7,12.0
2020,ppr,Joe Mixon,,10,RB8,12.8
2020,ppr,Clyde Edwards-Helaire,,11,RB9,14.0
2020,ppr,Miles Sanders,,12,RB10,14.0
2020,ppr,Austin Ekeler,,13,RB11,14.3
2020,ppr,Tyreek Hill,,14,WR3,14.8
2020,ppr,Nick Chubb,,15,RB12,15.0
2020,ppr,Kenyan Drake,,16,RB13,15.0
2020,ppr,Julio Jones,,17,WR4,15.3
2020,ppr,DeAndre Hopkins,BAL,18,WR5,15.5
2020,ppr,Aaron Jones Sr.,MIN,19,RB14,18.3
2020,ppr,Travis Kelce,KC,20,TE1,18.8
2020,ppr,Patrick Mahomes II,KC,21,QB1,20.0
2020,ppr,Chris Godwin Jr.,TB,22,WR6,20.8
2020,ppr,Lamar Jackson,BAL,23,QB2,21.0
2020,ppr,George Kittle,SF,24,TE2,23.3
2020,ppr,Kenny Golladay,,25,WR7,26.0
2020,ppr,Mike Evans,SF,26,WR8,27.0
2020,ppr,Chris Carson,,27,RB15,30.3
2020,ppr,DJ Moore,BUF,28,WR9,30.3
2020,ppr,Todd Gurley,II,29,RB16,30.8
2020,ppr,Allen Robinson,II,30,WR10,32.0
2020,ppr,Odell Beckham Jr.,NYG,31,WR11,32.0
2020,ppr,Adam Thielen,,32,WR12,32.3
2020,ppr,JuJu Smith-Schuster,NYG,33,WR13,33.8
2020,ppr,James Conner,ARI,34,RB17,34.8
2020,ppr,Amari Cooper,,35,WR14,35.3
2020,ppr,David Johnson,,36,RB18,35.3
2020,ppr,Le'Veon Bell,,37,RB19,37.8
2020,ppr,Cooper Kupp,SEA,38,WR15,38.0
2020,ppr,Melvin Gordon,III,39,RB20,40.5
2020,ppr,Zach Ertz,,40,TE3,42.0
2020,ppr,Mark Andrews,BAL,41,TE4,42.3
2020,ppr,A.J. Brown,NE,42,WR16,42.3
2020,ppr,Jonathan Taylor,IND,43,RB21,42.8
2020,ppr,Calvin Ridley,TEN,44,WR17,43.0
2020,ppr,Robert Woods,,45,WR18,46.0
2020,ppr,Courtland Sutton,DEN,46,WR19,46.5
2020,ppr,Keenan Allen,LAC,47,WR20,50.5
2020,ppr,Tyler Lockett,LV,48,WR21,51.0
2020,ppr,DK Metcalf,PIT,49,WR22,51.3
2020,ppr,Devin Singletary,NYG,50,RB22,53.8
2020,ppr,Dak Prescott,DAL,51,QB3,53.8
2020,ppr,DJ Chark Jr.,,52,WR23,54.3
2020,ppr,Raheem Mostert,LV,53,RB23,54.8
2020,ppr,Cam Akers,,54,RB24,54.8
2020,ppr,Mark Ingram,II,55,RB25,55.0
2020,ppr,Terry McLaurin,WAS,56,WR24,56.8
2020,ppr,T.Y. Hilton,,57,WR25,57.0
2020,ppr,Darren Waller,,58,TE5,57.3
2020,ppr,Kareem Hunt,,59,RB26,58.0
2020,ppr,Kyler Murray,MIN,60,QB4,58.5
2020,ppr,Deshaun Watson,CLE,61,QB5,59.0
2020,ppr,Leonard Fournette,,62,RB27,59.3
2020,ppr,Russell Wilson,,63,QB6,59.5
2020,ppr,DeVante Parker,,64,WR26,62.3
2020,ppr,Stefon Diggs,,65,WR27,63.0
2020,ppr,David Montgomery,HOU,66,RB28,63.8
2020,ppr,D'Andre Swift,CHI,67,RB29,65.8
2020,ppr,Hollywood Brown,PHI,68,WR28,69.8
2020,ppr,A.J. Green,,69,WR29,70.0
2020,ppr,Jarvis Landry,,70,WR30,73.0
2020,ppr,Evan Engram,DEN,71,TE6,73.5
2020,ppr,Tyler Boyd,,72,WR31,73.8
2020,ppr,Michael Gallup,,73,WR32,74.8
2020,ppr,William Fuller,,74,WR33,75.5
2020,ppr,Julian Edelman,,75,WR34,76.0
2020,ppr,Rob Gronkowski,,76,TE7,78.8
2020,ppr,James White,,77,RB30,80.8
2020,ppr,Tom Brady,,78,QB7,81.5
2020,ppr,Tyler Higbee,LAR,79,TE8,83.5
2020,ppr,Drew Brees,,80,QB8,83.8
2020,ppr,Matt Ryan,,81,QB9,84.8
2020,ppr,Deebo Samuel Sr.,,82,WR35,85.3
2020,ppr,J.K. Dobbins,DEN,83,RB31,85.8
2020,ppr,Hunter Henry,NE,84,TE9,86.5
2020,ppr,Tarik Cohen,,85,RB32,86.5
2020,ppr,Brandin Cooks,,86,WR36,87.5
2020,ppr,Ronald Jones,II,87,RB33,88.5
2020,ppr,Phillip Lindsay,,88,RB34,88.8
2020,ppr,Marvin Jones Jr.,,89,WR37,90.0
2020,ppr,Jordan Howard,,90,RB35,91.3
2020,ppr,Josh Allen,BUF,91,QB10,93.8
2020,ppr,Aaron Rodgers,PIT,92,QB11,97.5
2020,ppr,Marlon Mack,,93,RB36,99.3
2020,ppr,Kerryon Johnson,,94,RB37,99.8
2020,ppr,Matt Breida,,95,RB38,100.5
2020,ppr,Diontae Johnson,,96,WR38,100.5
2020,ppr,Antonio Gibson,,97,RB39,101.0
2020,ppr,Christian Kirk,SF,98,WR39,102.5
2020,ppr,Zack Moss,,99,RB40,103.5
2020,ppr,CeeDee Lamb,DAL,100,WR40,104.5
2020,ppr,Jamison Crowder,,101,WR41,104.8
2020,ppr,Carson Wentz,MIN,102,QB12,105.3
2020,ppr,Jared Cook,,103,TE10,105.5
2020,ppr,Sterling Shepard,,104,WR42,105.5
2020,ppr,Hayden Hurst,,105,TE11,106.3
2020,ppr,Emmanuel Sanders,,106,WR43,106.5
2020,ppr,San Francisco 49ers,DST,107,DST1,107.5
2020,ppr,Latavius Murray,,108,RB41,107.5
2020,ppr,Matthew Stafford,LAR,109,QB13,110.5
2020,ppr,Sony Michel,,110,RB42,112.3
2020,ppr,Tevin Coleman,,111,RB43,113.5
2020,ppr,Jerry Jeudy,CLE,112,WR44,114.8
2020,ppr,Darius Slayton,NYG,113,WR45,115.0
2020,ppr,Noah Fant,NO,114,TE12,115.0
2020,ppr,Pittsburgh Steelers,DST,115,DST2,115.3
2020,ppr,Henry Ruggs,III,116,WR46,116.5
2020,ppr,John Brown,,117,WR47,117.0
2020,ppr,Alexander Mattison,,118,RB44,121.8
2020,ppr,Austin Hooper,ATL,119,TE13,122.0
2020,ppr,Baltimore Ravens,DST,120,DST3,123.8
2020,ppr,Justin Jefferson,MIN,121,WR48,125.0
2020,ppr,Preston Williams,,122,WR49,128.3
2020,ppr,Buffalo Bills,DST,123,DST4,128.5
2020,ppr,Darrell Henderson Jr.,,124,RB45,128.8
2020,ppr,Daniel Jones,IND,125,QB14,131.3
2020,ppr,Duke Johnson Jr.,,126,RB46,131.5
2020,ppr,Mecole Hardman Jr.,BUF,127,WR50,133.0
2020,ppr,Ben Roethlisberger,,128,QB15,133.8
2020,ppr,Justin Tucker,,129,K1,134.0
2020,ppr,T.J. Hockenson,MIN,130,TE14,134.8
2020,ppr,Boston Scott,,131,RB47,135.0
2020,ppr,Harrison Butker,KC,132,K2,135.8
2020,ppr,Tony Pollard,TEN,133,RB48,136.5
2020,ppr,Golden Tate,,134,WR51,137.3
2020,ppr,Robbie Chosen,,135,WR52,138.8
2020,ppr,Anthony Miller,,136,WR53,139.3
2020,ppr,Mike Gesicki,CIN,137,TE15,139.3
2020,ppr,Chase Edmonds,WAS,138,RB49,139.8
2020,ppr,DeSean Jackson,,139,WR54,141.5
2020,ppr,New England Patriots,DST,140,DST5,142.0
2020,ppr,Jared Goff,DET,141,QB16,143.5
2020,ppr,Eric Ebron,,187,TE20,146.0
2020,ppr,Chicago Bears,DST,142,DST6,146.3
2020,ppr,Baker Mayfield,TB,143,QB17,148.3
2020,ppr,Wil Lutz,DEN,144,K3,149.0
2020,ppr,Dallas Goedert,PHI,189,TE21,149.0
2020,ppr,Nyheim Miller-Hines,,145,RB50,149.5
2020,ppr,Joe Burrow,CIN,146,QB18,149.5
2020,ppr,Mike Williams,,147,WR55,149.8
2020,ppr,Sammy Watkins,,148,WR56,153.5
2020,ppr,Ryquell Armstead,,149,RB51,156.8
2020,ppr,Ryan Tannehill,,150,QB19,157.5
2020,ppr,Curtis Samuel,,194,WR65,158.3
2020,ppr,Cam Newton,,151,QB20,159.5
2020,ppr,Minnesota Vikings,DST,152,DST7,160.0
2020,ppr,Jonnu Smith,,153,TE16,160.3
2020,ppr,Jalen Reagor,MIA,154,WR57,160.5
2020,ppr,Greg Zuerlein,,155,K4,161.5
2020,ppr,Jack Doyle,,156,TE17,161.5
2020,ppr,Chris Herndon,IV,157,TE18,161.8
2020,ppr,Ke'Shawn Vaughn,,196,RB59,162.3
2020,ppr,N'Keal Harry,,158,WR58,163.3
2020,ppr,Jimmy Garoppolo,LAR,159,QB21,163.5
2020,ppr,Allen Lazard,,160,WR59,165.3
2020,ppr,Blake Jarwin,,161,TE19,165.5
2020,ppr,Kirk Cousins,LV,199,QB25,166.7
2020,ppr,Breshad Perriman,,162,WR60,166.8
2020,ppr,Alshon Jeffery,,200,WR66,167.0
2020,ppr,Brandon Aiyuk,SF,163,WR61,167.5
2020,ppr,Michael Pittman Jr.,PIT,164,WR62,168.0
2020,ppr,Hunter Renfrow,,225,WR71,168.0
2020,ppr,Justin Jackson,,165,RB52,168.3
2020,ppr,Adrian Peterson,,166,RB53,168.5
2020,ppr,AJ Dillon,CAR,167,RB54,169.5
2020,ppr,Damien Harris,,168,RB55,170.8
2020,ppr,New Orleans Saints,DST,169,DST8,172.8
2020,ppr,Robbie Gould,,170,K5,174.0
2020,ppr,Jamaal Williams,,228,RB67,174.0
2020,ppr,Chris Thompson,,171,RB56,174.5
2020,ppr,Darrel Williams,,172,RB57,174.5
2020,ppr,Philip Rivers,,173,QB22,177.3
2020,ppr,Parris Campbell,,174,WR63,177.8
2020,ppr,Gardner Minshew II,ARI,175,QB23,181.0
2020,ppr,Denzel Mims,DAL,233,WR72,181.0
2020,ppr,Drew Lock,SEA,176,QB24,181.8
2020,ppr,John Ross,,293,WR86,182.0
2020,ppr,Larry Fitzgerald,,177,WR64,182.8
2020,ppr,Kansas City Chiefs,DST,178,DST9,183.8
2020,ppr,Zane Gonzalez,MIA,179,K6,185.3
2020,ppr,Los Angeles Chargers,DST,180,DST10,187.5
2020,ppr,Los Angeles Rams,DST,181,DST11,189.5
2020,ppr,Matt Prater,,182,K7,189.8
2020,ppr,Teddy Bridgewater,DET,202,QB26,191.3
2020,ppr,Ian Thomas,LV,235,TE28,191.5
2020,ppr,Joshua Kelley,,203,RB61,193.7
2020,ppr,Indianapolis Colts,DST,183,DST12,194.0
2020,ppr,Lamar Miller,,299,RB86,195.0
2020,ppr,Denver Broncos,DST,205,DST16,197.0
2020,ppr,Bryce Love,,206,RB62,199.7
2020,ppr,Tee Higgins,CIN,238,WR73,201.5
2020,ppr,Tampa Bay Buccaneers,DST,184,DST13,202.5
2020,ppr,Randall Cobb,,207,WR68,202.7
2020,ppr,Greg Olsen,,208,TE22,202.7
2020,ppr,Derek Carr,,209,QB27,203.3
2020,ppr,Darrynton Evans,,240,RB69,204.0
2020,ppr,Younghoe Koo,,185,K8,204.5
2020,ppr,Justice Hill,BAL,307,RB87,206.0
2020,ppr,Jake Elliott,PHI,186,K9,206.3
2020,ppr,Irv Smith Jr.,,210,TE23,206.3
2020,ppr,Matt Gay,LV,188,K10,208.0
2020,ppr,Carlos Hyde,,211,RB63,209.0
2020,ppr,O.J. Howard,,212,TE24,209.0
2020,ppr,Philadelphia Eagles,DST,190,DST14,210.0
2020,ppr,Seattle Seahawks,DST,191,DST15,210.8
2020,ppr,Cincinnati Bengals,DST,311,DST29,211.0
2020,ppr,Cole Beasley,,213,WR69,211.3
2020,ppr,James Washington,,242,WR74,211.5
2020,ppr,Kyle Rudolph,,214,TE25,212.0
2020,ppr,Dede Westbrook,,243,WR75,212.0
2020,ppr,Benny Snell Jr.,,192,RB58,213.0
2020,ppr,Corey Davis,,244,WR76,213.0
2020,ppr,Devin Duvernay,ARI,314,WR91,213.0
2020,ppr,LeSean McCoy,,215,RB64,214.0
2020,ppr,Tennessee Titans,DST,216,DST17,214.3
2020,ppr,Devonta Freeman,,217,RB65,214.3
2020,ppr,Chris Boswell,PIT,193,K11,214.5
2020,ppr,Dan Bailey,,195,K12,216.8
2020,ppr,Willie Snead,IV,316,WR93,217.0
2020,ppr,Rashaad Penny,,248,RB70,218.0
2020,ppr,Sam Darnold,SEA,218,QB28,218.3
2020,ppr,Dallas Cowboys,DST,219,DST18,218.7
2020,ppr,Jerick McKinnon,,197,RB60,220.3
2020,ppr,Ka'imi Fairbairn,HOU,198,K13,220.8
2020,ppr,Jalen Richard,,249,RB71,221.5
2020,ppr,Laviska Shenault Jr.,,250,WR77,221.5
2020,ppr,Brian Hill,,252,RB72,222.5
2020,ppr,Mohamed Sanu Sr.,,319,WR94,223.0
2020,ppr,Mason Crosby,,220,K15,223.3
2020,ppr,Antonio Brown,,221,WR70,224.3
2020,ppr,Colin Kaepernick,,320,QB35,225.0
2020,ppr,Anthony McFarland Jr.,,254,RB73,226.5
2020,ppr,Malcolm Brown,,255,RB74,229.0
2020,ppr,Atlanta Falcons,DST,256,DST22,229.5
2020,ppr,Kenny Stills,,257,WR78,230.5
2020,ppr,Giovani Bernard,,258,RB75,234.5
2020,ppr,Chase Claypool,,259,WR79,235.5
2020,ppr,Dion Lewis,,261,RB76,238.5
2020,ppr,Ito Smith,,262,RB77,239.0
2020,ppr,Mike Thomas,,325,WR96,239.0
2020,ppr,Jason Myers,SEA,222,K16,239.7
2020,ppr,Bryan Edwards,,201,WR67,239.8
2020,ppr,Brandon McManus,,223,K17,240.7
2020,ppr,Jimmy Graham,,224,TE26,241.0
2020,ppr,Austin Seibert,,263,K21,241.5
2020,ppr,Las Vegas Raiders,DST,326,DST31,242.0
2020,ppr,Ryan Succop,,204,K14,243.3
2020,ppr,Jaylen Samuels,,264,RB78,243.5
2020,ppr,Washington Commanders,DST,226,DST19,243.7
2020,ppr,Dawson Knox,BUF,265,TE33,244.5
2020,ppr,Marshawn Lynch,,327,RB89,245.0
2020,ppr,Jalen Hurts,PHI,266,QB31,245.5
2020,ppr,James Robinson,,227,RB66,245.7
2020,ppr,Justin Rohrwasser,,329,K31,246.0
2020,ppr,Tyrod Taylor,GB,267,QB32,247.5
2020,ppr,Stephen Gostkowski,,229,K18,247.7
2020,ppr,Will Dissly,,230,TE27,247.7
2020,ppr,Danny Amendola,,330,WR97,248.0
2020,ppr,Nick Folk,ATL,331,K32,249.0
2020,ppr,Adam Vinatieri,,332,K33,250.0
2020,ppr,Green Bay Packers,DST,231,DST20,250.3
2020,ppr,Devine Ozigbo,,232,RB68,250.7
2020,ppr,Lynn Bowden Jr.,,268,WR80,251.0
2020,ppr,Max McCaffrey,,333,WR98,251.0
2020,ppr,Andy Isabella,,334,WR99,252.0
2020,ppr,David Njoku,LAC,269,TE34,253.0
2020,ppr,Ryan Fitzpatrick,,270,QB33,253.5
2020,ppr,Tua Tagovailoa,ATL,234,QB29,254.3
2020,ppr,Royce Freeman,,271,RB79,255.5
2020,ppr,Andrew Luck,,335,QB37,256.0
2020,ppr,Josh Reynolds,,336,WR100,257.0
2020,ppr,Patrick Ricard,NYG,337,RB91,257.0
2020,ppr,Isaiah Wright,,338,WR101,258.0
2020,ppr,Peyton Barber,,272,RB80,259.0
2020,ppr,Mark Sanchez,,339,QB38,259.0
2020,ppr,Rex Burkhead,,273,RB81,259.5
2020,ppr,Detroit Lions,DST,274,DST24,260.0
2020,ppr,Jake Butt,,340,TE45,260.0
2020,ppr,Josh Lambo,,237,K19,261.7
2020,ppr,Joey Slye,TEN,275,K22,262.5
2020,ppr,New York Jets,DST,276,DST25,263.0
2020,ppr,C.J. Uzomah,,277,TE35,263.0
2020,ppr,Frank Gore,,278,RB82,264.0
2020,ppr,Javon Leake,,341,RB92,264.0
2020,ppr,Rodrigo Blankenship,,239,K20,266.0
2020,ppr,Vance McDonald,,280,TE36,267.0
2020,ppr,Nathan Peterman,,342,QB39,267.0
2020,ppr,Tyler Eifert,,241,TE29,268.0
2020,ppr,Malik Taylor,,343,WR102,268.0
2020,ppr,Tre'Quan Smith,,281,WR81,268.5
2020,ppr,John Wolford,,344,QB40,269.0
2020,ppr,Sebastian Janikowski,,345,K34,270.0
2020,ppr,Nick Boyle,,346,TE46,272.0
2020,ppr,Stephen Hauschka,,282,K23,272.5
2020,ppr,Devin Asiasi,,245,TE30,272.7
2020,ppr,Houston Texans,DST,246,DST21,273.0
2020,ppr,Jace Sternberger,,247,TE31,273.0
2020,ppr,Tyre Brady,,347,WR103,273.0
2020,ppr,Steven Sims Jr.,,283,WR82,274.0
2020,ppr,Cody Parkey,,348,K35,274.0
2020,ppr,Robert Griffin,III,349,QB41,275.0
2020,ppr,Chris Conley,,350,WR104,275.0
2020,ppr,Gus Edwards,,351,RB93,276.0
2020,ppr,Noah Togiai,,352,TE47,276.0
2020,ppr,Gerald Everett,,284,TE37,276.5
2020,ppr,KJ Hamler,,355,WR105,278.0
2020,ppr,Cole McDonald,,356,QB43,278.0
2020,ppr,Mitchell Trubisky,TEN,251,QB30,278.3
2020,ppr,Josh Gordon,,286,WR83,278.5
2020,ppr,Dustin Hopkins,,287,K25,278.5
2020,ppr,Matt Barkley,,357,QB44,279.0
2020,ppr,La'Mical Perine,,288,RB83,280.0
2020,ppr,Kai Forbath,,358,K37,280.0
2020,ppr,Cole Kmet,CHI,253,TE32,281.0
2020,ppr,Michael Badgley,,289,K26,282.0
2020,ppr,Jason Sanders,NYJ,290,K27,282.0
2020,ppr,Derek Watt,,359,RB94,282.0
2020,ppr,Anthony Gordon,,361,QB45,283.0
2020,ppr,Eno Benjamin,,362,RB95,283.0
2020,ppr,Miles Boykin,,363,WR107,284.0
2020,ppr,Randy Bullock,,364,K38,285.0
2020,ppr,Jared Pinkney,,365,TE48,285.0
2020,ppr,Nelson Agholor,,291,WR84,285.5
2020,ppr,Mike Nugent,,366,K39,286.0
2020,ppr,J.D. McKissic,,294,RB84,287.0
2020,ppr,Jarrett Stidham,DEN,367,QB46,287.0
2020,ppr,J.J. Taylor,,368,RB96,287.0
2020,ppr,Jameis Winston,NYG,295,QB34,287.5
2020,ppr,Marquez Valdes-Scantling,DAL,296,WR87,287.5
2020,ppr,Jacksonville Jaguars,DST,260,DST23,288.0
2020,ppr,Auden Tate,,297,WR88,288.0
2020,ppr,J.J. Jones,,369,WR108,288.0
2020,ppr,Justin Herbert,LAC,370,QB47,288.0
2020,ppr,Xavier Jones,,371,RB97,289.0
2020,ppr,Dez Bryant,,372,WR109,290.0
2020,ppr,Darwin Thompson,,298,RB85,291.0
2020,ppr,Zach Pascal,,373,WR110,291.0
2020,ppr,Will Hastings,,374,WR111,291.0
2020,ppr,Taysom Hill,,300,TE38,294.0
2020,ppr,Daniel Carlson,LV,301,K28,294.5
2020,ppr,Rico Dowdle,PIT,375,RB98,295.0
2020,ppr,Arizona Cardinals,DST,302,DST27,296.0
2020,ppr,Sean McKeon,IND,376,TE49,296.0
2020,ppr,Cameron Brate,,303,TE39,296.5
2020,ppr,Russell Gage Jr.,,304,WR89,296.5
2020,ppr,Carolina Panthers,DST,305,DST28,297.5
2020,ppr,Scotty Miller,CHI,306,WR90,297.5
2020,ppr,Mike Davis,,308,RB88,299.0
2020,ppr,Eddy Pineiro,SF,309,K29,299.0
2020,ppr,Sam Ficken,,310,K30,299.5
2020,ppr,David Moore,CAR,379,WR112,300.0
2020,ppr,Jason Witten,,312,TE40,301.0
2020,ppr,New York Giants,DST,313,DST30,301.0
2020,ppr,Anthony Sherman,,380,RB101,301.0
2020,ppr,Van Jefferson,WAS,315,WR92,302.0
2020,ppr,Josh Hill,,381,TE50,302.0
2020,ppr,Darius Anderson,,382,RB102,303.0
2020,ppr,Jordan Reed,,317,TE41,304.0
2020,ppr,Matt Bryant,,383,K40,304.0
2020,ppr,Darren Fells,,318,TE42,305.5
2020,ppr,Terry Godwin,,384,WR113,306.0
2020,ppr,Adam Humphries,,386,WR114,307.0
2020,ppr,Ricky Seals-Jones,,387,TE51,307.0
2020,ppr,J.J. Arcega-Whiteside,,321,WR95,308.5
2020,ppr,Jamaal Charles,,388,RB103,309.0
2020,ppr,Dan Arnold,,322,TE43,310.0
2020,ppr,Phillip Dorsett II,LV,389,WR115,310.0
2020,ppr,Tyree Jackson,,390,TE52,311.0
2020,ppr,Jacob Hollister,,323,TE44,312.0
2020,ppr,Trishton Jackson,,391,WR116,313.0
2020,ppr,Nick Foles,,324,QB36,313.5
2020,ppr,Adrian Killins Jr.,,392,RB104,314.0
2020,ppr,Sam Sloman,,393,K41,314.0
2020,ppr,Tyler Bass,BUF,285,K24,315.0
2020,ppr,Blake Bell,,395,TE53,315.0
2020,ppr,Andy Dalton,PHI,397,QB49,316.0
2020,ppr,Thaddeus Moss,,399,TE54,317.0
2020,ppr,Kyle Juszczyk,SF,328,RB90,318.0
2020,ppr,Delanie Walker,,400,TE55,318.0
2020,ppr,Dan Chisena,CAR,401,WR118,319.0
2020,ppr,Cleveland Browns,DST,279,DST26,319.7
2020,ppr,Sam Bradford,,402,QB50,320.0
2020,ppr,Marcedes Lewis,,405,TE57,321.0
2020,ppr,Demarcus Robinson,SF,406,WR120,321.0
2020,ppr,Lil'Jordan Humphrey,DEN,407,WR121,323.0
2020,ppr,Joe Flacco,CIN,408,QB51,325.0
2020,ppr,Dare Ogunbowale,,409,RB106,325.0
2020,ppr,Brandon Marshall,,410,WR122,326.0
2020,ppr,Mike Boone,,411,RB107,326.0
2020,ppr,Marcus Mariota,WAS,412,QB52,327.0
2020,ppr,Tajae Sharpe,,413,WR123,328.0
2020,ppr,Carson Meier,,414,TE58,328.0
2020,ppr,Kendrick Bourne,ARI,292,WR85,330.0
2020,ppr,Jeff Thomas,,415,WR124,330.0
2020,ppr,KJ Hill Jr.,,416,WR125,331.0
2020,ppr,Jordan Chunn,,417,RB108,332.0
2020,ppr,Logan Thomas,,418,TE59,333.0
2020,ppr,Jordan Love,GB,353,QB42,334.0
2020,ppr,Graham Gano,,354,K36,334.0
2020,ppr,Jon Hilliman,,419,RB109,335.0
2020,ppr,Jordy Nelson,,420,WR126,336.0
2020,ppr,Antonio Gandy-Golden,,421,WR127,336.0
2020,ppr,Justin Watson,HOU,360,WR106,336.5
2020,ppr,Dalton Schultz,HOU,422,TE60,337.0
2020,ppr,Jakobi Meyers,JAC,423,WR128,337.0
2020,ppr,Byron Pringle,,424,WR129,338.0
2020,ppr,Harrison Bryant,SEA,426,TE62,339.0
2020,ppr,Greg Ward,,428,WR130,340.0
2020,ppr,Donovan Peoples-Jones,,429,WR131,340.0
2020,ppr,Miami Dolphins,DST,430,DST32,341.0
2020,ppr,Reggie Begelton,,431,WR132,341.0
2020,ppr,Jesse James,,432,TE64,342.0
2020,ppr,Jake Fromm,,433,QB53,343.0
2020,ppr,Cordarrelle Patterson,,377,RB99,343.5
2020,ppr,Derrius Guice,,378,RB100,344.0
2020,ppr,Riley Ridley,,434,WR133,344.0
2020,ppr,Colt McCoy,,437,QB54,345.0
2020,ppr,Phil Dawson,,438,K43,346.0
2020,ppr,Elliott Fry,,439,K44,346.0
2020,ppr,Jeremy Sprinkle,,440,TE66,347.0
2020,ppr,Cairo Santos,CHI,441,K45,348.0
2020,ppr,Mason Rudolph,PIT,385,QB48,348.5
2020,ppr,Quincy Adeboyejo,,442,WR134,349.0
2020,ppr,Tommy Stevens,,444,QB55,350.0
2020,ppr,Alex Smith,,445,QB56,351.0
2020,ppr,Rashard Higgins,,394,WR117,352.5
2020,ppr,Nate Stanley,,447,QB57,353.0
2020,ppr,Aldrick Rosas,,398,K42,353.5
2020,ppr,Robert Tonyan,PIT,448,TE68,354.0
2020,ppr,Bo Scarbrough,,449,RB111,354.0
2020,ppr,Wayne Gallman Jr.,,450,RB112,355.0
2020,ppr,Albert Okwuegbunam Jr.,LV,403,TE56,355.5
2020,ppr,Deonte Harty,,404,WR119,355.5
2020,ppr,Trent Taylor,,451,WR136,356.0
2020,ppr,Giorgio Tavecchio,,452,K46,357.0
2020,ppr,J.J. Nelson,,453,WR137,358.0
2020,ppr,Luke Willson,,454,TE69,359.0
2020,ppr,Blake Bortles,,456,QB58,360.0
2020,ppr,Ray-Ray McCloud,III,457,WR138,361.0
2020,ppr,Bradley Sowell,,458,OL,362.0
2020,ppr,Salvon Ahmed,CHI,459,RB113,364.0
2020,ppr,Adam Trautman,DEN,427,TE63,365.0
2020,ppr,Jauan Jennings,MIN,460,WR139,365.0
2020,ppr,LeGarrette Blount,,462,RB114,366.0
2020,ppr,Damiere Byrd,,464,WR141,367.0
2020,ppr,Matt McCrane,,465,K47,367.0
2020,ppr,Demetrius Harris,,435,TE65,367.5
2020,ppr,T.J. Yeldon,,436,RB110,367.5
2020,ppr,Davion Davis,,466,WR142,368.0
2020,ppr,Ted Ginn Jr.,,467,WR143,369.0
2020,ppr,P.J. Walker,,468,QB60,370.0
2020,ppr,Reggie Gilliam,NE,469,RB115,371.0
2020,ppr,Kirk Merritt,,470,WR144,372.0
2020,ppr,Quintez Cephus,,472,WR146,373.0
2020,ppr,JaMycal Hasty,,473,RB116,373.0
2020,ppr,Jaeden Graham,,474,TE71,374.0
2020,ppr,DeeJay Dallas,JAC,475,RB117,374.0
2020,ppr,Dalton Keene,,476,DT,375.0
2020,ppr,Matthew Slater,,477,WR147,377.0
2020,ppr,Equanimeous St. Brown,,478,WR148,377.0
2020,ppr,Geno Smith,NYJ,479,QB61,378.0
2020,ppr,Ty Montgomery,II,480,RB118,379.0
2020,ppr,Jazz Ferguson,,481,WR149,380.0
2020,ppr,Corey Clement,,482,RB119,381.0
2020,ppr,Kaden Smith,,425,TE61,382.5
2020,ppr,David Blough,,483,QB62,383.0
2020,ppr,Kyle Allen,BUF,463,QB59,383.5
2020,ppr,Pharoh Cooper,,484,WR150,384.0
2020,ppr,Tim Tebow,,485,TE72,385.0
2020,ppr,Ryan Griffin,,486,TE73,385.0
2020,ppr,Nick Fitzgerald,,487,QB63,387.0
2020,ppr,Blaine Gabbert,,488,QB64,388.0
2020,ppr,Cedrick Wilson Jr.,DET,489,WR151,389.0
2020,ppr,Tim Patrick,NYJ,490,WR152,390.0
2020,ppr,Chandler Cox,,491,RB120,391.0
2020,ppr,Patrick Laird,,396,RB105,392.0
2020,ppr,Michael Crabtree,,492,WR153,392.0
2020,ppr,Nick Vannett,LAR,493,TE74,393.0
2020,ppr,Josiah Deguara,,455,TE70,393.5
2020,ppr,Ameer Abdullah,JAC,494,RB121,394.0
2020,ppr,Bisi Johnson,,446,WR135,394.5
2020,ppr,Brett Maher,,495,K48,395.0
2020,ppr,Joshua Dobbs,,496,QB65,396.0
2020,ppr,Charles Jones,,497,TE75,397.0
2020,ppr,Dante Pettis,NO,461,WR140,398.0
2020,ppr,Deon Yelder,,498,TE76,398.0
2020,ppr,Marcus Kemp,,499,WR154,399.0
2020,ppr,Foster Moreau,HOU,500,TE77,400.0
2020,ppr,DeAndrew White,,501,WR155,402.0
2020,ppr,Chris Manhertz,NYG,502,TE78,403.0
2020,ppr,C.J. Ham,,503,RB122,404.0
2020,ppr,LeVante Bellamy,,504,RB123,405.0
2020,ppr,Jay Ajayi,,505,RB124,406.0
2020,ppr,Drew Sample,CIN,443,TE67,407.0
2020,ppr,Noah Brown,,506,WR156,407.0
2020,ppr,Josh Adams,,507,RB125,408.0
2020,ppr,Chad Henne,,508,QB66,409.0
2020,ppr,Chandler Catanzaro,,509,K49,410.0
2020,ppr,Austin Walter,,510,RB126,411.0
2020,ppr,Andy Jones,,511,WR157,412.0
2020,ppr,Trace McSorley,,512,QB67,413.0
2020,ppr,Tim Boyle,,513,QB68,414.0
2020,ppr,Brycen Hopkins,,514,TE79,415.0
2020,ppr,Stephen Sullivan,,515,TE80,416.0
2020,ppr,Travis Homer,PIT,516,RB127,417.0
2020,ppr,Ryan Griffin,,517,QB69,418.0
2020,ppr,Caleb Sturgis,,518,K50,420.0
2020,ppr,Zach Gentry,,519,TE81,421.0
2020,ppr,Andy Janovich,,520,RB128,422.0
2020,ppr,Hakeem Butler,DEN,471,WR145,422.5
2020,ppr,Samaje Perine,CIN,521,RB129,423.0
2020,ppr,Olamide Zaccheaus,ATL,522,WR158,424.0
2020,ppr,Matt Cassel,,523,QB70,425.0
2020,ppr,Patrick DiMarco,,524,RB130,426.0
2020,ppr,Jacquizz Rodgers,,525,RB131,430.0
2020,ppr,Chad Beebe,,526,WR159,432.0
2020,ppr,Zay Jones,,527,WR160,433.0
2020,ppr,Doug Martin,,528,RB132,434.0
2020,ppr,Kalen Ballage,,529,RB133,435.0
2020,ppr,Ty Johnson,BUF,530,RB134,436.0
2020,ppr,Tyler Ervin,,531,RB135,438.0
2020,ppr,Elijah Holyfield,,532,RB136,439.0
2020,ppr,Devlin Hodges,,533,QB71,440.0
2020,ppr,Tyler Kroft,,534,TE82,442.0
2020,ppr,Tyrie Cleveland,,535,WR161,443.0
2020,ppr,D'Onta Foreman,,536,RB137,444.0
2020,ppr,Corey Coleman,,537,WR162,445.0
2020,ppr,James Proche,II,538,WR163,446.0
2020,ppr,Brock Osweiler,,539,QB72,447.0
2020,ppr,Ryan Izzo,,540,TE83,448.0
2020,ppr,Keke Coutee,,541,WR164,449.0
2020,ppr,Malcolm Perry,,542,WR165,450.0
2020,ppr,AJ McCarron,,543,QB73,451.0
2020,ppr,Mo Alie-Cox,IND,544,TE84,452.0
2020,ppr,KeeSean Johnson,,545,WR166,453.0
2020,ppr,DaeSean Hamilton,,546,WR167,454.0
2020,ppr,DeAndre Carter,,547,WR168,456.0
2020,ppr,Ed Dickson,,548,TE85,457.0
2020,ppr,Khalfani Muhammad,,549,RB138,458.0
2020,ppr,Ventell Bryant,,550,WR169,459.0
2020,ppr,Gabe Davis,,551,WR170,461.0
2020,ppr,Will Grier,,552,QB74,462.0
2020,ppr,Trenton Irwin,,553,WR171,464.0
2020,ppr,Kapri Bibbs,,554,RB139,466.0
2020,ppr,Elijhaa Penny,,555,RB140,467.0
2020,ppr,Collin Johnson,,556,WR172,468.0
2020,ppr,Michael Burton,CLE,557,RB141,470.0
2020,ppr,Rod Smith,,558,RB142,471.0
2020,ppr,John Ursua,,559,WR173,474.0
2020,ppr,John Hightower,,560,WR174,475.0
2020,ppr,Dalyn Dawkins,,561,RB143,476.0
2020,ppr,Darius Jackson,,562,RB144,477.0
2020,ppr,Dwayne Washington,,563,RB145,478.0
2020,ppr,Freddie Swain,,564,WR175,480.0
2020,ppr,Maxx Williams,,565,TE86,481.0
2020,ppr,Wendell Smallwood,,566,RB146,482.0
2020,ppr,Jaron Brown,,567,WR176,483.0
2020,ppr,Josh McCown,,568,QB75,484.0
2020,ppr,Drew Stanton,,569,QB76,485.0
2020,ppr,Andrew Beck,NYJ,570,TE87,486.0
2020,ppr,Jason Huntley,,571,RB147,488.0
2020,ppr,Demaryius Thomas,,572,WR177,489.0
2020,ppr,Alex Barnes,,573,RB148,490.0
2020,ppr,Braxton Berrios,NYG,574,WR178,491.0
2020,ppr,Isaiah Crowell,,575,RB149,492.0
2020,ppr,Dexter Williams,,576,RB150,493.0
2020,ppr,Roosevelt Nix,,577,RB151,494.0
2020,ppr,Marquez Callaway,,578,WR179,495.0
2020,ppr,Jaydon Mickens,,579,WR180,496.0
2020,ppr,D.J. Foster,,580,RB152,497.0
2020,ppr,Raymond Calais,,581,RB153,498.0
2020,ppr,Trenton Cannon,,582,RB154,499.0
2020,ppr,Brian Hoyer,,583,QB77,500.0
2020,standard,Christian McCaffrey,SF,1,RB1,1.0
2020,standard,Saquon Barkley,PHI,2,RB2,2.3
2020,standard,Ezekiel Elliott,,3,RB3,2.7
2020,standard,Derrick Henry,BAL,4,RB4,4.7
2020,standard,Dalvin Cook,,5,RB5,5.7
2020,standard,Michael Thomas,,6,WR1,6.3
2020,standard,Alvin Kamara,NO,7,RB6,6.3
2020,standard,Nick Chubb,,8,RB7,11.0
2020,standard,Clyde Edwards-Helaire,,9,RB8,12.0
2020,standard,Joe Mixon,,10,RB9,12.0
2020,standard,Davante Adams,LAR,11,WR2,12.3
2020,standard,Josh Jacobs,GB,12,RB10,12.3
2020,standard,Tyreek Hill,,13,WR3,13.7
2020,standard,Patrick Mahomes II,KC,14,QB1,15.0
2020,standard,Aaron Jones Sr.,MIN,15,RB11,15.3
2020,standard,Julio Jones,,16,WR4,16.3
2020,standard,Lamar Jackson,BAL,17,QB2,17.3
2020,standard,Kenyan Drake,,18,RB12,17.7
2020,standard,Miles Sanders,,19,RB13,18.7
2020,standard,DeAndre Hopkins,BAL,20,WR5,18.7
2020,standard,Travis Kelce,KC,21,TE1,18.7
2020,standard,Austin Ekeler,,22,RB14,20.7
2020,standard,Chris Godwin Jr.,TB,23,WR6,21.0
2020,standard,George Kittle,SF,24,TE2,23.3
2020,standard,Kenny Golladay,,25,WR7,24.3
2020,standard,Mike Evans,SF,26,WR8,25.7
2020,standard,Todd Gurley,II,27,RB15,28.7
2020,standard,Chris Carson,,28,RB16,30.0
2020,standard,Amari Cooper,,29,WR9,31.0
2020,standard,Odell Beckham Jr.,NYG,30,WR10,34.0
2020,standard,David Johnson,,31,RB17,34.3
2020,standard,Jonathan Taylor,IND,32,RB18,34.7
2020,standard,Adam Thielen,,33,WR11,34.7
2020,standard,JuJu Smith-Schuster,NYG,34,WR12,36.0
2020,standard,James Conner,ARI,35,RB19,36.3
2020,standard,Cooper Kupp,SEA,36,WR13,38.3
2020,standard,A.J. Brown,NE,37,WR14,38.7
2020,standard,Allen Robinson,II,38,WR15,39.7
2020,standard,Mark Andrews,BAL,39,TE3,40.0
2020,standard,Leonard Fournette,,40,RB20,41.3
2020,standard,Melvin Gordon,III,41,RB21,41.7
2020,standard,Calvin Ridley,TEN,42,WR16,41.7
2020,standard,Mark Ingram,II,43,RB22,42.0
2020,standard,Le'Veon Bell,,44,RB23,43.7
2020,standard,DJ Moore,BUF,45,WR17,44.7
2020,standard,Raheem Mostert,LV,46,RB24,45.3
2020,standard,Dak Prescott,DAL,47,QB3,47.0
2020,standard,DK Metcalf,PIT,48,WR18,49.0
2020,standard,Tyler Lockett,LV,49,WR19,49.7
2020,standard,Deshaun Watson,CLE,50,QB4,50.3
2020,standard,Zach Ertz,,51,TE4,51.3
2020,standard,Robert Woods,,52,WR20,51.3
2020,standard,Russell Wilson,,53,QB5,51.7
2020,standard,Devin Singletary,NYG,54,RB25,54.3
2020,standard,Courtland Sutton,DEN,55,WR21,55.3
2020,standard,Keenan Allen,LAC,56,WR22,56.3
2020,standard,Stefon Diggs,,57,WR23,57.3
2020,standard,DJ Chark Jr.,,58,WR24,57.3
2020,standard,Kyler Murray,MIN,59,QB6,58.0
2020,standard,Cam Akers,,60,RB26,59.3
2020,standard,Terry McLaurin,WAS,61,WR25,59.7
2020,standard,DeVante Parker,,62,WR26,60.7
2020,standard,T.Y. Hilton,,63,WR27,61.3
2020,standard,David Montgomery,HOU,64,RB27,62.0
2020,standard,Darren Waller,,65,TE5,63.3
2020,standard,Kareem Hunt,,66,RB28,65.3
2020,standard,A.J. Green,,67,WR28,65.3
2020,standard,D'Andre Swift,CHI,68,RB29,68.3
2020,standard,Hollywood Brown,PHI,69,WR29,70.7
2020,standard,Michael Gallup,,70,WR30,72.3
2020,standard,Drew Brees,,71,QB7,73.0
2020,standard,Rob Gronkowski,,72,TE6,73.3
2020,standard,Jarvis Landry,,73,WR31,76.3
2020,standard,Evan Engram,DEN,74,TE7,78.7
2020,standard,Matt Ryan,,75,QB8,79.0
2020,standard,Aaron Rodgers,PIT,76,QB9,80.7
2020,standard,William Fuller,,77,WR32,81.0
2020,standard,Tyler Boyd,,78,WR33,81.3
2020,standard,Ronald Jones,II,79,RB30,81.7
2020,standard,Julian Edelman,,80,WR34,81.7
2020,standard,Tom Brady,,81,QB10,82.3
2020,standard,Josh Allen,BUF,82,QB11,82.3
2020,standard,Brandin Cooks,,83,WR35,82.3
2020,standard,J.K. Dobbins,DEN,84,RB31,82.7
2020,standard,Jordan Howard,,85,RB32,82.7
2020,standard,Deebo Samuel Sr.,,86,WR36,83.0
2020,standard,Hunter Henry,NE,87,TE8,83.7
2020,standard,Marlon Mack,,88,RB33,84.7
2020,standard,Kerryon Johnson,,89,RB34,86.7
2020,standard,Sony Michel,,90,RB35,88.3
2020,standard,Jared Cook,,91,TE9,88.3
2020,standard,Marvin Jones Jr.,,92,WR37,91.0
2020,standard,Phillip Lindsay,,93,RB36,92.3
2020,standard,Carson Wentz,MIN,94,QB12,94.7
2020,standard,James White,,95,RB37,98.3
2020,standard,CeeDee Lamb,DAL,96,WR38,100.0
2020,standard,Tyler Higbee,LAR,97,TE10,102.0
2020,standard,Emmanuel Sanders,,98,WR39,104.0
2020,standard,Matthew Stafford,LAR,99,QB13,104.7
2020,standard,Austin Hooper,ATL,100,TE11,107.0
2020,standard,Matt Breida,,101,RB38,108.0
2020,standard,Darius Slayton,NYG,102,WR40,108.3
2020,standard,Tevin Coleman,,103,RB39,108.7
2020,standard,Latavius Murray,,104,RB40,108.7
2020,standard,Zack Moss,,105,RB41,109.3
2020,standard,Christian Kirk,SF,106,WR41,109.7
2020,standard,Darrell Henderson Jr.,,136,RB47,110.0
2020,standard,San Francisco 49ers,DST,107,DST1,110.7
2020,standard,Jerry Jeudy,CLE,108,WR42,111.3
2020,standard,Ke'Shawn Vaughn,,139,RB48,112.5
2020,standard,Tarik Cohen,,109,RB42,113.0
2020,standard,Diontae Johnson,,110,WR43,113.7
2020,standard,Daniel Jones,IND,111,QB14,116.0
2020,standard,Sterling Shepard,,112,WR44,116.3
2020,standard,Hayden Hurst,,113,TE12,117.3
2020,standard,Pittsburgh Steelers,DST,114,DST2,118.0
2020,standard,Mecole Hardman Jr.,BUF,115,WR45,118.0
2020,standard,Mike Williams,,144,WR55,118.0
2020,standard,John Brown,,116,WR46,118.7
2020,standard,Ben Roethlisberger,,117,QB15,121.3
2020,standard,Alexander Mattison,,118,RB43,121.7
2020,standard,Noah Fant,NO,119,TE13,121.7
2020,standard,Baltimore Ravens,DST,120,DST3,122.0
2020,standard,Henry Ruggs,III,121,WR47,122.0
2020,standard,Baker Mayfield,TB,122,QB16,122.3
2020,standard,Justin Jefferson,MIN,123,WR48,125.3
2020,standard,Antonio Gibson,,124,RB44,130.7
2020,standard,Jared Goff,DET,125,QB17,130.7
2020,standard,Jamison Crowder,,126,WR49,132.7
2020,standard,Adrian Peterson,,127,RB45,133.0
2020,standard,Buffalo Bills,DST,128,DST4,133.0
2020,standard,Tony Pollard,TEN,156,RB54,133.5
2020,standard,Justin Tucker,,129,K1,136.7
2020,standard,Harrison Butker,KC,130,K2,139.7
2020,standard,Anthony Miller,,131,WR50,140.0
2020,standard,Ryan Tannehill,,132,QB18,140.7
2020,standard,Golden Tate,,133,WR51,141.7
2020,standard,T.J. Hockenson,MIN,134,TE14,142.0
2020,standard,Jalen Reagor,MIA,164,WR59,142.0
2020,standard,Chase Edmonds,WAS,135,RB46,142.3
2020,standard,Alshon Jeffery,,165,WR60,143.0
2020,standard,Mike Gesicki,CIN,137,TE15,143.3
2020,standard,Preston Williams,,138,WR52,143.3
2020,standard,Dallas Goedert,PHI,166,TE18,144.0
2020,standard,Eric Ebron,,185,TE22,145.0
2020,standard,Duke Johnson Jr.,,140,RB49,145.3
2020,standard,DeSean Jackson,,141,WR53,146.7
2020,standard,Sammy Watkins,,142,WR54,146.7
2020,standard,Joe Burrow,CIN,143,QB19,147.3
2020,standard,Jack Doyle,,167,TE19,147.5
2020,standard,New England Patriots,DST,145,DST5,148.3
2020,standard,Jimmy Garoppolo,LAR,168,QB23,148.5
2020,standard,Chicago Bears,DST,146,DST6,148.7
2020,standard,Boston Scott,,147,RB50,150.7
2020,standard,Wil Lutz,DEN,148,K3,151.3
2020,standard,Robbie Chosen,,150,WR56,153.0
2020,standard,AJ Dillon,CAR,151,RB51,153.3
2020,standard,Chris Thompson,,152,RB52,155.3
2020,standard,Justin Jackson,,153,RB53,157.0
2020,standard,Kansas City Chiefs,DST,154,DST7,157.3
2020,standard,Kirk Cousins,LV,155,QB21,157.3
2020,standard,Blake Jarwin,,157,TE16,158.7
2020,standard,Jonnu Smith,,158,TE17,159.3
2020,standard,Greg Zuerlein,,159,K4,159.7
2020,standard,Philip Rivers,,160,QB22,159.7
2020,standard,Breshad Perriman,,161,WR57,161.0
2020,standard,Minnesota Vikings,DST,162,DST8,161.3
2020,standard,Curtis Samuel,,174,WR62,162.5
2020,standard,N'Keal Harry,,163,WR58,163.3
2020,standard,Ian Thomas,LV,199,TE23,166.0
2020,standard,Greg Olsen,,176,TE20,167.0
2020,standard,Sam Darnold,SEA,201,QB26,169.0
2020,standard,Rashaad Penny,,177,RB57,170.0
2020,standard,Teddy Bridgewater,DET,202,QB27,170.0
2020,standard,Michael Pittman Jr.,PIT,178,WR63,171.0
2020,standard,Allen Lazard,,169,WR61,171.3
2020,standard,Darrel Williams,,179,RB58,171.5
2020,standard,Chris Herndon,IV,180,TE21,171.5
2020,standard,Nyheim Miller-Hines,,170,RB55,173.0
2020,standard,Gardner Minshew II,ARI,181,QB24,173.5
2020,standard,Washington Commanders,DST,206,DST17,174.0
2020,standard,Drew Lock,SEA,182,QB25,175.0
2020,standard,Cam Newton,,149,QB20,175.3
2020,standard,New Orleans Saints,DST,172,DST9,175.3
2020,standard,Damien Harris,,171,RB56,175.5
2020,standard,Jamaal Williams,,183,RB59,175.5
2020,standard,Denzel Mims,DAL,209,WR66,176.0
2020,standard,Los Angeles Rams,DST,173,DST10,177.7
2020,standard,Lamar Miller,,211,RB65,178.0
2020,standard,Robbie Gould,,175,K5,179.7
2020,standard,Ryquell Armstead,,184,RB60,180.0
2020,standard,Bryan Edwards,,190,WR64,181.5
2020,standard,Los Angeles Chargers,DST,187,DST11,182.0
2020,standard,Hunter Renfrow,,214,WR67,183.0
2020,standard,LeSean McCoy,,192,RB62,183.5
2020,standard,Cincinnati Bengals,DST,215,DST18,184.0
2020,standard,John Ross,,217,WR69,185.0
2020,standard,Dede Westbrook,,218,WR70,187.0
2020,standard,Brandon Aiyuk,SF,205,WR65,190.5
2020,standard,Tee Higgins,CIN,220,WR71,191.0
2020,standard,James Washington,,221,WR72,192.0
2020,standard,Antonio Brown,,222,WR73,193.0
2020,standard,O.J. Howard,,207,TE24,193.5
2020,standard,Kendrick Bourne,ARI,224,WR75,194.0
2020,standard,Denver Broncos,DST,203,DST15,194.5
2020,standard,Corey Davis,,225,WR76,196.0
2020,standard,Larry Fitzgerald,,216,WR68,196.5
2020,standard,Derek Carr,,226,QB28,198.0
2020,standard,Tyler Eifert,,227,TE25,199.0
2020,standard,Irv Smith Jr.,,228,TE26,200.0
2020,standard,Zane Gonzalez,MIA,196,K8,201.0
2020,standard,Parris Campbell,,223,WR74,201.0
2020,standard,Philadelphia Eagles,DST,204,DST16,201.7
2020,standard,Matt Prater,,198,K10,202.7
2020,standard,Tennessee Titans,DST,195,DST14,204.0
2020,standard,Devin Asiasi,,231,TE27,204.0
2020,standard,Ka'imi Fairbairn,HOU,193,K7,204.7
2020,standard,Matt Gay,LV,230,K14,205.0
2020,standard,Kyle Rudolph,,232,TE28,205.0
2020,standard,Indianapolis Colts,DST,188,DST12,206.7
2020,standard,Jake Elliott,PHI,197,K9,207.3
2020,standard,Detroit Lions,DST,234,DST20,208.0
2020,standard,Carlos Hyde,,194,RB63,210.0
2020,standard,Frank Gore,,235,RB68,210.0
2020,standard,Joshua Kelley,,219,RB67,210.5
2020,standard,Kenny Stills,,236,WR77,211.0
2020,standard,Tampa Bay Buccaneers,DST,189,DST13,211.7
2020,standard,Younghoe Koo,,191,K6,211.7
2020,standard,Mason Crosby,,208,K12,212.3
2020,standard,Benny Snell Jr.,,210,RB64,213.0
2020,standard,Dan Bailey,,200,K11,214.0
2020,standard,Malcolm Brown,,237,RB69,214.0
2020,standard,Lynn Bowden Jr.,,238,WR78,217.0
2020,standard,Josh Gordon,,239,WR79,218.0
2020,standard,Justice Hill,BAL,240,RB70,220.0
2020,standard,Brandon McManus,,212,K13,221.0
2020,standard,Brian Hill,,241,RB71,221.0
2020,standard,Atlanta Falcons,DST,242,DST21,222.0
2020,standard,Randall Cobb,,243,WR80,223.0
2020,standard,Devin Duvernay,ARI,244,WR81,224.0
2020,standard,Eno Benjamin,,245,RB72,225.0
2020,standard,Laviska Shenault Jr.,,246,WR82,227.0
2020,standard,Dawson Knox,BUF,247,TE29,228.0
2020,standard,Bryce Love,,186,RB61,228.5
2020,standard,Darrynton Evans,,248,RB73,229.0
2020,standard,Dallas Cowboys,DST,229,DST19,230.0
2020,standard,Anthony McFarland Jr.,,249,RB74,231.0
2020,standard,Ryan Fitzpatrick,,250,QB29,232.0
2020,standard,Devonta Freeman,,251,RB75,235.0
2020,standard,Royce Freeman,,252,RB76,236.0
2020,standard,Cole Beasley,,253,WR83,237.0
2020,standard,Jerick McKinnon,,213,RB66,238.0
2020,standard,La'Mical Perine,,254,RB77,238.0
2020,standard,Tyrod Taylor,GB,255,QB30,239.0
2020,standard,Cole Kmet,CHI,256,TE30,240.0
2020,standard,New York Jets,DST,257,DST22,241.0
2020,standard,Seattle Seahawks,DST,258,DST23,242.0
2020,standard,Gus Edwards,,259,RB78,243.0
2020,standard,Jason Myers,SEA,233,K15,245.0
2020,standard,Mohamed Sanu Sr.,,260,WR84,246.0
2020,standard,Michael Badgley,,261,K16,248.0
2020,standard,Giovani Bernard,,262,RB79,251.0
2020,standard,Chase Claypool,,263,WR85,252.0
2020,standard,Josh Reynolds,,264,WR86,254.0
2020,standard,Andy Isabella,,265,WR87,255.0
2020,standard,Green Bay Packers,DST,266,DST24,256.0
2020,standard,David Njoku,LAC,267,TE31,257.0
2020,standard,Will Dissly,,268,TE32,258.0
2020,standard,Jace Sternberger,,269,TE33,259.0
2020,standard,Austin Seibert,,271,K17,265.0
2020,standard,Tre'Quan Smith,,272,WR88,266.0
2020,standard,Jimmy Graham,,273,TE34,268.0
2020,standard,Ito Smith,,274,RB80,269.0
2020,standard,Jalen Richard,,275,RB81,270.0
2020,standard,Cleveland Browns,DST,276,DST25,271.0
2020,standard,Joey Slye,TEN,277,K18,273.0
2020,standard,Jaylen Samuels,,278,RB82,274.0
2020,standard,KJ Hamler,,279,WR89,276.0
2020,standard,Chris Conley,,280,WR90,277.0
2020,standard,Dion Lewis,,281,RB83,278.0
2020,standard,Logan Thomas,,282,TE35,280.0
2020,standard,Gerald Everett,,283,TE36,282.0
2020,standard,Chris Boswell,PIT,284,K19,284.0
2020,standard,Danny Amendola,,285,WR91,285.0
2020,standard,Rex Burkhead,,286,RB84,286.0
2020,standard,Jarrett Stidham,DEN,287,QB31,287.0
2020,standard,Miles Boykin,,288,WR92,288.0
2020,standard,Randy Bullock,,289,K20,289.0
2020,standard,Darwin Thompson,,290,RB85,290.0
2020,standard,Stephen Hauschka,,291,K21,291.0
2020,standard,Houston Texans,DST,292,DST26,292.0
2020,standard,Zach Pascal,,293,WR93,293.0
2020,standard,Vance McDonald,,294,TE37,294.0
2020,standard,Nick Foles,,295,QB32,296.0
2020,standard,Stephen Gostkowski,,296,K22,297.0
2020,standard,Auden Tate,,297,WR94,298.0
2020,standard,Jason Sanders,NYJ,298,K23,299.0
2020,standard,Peyton Barber,,299,RB86,300.0
2020,standard,Phillip Dorsett II,LV,300,WR95,301.0
2020,standard,Josh Lambo,,301,K24,302.0
2020,standard,Tua Tagovailoa,ATL,302,QB33,304.0
2020,standard,Steven Sims Jr.,,303,WR96,305.0
2020,standard,Marquez Valdes-Scantling,DAL,304,WR97,306.0
2020,standard,Nelson Agholor,,305,WR98,307.0
2020,standard,Mitchell Trubisky,TEN,306,QB34,308.0
2020,standard,Sam Sloman,,307,K25,309.0
2020,standard,Jacob Hollister,,308,TE38,310.0
2020,standard,Demarcus Robinson,SF,309,WR99,311.0
2020,standard,J.J. Arcega-Whiteside,,310,WR100,313.0
2020,standard,Cameron Brate,,311,TE39,314.0
2020,standard,Sam Ficken,,312,K26,315.0
2020,standard,Jacksonville Jaguars,DST,313,DST27,316.0
2020,standard,Van Jefferson,WAS,314,WR101,317.0
2020,standard,Adam Humphries,,315,WR102,318.0
2020,standard,Mike Boone,,316,RB87,319.0
2020,standard,Russell Gage Jr.,,317,WR103,320.0
2020,standard,Dustin Hopkins,,318,K27,321.0
2020,standard,Miami Dolphins,DST,319,DST28,322.0
2020,standard,Aldrick Rosas,,320,K28,323.0
2020,standard,Eddy Pineiro,SF,321,K29,324.0
2020,standard,Daniel Carlson,LV,322,K30,325.0
2020,standard,David Moore,CAR,323,WR104,326.0
2020,standard,Trey Burton,,324,TE40,327.0
2020,standard,Devine Ozigbo,,325,RB88,328.0
2020,standard,Arizona Cardinals,DST,326,DST29,329.0
2020,standard,Dan Arnold,,327,TE41,330.0
2020,standard,Elliott Fry,,328,K31,331.0
2020,standard,Adam Trautman,DEN,329,TE42,332.0
2020,standard,J.D. McKissic,,330,RB89,333.0
2020,standard,Cordarrelle Patterson,,331,RB90,334.0
2020,standard,James Robinson,,332,RB91,335.0
2020,standard,Scotty Miller,CHI,333,WR105,336.0
2020,standard,Ryan Succop,,334,K32,337.0
2020,standard,Graham Gano,,335,K33,338.0
2020,standard,Tyler Bass,BUF,336,K34,339.0
2020,standard,Ty Montgomery,II,337,RB92,340.0
2020,standard,Kalen Ballage,,338,RB93,341.0
2020,standard,Carolina Panthers,DST,339,DST30,342.0
2020,standard,Rodrigo Blankenship,,340,K35,343.0
2020,standard,DeeJay Dallas,JAC,341,RB94,344.0
2020,standard,Quintez Cephus,,342,WR106,345.0
2020,standard,Gabe Davis,,343,WR107,347.0
2020,standard,New York Giants,DST,344,DST31,348.0
2020,standard,J.J. Taylor,,345,RB95,349.0
2020,standard,Mo Alie-Cox,IND,346,TE43,350.0
2020,standard,John Hightower,,347,WR108,351.0
2020,standard,Derrius Guice,,348,RB96,353.0
2021,half,Christian McCaffrey,SF,1,RB1,1.0
2021,half,Dalvin Cook,,2,RB2,2.0
2021,half,Derrick Henry,BAL,3,RB3,3.3
2021,half,Alvin Kamara,NO,4,RB4,3.8
2021,half,Ezekiel Elliott,,5,RB5,5.0
2021,half,Nick Chubb,,6,RB6,6.5
2021,half,Aaron Jones Sr.,MIN,7,RB7,7.8
2021,half,Davante Adams,LAR,8,WR1,8.3
2021,half,Jonathan Taylor,IND,9,RB8,10.0
2021,half,Saquon Barkley,PHI,10,RB9,10.3
2021,half,Tyreek Hill,,11,WR2,10.3
2021,half,Travis Kelce,KC,12,TE1,10.8
2021,half,Austin Ekeler,,13,RB10,12.5
2021,half,Stefon Diggs,,14,WR3,14.3
2021,half,Najee Harris,LAC,15,RB11,14.8
2021,half,Antonio Gibson,,16,RB12,17.5
2021,half,Patrick Mahomes II,KC,17,QB1,18.3
2021,half,DeAndre Hopkins,BAL,18,WR4,18.3
2021,half,Joe Mixon,,19,RB13,19.0
2021,half,Calvin Ridley,TEN,20,WR5,19.0
2021,half,DK Metcalf,PIT,21,WR6,19.5
2021,half,Clyde Edwards-Helaire,,22,RB14,21.5
2021,half,Darren Waller,,23,TE2,24.0
2021,half,Justin Jefferson,MIN,24,WR7,24.5
2021,half,A.J. Brown,NE,25,WR8,24.8
2021,half,George Kittle,SF,26,TE3,27.8
2021,half,Keenan Allen,LAC,27,WR9,28.5
2021,half,David Montgomery,HOU,28,RB15,28.8
2021,half,Chris Carson,,29,RB16,29.3
2021,half,Terry McLaurin,WAS,30,WR10,30.3
2021,half,Josh Allen,BUF,31,QB2,31.3
2021,half,Allen Robinson,II,32,WR11,32.8
2021,half,Josh Jacobs,GB,33,RB17,33.5
2021,half,CeeDee Lamb,DAL,34,WR12,34.3
2021,half,James Robinson,,35,RB18,36.8
2021,half,Mike Evans,SF,36,WR13,36.8
2021,half,D'Andre Swift,CHI,37,RB19,38.0
2021,half,Miles Sanders,,38,RB20,38.8
2021,half,Kyler Murray,MIN,39,QB3,40.3
2021,half,Chris Godwin Jr.,TB,40,WR14,41.0
2021,half,Robert Woods,,41,WR15,41.8
2021,half,Amari Cooper,,42,WR16,41.8
2021,half,Lamar Jackson,BAL,43,QB4,44.5
2021,half,Cooper Kupp,SEA,44,WR17,44.5
2021,half,Julio Jones,,45,WR18,46.0
2021,half,Kyle Pitts Sr.,ATL,46,TE4,47.8
2021,half,Tyler Lockett,LV,47,WR19,50.5
2021,half,Darrell Henderson Jr.,,48,RB21,50.8
2021,half,Myles Gaskin,,49,RB22,51.0
2021,half,Mark Andrews,BAL,50,TE5,51.5
2021,half,DJ Moore,BUF,51,WR20,52.8
2021,half,Adam Thielen,,52,WR21,53.3
2021,half,Kareem Hunt,,53,RB23,53.8
2021,half,Diontae Johnson,,54,WR22,54.0
2021,half,Dak Prescott,DAL,55,QB5,57.3
2021,half,T.J. Hockenson,MIN,56,TE6,58.3
2021,half,Russell Wilson,,57,QB6,58.8
2021,half,Aaron Rodgers,PIT,58,QB7,59.3
2021,half,Brandon Aiyuk,SF,59,WR23,59.5
2021,half,Justin Herbert,LAC,60,QB8,62.5
2021,half,Raheem Mostert,LV,61,RB24,63.3
2021,half,Damien Harris,,62,RB25,64.8
2021,half,Tee Higgins,CIN,63,WR24,65.3
2021,half,Chase Edmonds,WAS,64,RB26,65.5
2021,half,Javonte Williams,DAL,65,RB27,66.3
2021,half,Chase Claypool,,66,WR25,67.3
2021,half,Odell Beckham Jr.,NYG,67,WR26,70.3
2021,half,Jerry Jeudy,CLE,68,WR27,73.3
2021,half,Tom Brady,,69,QB9,73.8
2021,half,Ja'Marr Chase,CIN,70,WR28,74.0
2021,half,Trey Sermon,,71,RB28,76.5
2021,half,Ronald Jones,II,72,RB29,77.0
2021,half,Kenny Golladay,,73,WR29,77.5
2021,half,Michael Thomas,,74,WR30,78.3
2021,half,Melvin Gordon,III,75,RB30,79.3
2021,half,Logan Thomas,,76,TE7,79.5
2021,half,Robbie Chosen,,77,WR31,81.5
2021,half,JuJu Smith-Schuster,NYG,78,WR32,83.3
2021,half,Noah Fant,NO,79,TE8,85.0
2021,half,Courtland Sutton,DEN,80,WR33,85.5
2021,half,Deebo Samuel Sr.,,81,WR34,86.5
2021,half,DeVonta Smith,PHI,82,WR35,87.8
2021,half,Antonio Brown,,83,WR36,88.8
2021,half,Robert Tonyan,PIT,84,TE9,88.8
2021,half,Leonard Fournette,,85,RB31,91.0
2021,half,Matthew Stafford,LAR,86,QB10,91.3
2021,half,Tyler Boyd,,87,WR37,92.5
2021,half,Michael Carter,TEN,88,RB32,94.0
2021,half,Jalen Hurts,PHI,89,QB11,94.5
2021,half,AJ Dillon,CAR,90,RB33,94.8
2021,half,Ryan Tannehill,,91,QB12,96.5
2021,half,Zack Moss,,92,RB34,96.8
2021,half,Tyler Higbee,LAR,93,TE10,97.0
2021,half,Dallas Goedert,PHI,94,TE11,97.3
2021,half,James Conner,ARI,95,RB35,98.0
2021,half,DJ Chark Jr.,,96,WR38,99.5
2021,half,Los Angeles Rams,DST,97,DST1,100.0
2021,half,Brandin Cooks,,98,WR39,100.8
2021,half,Laviska Shenault Jr.,,99,WR40,101.5
2021,half,Corey Davis,,100,WR41,102.3
2021,half,Tampa Bay Buccaneers,DST,101,DST2,106.0
2021,half,Pittsburgh Steelers,DST,102,DST3,106.0
2021,half,Kenyan Drake,,103,RB36,108.5
2021,half,Devin Singletary,NYG,104,RB37,109.0
2021,half,Jarvis Landry,,106,WR42,110.5
2021,half,Jamaal Williams,,107,RB39,110.5
2021,half,Washington Commanders,DST,108,DST4,112.8
2021,half,David Johnson,,109,RB40,113.3
2021,half,Joe Burrow,CIN,110,QB13,114.5
2021,half,Rob Gronkowski,,111,TE12,114.5
2021,half,William Fuller,,112,WR43,115.3
2021,half,Jaylen Waddle,DEN,113,WR44,115.5
2021,half,Sony Michel,,114,RB41,115.5
2021,half,Mike Gesicki,CIN,115,TE13,117.5
2021,half,Michael Pittman Jr.,PIT,116,WR45,118.0
2021,half,Marquez Callaway,,117,WR46,118.0
2021,half,Mike Williams,,118,WR47,120.5
2021,half,Baltimore Ravens,DST,119,DST5,121.3
2021,half,Justin Tucker,,120,K1,122.0
2021,half,Harrison Butker,KC,121,K2,124.3
2021,half,Michael Gallup,,122,WR48,127.8
2021,half,San Francisco 49ers,DST,123,DST6,129.0
2021,half,Tony Pollard,TEN,124,RB42,130.5
2021,half,Curtis Samuel,,125,WR49,131.0
2021,half,Trevor Lawrence,JAC,126,QB14,132.5
2021,half,Mecole Hardman Jr.,BUF,127,WR50,133.0
2021,half,Nyheim Miller-Hines,,128,RB43,133.0
2021,half,Younghoe Koo,,129,K3,134.5
2021,half,Darnell Mooney,NYG,130,WR51,135.3
2021,half,Mike Davis,,105,RB38,135.8
2021,half,Henry Ruggs,III,131,WR52,138.0
2021,half,Baker Mayfield,TB,132,QB15,140.5
2021,half,Tyler Bass,BUF,133,K4,141.3
2021,half,Marvin Jones Jr.,,134,WR53,142.0
2021,half,Hollywood Brown,PHI,135,WR54,143.0
2021,half,Matt Ryan,,136,QB16,145.3
2021,half,Justin Fields,KC,137,QB17,147.3
2021,half,Jakobi Meyers,JAC,138,WR55,147.8
2021,half,Jonnu Smith,,139,TE14,149.5
2021,half,Trey Lance,LAC,140,QB18,151.5
2021,half,Alexander Mattison,,141,RB44,152.5
2021,half,Cole Beasley,,142,WR56,153.0
2021,half,Elijah Moore,PHI,143,WR57,154.0
2021,half,Rhamondre Stevenson,NE,144,RB45,156.0
2021,half,Denver Broncos,DST,145,DST7,157.3
2021,half,Greg Zuerlein,,146,K5,158.0
2021,half,Tevin Coleman,,147,RB46,158.0
2021,half,James White,,148,RB47,158.5
2021,half,Russell Gage Jr.,,149,WR58,158.8
2021,half,J.D. McKissic,,150,RB48,159.8
2021,half,Buffalo Bills,DST,151,DST8,160.0
2021,half,Phillip Lindsay,,152,RB49,161.3
2021,half,DeVante Parker,,153,WR59,161.5
2021,half,Hunter Henry,NE,154,TE15,163.8
2021,half,Mac Jones,SF,155,QB19,164.5
2021,half,Jason Sanders,NYJ,156,K6,165.0
2021,half,Bryan Edwards,,183,WR64,165.3
2021,half,Chuba Hubbard,CAR,157,RB50,165.5
2021,half,Latavius Murray,,158,RB51,167.0
2021,half,Zach Ertz,,159,TE16,167.0
2021,half,Kirk Cousins,LV,160,QB20,167.3
2021,half,Tua Tagovailoa,ATL,161,QB21,169.8
2021,half,Ryan Succop,,162,K7,170.3
2021,half,Terrace Marshall Jr.,MIA,163,WR60,170.3
2021,half,Jalen Reagor,MIA,185,WR65,172.0
2021,half,Giovani Bernard,,165,RB52,172.5
2021,half,Ben Roethlisberger,,166,QB22,173.0
2021,half,Jameis Winston,NYG,167,QB23,173.0
2021,half,Indianapolis Colts,DST,168,DST9,173.3
2021,half,New England Patriots,DST,169,DST10,174.0
2021,half,Gerald Everett,,170,TE17,174.3
2021,half,Cleveland Browns,DST,171,DST11,175.3
2021,half,Rashaad Penny,,172,RB53,175.5
2021,half,Sterling Shepard,,188,WR66,175.7
2021,half,Randall Cobb,,189,WR67,177.7
2021,half,Jared Cook,,173,TE18,177.8
2021,half,Evan Engram,DEN,174,TE19,178.3
2021,half,Nelson Agholor,,175,WR61,178.3
2021,half,Kenny Gainwell,TB,191,RB57,178.7
2021,half,A.J. Green,,176,WR62,179.8
2021,half,Tennessee Titans,DST,218,DST14,180.0
2021,half,Gabe Davis,,194,WR69,181.0
2021,half,Rodrigo Blankenship,,177,K8,181.5
2021,half,Pat Freiermuth,PIT,195,TE20,181.7
2021,half,Emmanuel Sanders,,196,WR70,181.7
2021,half,Tyrell Williams,,178,WR63,182.8
2021,half,Ty'Son Williams,,197,RB58,183.3
2021,half,Jordan Akins,,248,TE28,185.0
2021,half,Amon-Ra St. Brown,DET,199,WR71,185.7
2021,half,Derek Carr,,200,QB27,187.7
2021,half,Marlon Mack,,179,RB54,187.8
2021,half,Ryan Fitzpatrick,,180,QB24,189.8
2021,half,Zach Wilson,NO,181,QB25,189.8
2021,half,Devontae Booker,,202,RB59,192.0
2021,half,Tony Jones Jr.,,203,RB60,192.3
2021,half,Tre'Quan Smith,,225,WR75,192.5
2021,half,Wil Lutz,DEN,204,K12,193.0
2021,half,Rashod Bateman,BAL,205,WR72,193.0
2021,half,Mark Ingram,II,182,RB55,193.3
2021,half,T.Y. Hilton,,206,WR73,193.3
2021,half,Ty Johnson,BUF,207,RB61,193.7
2021,half,Kansas City Chiefs,DST,184,DST12,195.0
2021,half,Seattle Seahawks,DST,227,DST16,195.0
2021,half,Jamison Crowder,,211,WR74,197.3
2021,half,Damien Williams,,212,RB63,197.3
2021,half,Sam Ficken,,252,K19,198.0
2021,half,Mason Crosby,,186,K9,199.3
2021,half,Darrel Williams,,187,RB56,200.5
2021,half,Cam Newton,,228,QB30,201.5
2021,half,Christian Kirk,SF,230,WR76,203.0
2021,half,Austin Hooper,ATL,213,TE21,203.3
2021,half,Marquez Valdes-Scantling,DAL,190,WR68,203.8
2021,half,Blake Jarwin,,214,TE22,204.7
2021,half,Miami Dolphins,DST,193,DST13,204.8
2021,half,Taysom Hill,,256,TE29,205.0
2021,half,Anthony McFarland Jr.,,258,RB72,206.0
2021,half,Deshaun Watson,CLE,198,QB26,208.3
2021,half,Cole Kmet,CHI,215,TE23,208.7
2021,half,Robbie Gould,,192,K10,208.8
2021,half,Nico Collins,HOU,260,WR82,209.0
2021,half,Adam Trautman,DEN,216,TE24,210.0
2021,half,Brandon McManus,,217,K15,210.3
2021,half,Teddy Bridgewater,DET,233,QB31,212.0
2021,half,Elijah Mitchell,PHI,261,RB73,212.0
2021,half,Matt Prater,,201,K11,214.0
2021,half,Sam Darnold,SEA,219,QB28,215.0
2021,half,Malcolm Brown,,220,RB64,215.3
2021,half,Jason Myers,SEA,208,K13,216.0
2021,half,Daniel Carlson,LV,209,K14,217.5
2021,half,Tarik Cohen,,236,RB66,217.5
2021,half,Parris Campbell,,237,WR77,217.5
2021,half,Dallas Cowboys,DST,239,DST20,218.0
2021,half,Benny Snell Jr.,,262,RB74,218.0
2021,half,Anthony Firkser,WAS,222,TE25,220.0
2021,half,Dawson Knox,BUF,235,TE27,220.5
2021,half,Arizona Cardinals,DST,241,DST22,220.5
2021,half,Daniel Jones,IND,224,QB29,220.7
2021,half,Eric Ebron,,223,TE26,221.3
2021,half,Hayden Hurst,,264,TE30,223.0
2021,half,Le'Veon Bell,,265,RB75,224.0
2021,half,Matt Gay,LV,226,K16,224.3
2021,half,Todd Gurley,II,266,RB76,225.0
2021,half,Allen Lazard,,242,WR78,225.5
2021,half,Salvon Ahmed,CHI,243,RB67,226.0
2021,half,J.J. Taylor,,268,RB77,227.0
2021,half,Darrynton Evans,,229,RB65,228.3
2021,half,Justin Jackson,,245,RB68,229.0
2021,half,O.J. Howard,,269,TE31,229.0
2021,half,Green Bay Packers,DST,231,DST17,230.0
2021,half,Boston Scott,,246,RB69,230.0
2021,half,Kadarius Toney,,247,WR79,231.0
2021,half,Javian Hawkins,TEN,270,RB78,232.0
2021,half,Chicago Bears,DST,221,DST15,234.5
2021,half,Evan McPherson,CIN,249,K18,234.5
2021,half,Donovan Peoples-Jones,,250,WR80,235.5
2021,half,New Orleans Saints,DST,234,DST19,237.0
2021,half,Cordarrelle Patterson,,251,RB70,238.0
2021,half,Brian Hill,,274,RB80,239.0
2021,half,Jaret Patterson,LAC,276,RB81,240.0
2021,half,Joshua Palmer,BUF,253,WR81,241.0
2021,half,Minnesota Vikings,DST,232,DST18,241.3
2021,half,Juwan Johnson,NO,277,TE32,242.0
2021,half,Carlos Hyde,,254,RB71,242.5
2021,half,Carolina Panthers,DST,240,DST21,243.7
2021,half,Nick Folk,ATL,238,K17,246.0
2021,half,Cam Akers,,210,RB62,246.5
2021,half,Detrez Newsome,,280,RB83,248.0
2021,half,Darius Slayton,NYG,281,WR85,248.0
2021,half,Paul McRoberts,,282,WR86,249.0
2021,half,Sammy Watkins,,263,WR83,249.5
2021,half,Tim Tebow,,283,TE33,250.0
2021,half,Jon Brown,,284,K24,250.0
2021,half,Jeff Wilson Jr.,,285,RB84,251.0
2021,half,Nick Tiano,,286,QB33,251.0
2021,half,Andy Dalton,PHI,287,QB34,252.0
2021,half,Kent Taylor,,288,TE34,252.0
2021,half,Stevan Ridley,,289,RB85,253.0
2021,half,Jake Funk,,290,RB86,253.0
2021,half,Carson Wentz,MIN,244,QB32,253.7
2021,half,Juwan Green,,291,WR87,254.0
2021,half,Taywan Taylor,,292,WR88,255.0
2021,half,Tyler Davis,,293,WR89,256.0
2021,half,Khalid Hill,,294,RB87,257.0
2021,half,Chris Boswell,PIT,257,K20,257.5
2021,half,Los Angeles Chargers,DST,259,DST24,258.0
2021,half,Jimmy Graham,,295,TE35,258.0
2021,half,Austin Traylor,,296,TE36,258.0
2021,half,Tyler Kroft,,297,TE37,259.0
2021,half,Jarvion Franklin,,298,RB88,259.0
2021,half,New York Giants,DST,255,DST23,260.0
2021,half,Jared Goff,DET,299,QB35,260.0
2021,half,Drew Anderson,,300,QB36,260.0
2021,half,Darrin Hall,,301,RB89,261.0
2021,half,Breshad Perriman,,302,WR90,262.0
2021,half,Phillip Andersen,,303,K25,262.0
2021,half,Jeremy Kerley,,304,WR91,263.0
2021,half,La'Mical Perine,,305,RB90,263.0
2021,half,Jerick McKinnon,,272,RB79,263.5
2021,half,Broc Rutter,,306,QB37,264.0
2021,half,Royce Freeman,,307,RB91,265.0
2021,half,Lamar Jordan,,308,QB38,265.0
2021,half,Dan Arnold,,309,TE38,266.0
2021,half,Taylor Russolino,,310,K26,266.0
2021,half,Daniel Crawford,,311,TE39,267.0
2021,half,Quinton Flowers,,312,QB39,268.0
2021,half,Joshua Kelley,,313,RB92,268.0
2021,half,Wayne Gallman Jr.,,314,RB93,269.0
2021,half,Isaac Zico,,315,WR92,269.0
2021,half,Byron Pringle,,316,WR93,270.0
2021,half,Trenton Irwin,,317,WR94,270.0
2021,half,Trevor Moore,,318,K27,271.0
2021,half,Kayaune Ross,,319,WR95,272.0
2021,half,Dustin Hopkins,,267,K21,272.5
2021,half,Qadree Ollison,,320,RB94,273.0
2021,half,Cole Hedlund,,321,K28,273.0
2021,half,Elliott Fry,,322,K29,274.0
2021,half,Denzel Mims,DAL,323,WR96,274.0
2021,half,Andy Phillips,,324,OL,275.0
2021,half,Pooka Williams Jr.,,325,RB95,275.0
2021,half,Corey Taylor,II,326,RB96,276.0
2021,half,T.J. Linta,,327,QB40,277.0
2021,half,Tyrod Taylor,GB,328,QB41,278.0
2021,half,Travis Jonsen,,329,WR97,278.0
2021,half,Trenton Cannon,,330,RB97,279.0
2021,half,DeSean Jackson,,331,WR98,280.0
2021,half,Austin Roberts,,332,TE40,280.0
2021,half,Anthony Sherman,,333,RB98,281.0
2021,half,Demarcus Robinson,SF,334,WR99,281.0
2021,half,Keke Coutee,,335,WR100,282.0
2021,half,Philadelphia Eagles,DST,271,DST25,282.5
2021,half,Drew Lock,SEA,336,QB42,283.0
2021,half,Scotty Miller,CHI,337,WR101,286.0
2021,half,Quez Watkins,PHI,338,WR102,287.0
2021,half,Michael Badgley,,275,K23,289.0
2021,half,Chris Herndon,IV,339,TE41,290.0
2021,half,Amari Rodgers,,279,WR84,290.5
2021,half,Hunter Renfrow,,340,WR103,291.0
2021,half,Eno Benjamin,,341,RB99,293.0
2021,half,Mo Alie-Cox,IND,342,TE42,295.0
2021,half,Dalton Schultz,HOU,343,TE43,296.0
2021,half,Austin MacGinnis,,344,K30,297.0
2021,half,Chase McLaughlin,TB,273,K22,298.0
2021,half,Mike Boone,,345,RB100,298.0
2021,half,Dee Eskridge,,346,WR104,300.0
2021,half,Jimmy Garoppolo,LAR,347,QB43,301.0
2021,half,Larry Rountree,III,348,RB101,302.0
2021,half,Jalen Richard,,349,RB102,303.0
2021,half,Samaje Perine,CIN,350,RB103,304.0
2021,half,Olamide Zaccheaus,ATL,351,WR105,305.0
2021,half,Travis Fulgham,,352,WR106,307.0
2021,half,Adam Humphries,,353,WR107,311.0
2021,half,Ke'Shawn Vaughn,,354,RB104,312.0
2021,half,Quintez Cephus,,355,WR108,313.0
2021,half,Chris Evans,,356,RB105,314.0
2021,half,Anthony Miller,,357,WR109,315.0
2021,half,Tim Patrick,NYJ,358,WR110,317.0
2021,half,Kalen Ballage,,359,RB106,318.0
2021,half,Graham Gano,,360,K31,319.0
2021,half,David Moore,CAR,361,WR111,321.0
2021,half,KJ Hamler,,362,WR112,322.0
2021,half,Josh Reynolds,,363,WR113,323.0
2021,half,De'Angelo Henderson Sr.,,364,RB107,324.0
2021,half,John Brown,,365,WR114,325.0
2021,half,Houston Texans,DST,366,DST26,326.0
2021,half,Deonte Harty,,367,WR115,327.0
2021,half,Kerryon Johnson,,368,RB108,328.0
2021,half,Cairo Santos,CHI,369,K32,329.0
2021,half,D'Onta Foreman,,370,RB109,330.0
2021,half,C.J. Uzomah,,371,TE44,331.0
2021,half,Rashard Higgins,,372,WR116,332.0
2021,half,Dyami Brown,WAS,373,WR117,334.0
2021,half,Ka'imi Fairbairn,HOU,374,K33,335.0
2021,half,Jacksonville Jaguars,DST,375,DST27,336.0
2021,half,New York Jets,DST,376,DST28,340.0
2021,half,Ameer Abdullah,JAC,377,RB110,341.0
2021,half,Cody Parkey,,378,K34,342.0
2021,half,Zach Pascal,,379,WR118,343.0
2021,half,Van Jefferson,WAS,380,WR119,344.0
2021,half,Ito Smith,,381,RB111,345.0
2021,half,Jake Elliott,PHI,382,K35,346.0
2021,half,Josh Lambo,,383,K36,347.0
2021,half,Atlanta Falcons,DST,384,DST29,348.0
2021,half,Devin Funchess,,385,WR120,349.0
2021,half,Chris Conley,,386,WR121,350.0
2021,half,Marquise Goodwin,,387,WR122,351.0
2021,half,Jonathan Williams,,388,RB112,352.0
2021,half,Matt Breida,,389,RB113,353.0
2021,half,Kendrick Bourne,ARI,390,WR123,354.0
2021,half,Stephen Anderson,,391,TE45,355.0
2021,half,Xavier Jones,,278,RB82,356.0
2021,half,Keelan Cole Sr.,,392,WR124,356.0
2021,half,Terry Godwin,,393,WR125,357.0
2021,half,Case Cookus,,394,QB44,358.0
2021,half,Marcus Mariota,WAS,395,QB45,359.0
2021,half,Joey Slye,TEN,396,K37,360.0
2021,half,Donald Parham Jr.,,397,TE46,361.0
2021,half,Tylan Wallace,CLE,398,WR126,363.0
2021,half,Antonio Gandy-Golden,,399,WR127,364.0
2021,half,Detroit Lions,DST,400,DST30,365.0
2021,half,James Washington,,401,WR128,366.0
2021,half,Albert Wilson,,402,WR129,367.0
2021,half,Tutu Atwell,MIA,403,WR130,368.0
2021,half,N'Keal Harry,,404,WR131,369.0
2021,half,Tucker McCann,,405,K38,370.0
2021,half,Randy Bullock,,406,K39,371.0
2021,half,David Njoku,LAC,407,TE47,373.0
2021,half,Preston Williams,,408,WR132,374.0
2021,half,Jalen Guyton,,409,WR133,375.0
2021,half,Cam Sims,,410,WR134,376.0
2021,half,Mohamed Sanu Sr.,,411,WR135,377.0
2021,half,Shi Smith,,412,WR136,378.0
2021,half,Damiere Byrd,,413,WR137,379.0
2021,half,Mitchell Trubisky,TEN,414,QB46,380.0
2021,half,Sam Ehlinger,DEN,415,QB47,381.0
2021,half,Anthony Schwartz,,416,WR138,382.0
2021,half,Antonio Williams,,417,RB114,384.0
2021,half,Tyler Johnson,DAL,418,WR139,385.0
2021,half,Antonio Callaway,,419,WR140,386.0
2021,half,Dez Fitzpatrick,,420,WR141,387.0
2021,half,Foster Moreau,HOU,421,TE48,388.0
2021,half,Jack Doyle,,422,TE49,389.0
2021,half,Matt Jones,,423,RB115,390.0
2021,half,Ty Montgomery,II,424,RB116,391.0
2021,half,James O'Shaughnessy,,425,TE50,392.0
2021,half,Tyron Billy-Johnson,,426,WR142,393.0
2021,half,Jacob Eason,,427,QB48,394.0
2021,half,Michael Strachan,,428,WR143,395.0
2021,half,Jermar Jefferson,,429,RB117,396.0
2021,half,Jalen Hurd,,430,WR144,397.0
2021,half,Jaylen Samuels,,431,RB118,398.0
2021,half,Tyler Conklin,DET,432,TE51,399.0
2021,half,Colin Kaepernick,,433,QB49,400.0
2021,half,Johnny Manziel,,434,QB50,401.0
2021,half,Albert Okwuegbunam Jr.,LV,435,TE52,402.0
2021,half,Ray Rice,,436,RB119,403.0
2021,half,Kylin Hill,,437,RB120,404.0
2021,half,Greg Ward,,438,WR145,405.0
2021,half,Jordan Love,GB,439,QB51,406.0
2021,half,Ryan Santoso,,440,K40,407.0
2021,half,Easop Winston Jr.,,441,WR146,408.0
2021,half,Matt Ammendola,,442,K41,409.0
2021,half,Devin Smith,,443,WR147,410.0
2021,half,Riley Ridley,,444,WR148,411.0
2021,half,Adrian Peterson,,445,RB121,412.0
2021,half,Aldrick Rosas,,446,K42,413.0
2021,half,Dazz Newsome,,447,WR149,414.0
2021,half,Trent Sherfield Sr.,BUF,448,WR150,415.0
2021,half,Jody Fortson Jr.,,449,TE53,416.0
2021,half,Dede Westbrook,,450,WR151,417.0
2021,half,Tony Romo,,451,QB52,418.0
2021,half,Andy Isabella,,452,WR152,419.0
2021,half,Greg Joseph,,453,K43,420.0
2021,half,Zay Jones,,454,WR153,421.0
2021,half,Matthew Wright,,455,K44,422.0
2021,half,DeeJay Dallas,JAC,456,RB122,423.0
2021,half,Corey Clement,,457,RB123,424.0
2021,half,Will Dissly,,458,TE54,425.0
2021,half,Tom Kennedy,DET,459,WR154,426.0
2021,half,Kylen Granson,TEN,460,TE55,427.0
2021,half,Devin Duvernay,ARI,461,WR155,428.0
2021,half,Noah Gray,KC,462,TE56,429.0
2021,half,Gerrid Doaks,,463,RB124,430.0
2021,half,Simi Fehoko,ARI,464,WR156,431.0
2021,half,Damoun Patterson,,465,WR157,432.0
2021,half,Charlie Woerner,ATL,466,TE57,433.0
2021,half,Pharoh Cooper,,467,WR158,434.0
2021,half,Cincinnati Bengals,DST,468,DST31,435.0
2021,half,Kyle Rudolph,,469,TE58,436.0
2021,half,Khalil Herbert,,470,RB125,437.0
2021,half,Dezmon Patmon,,471,WR159,438.0
2021,half,Jeremy McNichols,WAS,472,RB126,439.0
2021,half,Brandon Dillon,,473,TE59,440.0
2021,half,Kyle Juszczyk,SF,474,RB127,441.0
2021,half,Chad Beebe,,475,WR160,442.0
2021,half,Taylor Heinicke,,476,QB53,443.0
2021,half,Demetric Felton Jr.,,477,RB128,444.0
2021,half,Quinn Nordin,,478,K45,445.0
2021,half,Rodney Adams,,479,WR161,446.0
2021,half,Davis Mills,HOU,480,QB54,447.0
2021,half,Corey Acosta,,481,K46,448.0
2021,half,Eddy Pineiro,SF,482,K47,449.0
2021,half,Jesper Horsted,,483,TE60,450.0
2021,half,Durham Smythe,BAL,484,TE61,451.0
2021,half,Peyton Barber,,485,RB129,452.0
2021,half,Chad Henne,,486,QB55,453.0
2021,half,John Wolford,,487,QB56,454.0
2021,half,Mike Glennon,,488,QB57,455.0
2021,half,Rex Burkhead,,489,RB130,456.0
2021,half,Willie Snead,IV,490,WR162,457.0
2021,half,Drew Sample,CIN,491,TE62,458.0
2021,half,Cornell Powell,,492,WR163,459.0
2021,half,Joe Flacco,CIN,493,QB58,460.0
2021,half,Jacoby Brissett,ARI,494,QB59,461.0
2021,half,Harrison Bryant,SEA,495,TE63,462.0
2021,half,Gardner Minshew II,ARI,496,QB60,463.0
2021,half,Jacob Hollister,,497,TE64,464.0
2021,ppr,Christian McCaffrey,SF,1,RB1,1.0
2021,ppr,Dalvin Cook,,2,RB2,2.0
2021,ppr,Alvin Kamara,NO,3,RB3,3.0
2021,ppr,Derrick Henry,BAL,4,RB4,4.0
2021,ppr,Ezekiel Elliott,,5,RB5,5.8
2021,ppr,Davante Adams,LAR,6,WR1,6.6
2021,ppr,Travis Kelce,KC,7,TE1,8.4
2021,ppr,Aaron Jones Sr.,MIN,8,RB6,9.4
2021,ppr,Saquon Barkley,PHI,9,RB7,9.6
2021,ppr,Austin Ekeler,,10,RB8,10.4
2021,ppr,Jonathan Taylor,IND,11,RB9,10.4
2021,ppr,Nick Chubb,,12,RB10,10.4
2021,ppr,Tyreek Hill,,13,WR2,10.6
2021,ppr,Stefon Diggs,,14,WR3,14.0
2021,ppr,Najee Harris,LAC,15,RB11,15.6
2021,ppr,DeAndre Hopkins,BAL,16,WR4,17.2
2021,ppr,Antonio Gibson,,17,RB12,17.6
2021,ppr,Patrick Mahomes II,KC,18,QB1,18.2
2021,ppr,Calvin Ridley,TEN,19,WR5,18.4
2021,ppr,DK Metcalf,PIT,20,WR6,18.8
2021,ppr,Joe Mixon,,21,RB13,20.8
2021,ppr,Darren Waller,,22,TE2,22.4
2021,ppr,Justin Jefferson,MIN,23,WR7,23.4
2021,ppr,A.J. Brown,NE,24,WR8,23.8
2021,ppr,Clyde Edwards-Helaire,,25,RB14,24.2
2021,ppr,George Kittle,SF,26,TE3,26.8
2021,ppr,Keenan Allen,LAC,27,WR9,27.4
2021,ppr,Terry McLaurin,WAS,28,WR10,29.6
2021,ppr,Josh Allen,BUF,29,QB2,30.0
2021,ppr,David Montgomery,HOU,30,RB15,30.2
2021,ppr,Allen Robinson,II,31,WR11,32.0
2021,ppr,Chris Carson,,32,RB16,32.4
2021,ppr,CeeDee Lamb,DAL,33,WR12,32.8
2021,ppr,James Robinson,,34,RB17,33.4
2021,ppr,Mike Evans,SF,35,WR13,35.4
2021,ppr,Josh Jacobs,GB,36,RB18,36.4
2021,ppr,D'Andre Swift,CHI,37,RB19,36.8
2021,ppr,Miles Sanders,,38,RB20,38.2
2021,ppr,Robert Woods,,39,WR14,38.4
2021,ppr,Kyler Murray,MIN,40,QB3,40.2
2021,ppr,Amari Cooper,,41,WR15,41.2
2021,ppr,Chris Godwin Jr.,TB,42,WR16,42.4
2021,ppr,Lamar Jackson,BAL,43,QB4,44.8
2021,ppr,Cooper Kupp,SEA,44,WR17,46.0
2021,ppr,Julio Jones,,45,WR18,46.2
2021,ppr,Kyle Pitts Sr.,ATL,46,TE4,47.0
2021,ppr,Tyler Lockett,LV,47,WR19,49.2
2021,ppr,Myles Gaskin,,48,RB21,49.8
2021,ppr,Mark Andrews,BAL,49,TE5,50.6
2021,ppr,Adam Thielen,,50,WR20,50.6
2021,ppr,Diontae Johnson,,51,WR21,51.8
2021,ppr,DJ Moore,BUF,52,WR22,53.4
2021,ppr,Aaron Rodgers,PIT,53,QB5,54.4
2021,ppr,Russell Wilson,,54,QB6,55.6
2021,ppr,Dak Prescott,DAL,55,QB7,56.0
2021,ppr,Mike Davis,,56,RB22,56.8
2021,ppr,Kareem Hunt,,57,RB23,57.2
2021,ppr,T.J. Hockenson,MIN,58,TE6,58.2
2021,ppr,Darrell Henderson Jr.,,59,RB24,60.0
2021,ppr,Javonte Williams,DAL,60,RB25,60.6
2021,ppr,Brandon Aiyuk,SF,61,WR23,60.8
2021,ppr,Chase Edmonds,WAS,62,RB26,62.0
2021,ppr,Justin Herbert,LAC,63,QB8,62.2
2021,ppr,Tee Higgins,CIN,64,WR24,64.8
2021,ppr,Odell Beckham Jr.,NYG,65,WR25,67.8
2021,ppr,Raheem Mostert,LV,66,RB27,68.8
2021,ppr,Chase Claypool,,67,WR26,69.2
2021,ppr,JuJu Smith-Schuster,NYG,68,WR27,70.8
2021,ppr,Tom Brady,,69,QB9,71.8
2021,ppr,Damien Harris,,70,RB28,72.0
2021,ppr,Jerry Jeudy,CLE,71,WR28,72.4
2021,ppr,Ja'Marr Chase,CIN,72,WR29,74.4
2021,ppr,Kenny Golladay,,73,WR30,74.8
2021,ppr,DeVonta Smith,PHI,74,WR31,77.0
2021,ppr,Robbie Chosen,,75,WR32,77.4
2021,ppr,Michael Thomas,,76,WR33,79.2
2021,ppr,Courtland Sutton,DEN,77,WR34,79.6
2021,ppr,Melvin Gordon,III,78,RB29,79.6
2021,ppr,Logan Thomas,,79,TE7,81.2
2021,ppr,Noah Fant,NO,80,TE8,84.2
2021,ppr,Leonard Fournette,,81,RB30,86.4
2021,ppr,Trey Sermon,,82,RB31,87.2
2021,ppr,Deebo Samuel Sr.,,83,WR35,88.0
2021,ppr,Matthew Stafford,LAR,84,QB10,88.2
2021,ppr,Robert Tonyan,PIT,85,TE9,88.4
2021,ppr,Tyler Boyd,,86,WR36,91.2
2021,ppr,Ronald Jones,II,87,RB32,91.8
2021,ppr,Laviska Shenault Jr.,,88,WR37,91.8
2021,ppr,Brandin Cooks,,89,WR38,92.8
2021,ppr,Michael Carter,TEN,90,RB33,93.4
2021,ppr,Ryan Tannehill,,91,QB11,93.4
2021,ppr,Antonio Brown,,92,WR39,94.6
2021,ppr,Corey Davis,,93,WR40,95.6
2021,ppr,Jalen Hurts,PHI,94,QB12,97.0
2021,ppr,Dallas Goedert,PHI,95,TE10,99.2
2021,ppr,James Conner,ARI,96,RB34,100.8
2021,ppr,DJ Chark Jr.,,97,WR41,102.0
2021,ppr,Jarvis Landry,,98,WR42,103.4
2021,ppr,Tampa Bay Buccaneers,DST,99,DST1,105.4
2021,ppr,AJ Dillon,CAR,100,RB35,105.8
2021,ppr,Michael Pittman Jr.,PIT,101,WR43,106.4
2021,ppr,Kenyan Drake,,102,RB36,106.4
2021,ppr,Zack Moss,,103,RB37,106.6
2021,ppr,Jaylen Waddle,DEN,104,WR44,107.4
2021,ppr,Los Angeles Rams,DST,105,DST2,107.8
2021,ppr,William Fuller,,106,WR45,109.8
2021,ppr,Mike Gesicki,CIN,107,TE11,109.8
2021,ppr,Pittsburgh Steelers,DST,108,DST3,111.2
2021,ppr,Joe Burrow,CIN,109,QB13,111.2
2021,ppr,Tyler Higbee,LAR,110,TE12,112.0
2021,ppr,Devin Singletary,NYG,111,RB38,112.4
2021,ppr,Jamaal Williams,,112,RB39,116.4
2021,ppr,Sony Michel,,113,RB40,117.8
2021,ppr,Michael Gallup,,114,WR46,118.0
2021,ppr,Curtis Samuel,,115,WR47,118.2
2021,ppr,Washington Commanders,DST,116,DST4,120.0
2021,ppr,Marvin Jones Jr.,,117,WR48,122.4
2021,ppr,Marquez Callaway,,118,WR49,123.0
2021,ppr,Mike Williams,,119,WR50,123.0
2021,ppr,Jonnu Smith,,120,TE13,123.0
2021,ppr,Hollywood Brown,PHI,121,WR51,123.2
2021,ppr,Baltimore Ravens,DST,122,DST5,123.8
2021,ppr,Nyheim Miller-Hines,,123,RB41,124.0
2021,ppr,Rob Gronkowski,,124,TE14,125.6
2021,ppr,Harrison Butker,KC,125,K1,127.8
2021,ppr,Justin Tucker,,126,K2,127.8
2021,ppr,Trevor Lawrence,JAC,127,QB14,128.0
2021,ppr,Darnell Mooney,NYG,128,WR52,128.6
2021,ppr,Henry Ruggs,III,129,WR53,129.0
2021,ppr,David Johnson,,130,RB42,129.8
2021,ppr,Tony Pollard,TEN,131,RB43,132.6
2021,ppr,Mecole Hardman Jr.,BUF,132,WR54,132.8
2021,ppr,DeVante Parker,,133,WR55,134.2
2021,ppr,San Francisco 49ers,DST,134,DST6,136.8
2021,ppr,Baker Mayfield,TB,135,QB15,138.6
2021,ppr,Buffalo Bills,DST,136,DST7,139.0
2021,ppr,J.D. McKissic,,137,RB44,139.8
2021,ppr,Justin Fields,KC,138,QB16,140.8
2021,ppr,Matt Ryan,,139,QB17,141.8
2021,ppr,Younghoe Koo,,140,K3,143.2
2021,ppr,Cole Beasley,,141,WR56,143.8
2021,ppr,Jakobi Meyers,JAC,142,WR57,145.0
2021,ppr,Elijah Moore,PHI,143,WR58,145.6
2021,ppr,Phillip Lindsay,,144,RB45,146.2
2021,ppr,Russell Gage Jr.,,145,WR59,148.8
2021,ppr,Trey Lance,LAC,146,QB18,149.0
2021,ppr,James White,,147,RB46,151.8
2021,ppr,Indianapolis Colts,DST,148,DST8,151.8
2021,ppr,Hunter Henry,NE,149,TE15,153.2
2021,ppr,Alexander Mattison,,150,RB47,154.2
2021,ppr,Tyler Bass,BUF,151,K4,155.0
2021,ppr,Kirk Cousins,LV,152,QB19,157.8
2021,ppr,Tua Tagovailoa,ATL,153,QB20,158.6
2021,ppr,New England Patriots,DST,154,DST9,158.8
2021,ppr,Evan Engram,DEN,155,TE16,159.8
2021,ppr,Denver Broncos,DST,156,DST10,163.2
2021,ppr,Jason Sanders,NYJ,157,K5,163.4
2021,ppr,Ben Roethlisberger,,158,QB21,165.0
2021,ppr,Zach Ertz,,159,TE17,165.2
2021,ppr,Jared Cook,,160,TE18,165.4
2021,ppr,Ryan Succop,,161,K6,165.8
2021,ppr,Tevin Coleman,,162,RB48,167.8
2021,ppr,Jameis Winston,NYG,163,QB22,168.2
2021,ppr,Rhamondre Stevenson,NE,164,RB49,169.0
2021,ppr,Sterling Shepard,,165,WR60,172.4
2021,ppr,Austin Hooper,ATL,166,TE19,174.2
2021,ppr,Cleveland Browns,DST,167,DST11,174.4
2021,ppr,Giovani Bernard,,168,RB50,174.4
2021,ppr,Nelson Agholor,,169,WR61,176.2
2021,ppr,Chuba Hubbard,CAR,170,RB51,176.6
2021,ppr,Mac Jones,SF,171,QB23,177.0
2021,ppr,Rodrigo Blankenship,,173,K7,177.6
2021,ppr,Greg Zuerlein,,174,K8,177.6
2021,ppr,Kenny Gainwell,TB,175,RB52,177.8
2021,ppr,Gerald Everett,,176,TE20,179.6
2021,ppr,Ryan Fitzpatrick,,177,QB24,182.8
2021,ppr,Daniel Carlson,LV,178,K9,183.6
2021,ppr,Jordan Akins,,272,TE32,186.0
2021,ppr,Kansas City Chiefs,DST,179,DST12,186.4
2021,ppr,Derek Carr,,180,QB25,186.4
2021,ppr,Jalen Reagor,MIA,181,WR62,187.4
2021,ppr,Cole Kmet,CHI,182,TE21,187.4
2021,ppr,Tyrell Williams,,183,WR63,188.4
2021,ppr,New Orleans Saints,DST,184,DST13,189.2
2021,ppr,Rashaad Penny,,185,RB53,190.6
2021,ppr,Terrace Marshall Jr.,MIA,186,WR64,191.0
2021,ppr,Miami Dolphins,DST,187,DST14,191.6
2021,ppr,Zach Wilson,NO,188,QB26,192.4
2021,ppr,Jason Myers,SEA,189,K10,193.4
2021,ppr,Latavius Murray,,190,RB54,194.2
2021,ppr,Mason Crosby,,191,K11,195.0
2021,ppr,Emmanuel Sanders,,192,WR65,195.4
2021,ppr,Brandon McManus,,207,K14,195.5
2021,ppr,A.J. Green,,193,WR66,197.0
2021,ppr,Amon-Ra St. Brown,DET,210,WR70,198.5
2021,ppr,Ty'Son Williams,,194,RB55,198.6
2021,ppr,Randall Cobb,,195,WR67,199.6
2021,ppr,Devontae Booker,,232,RB64,200.0
2021,ppr,Giovanni Ricci,,276,TE33,200.0
2021,ppr,Wil Lutz,DEN,235,K17,204.3
2021,ppr,Gabe Davis,,196,WR68,204.6
2021,ppr,Tarik Cohen,,214,RB58,206.5
2021,ppr,Tony Jones Jr.,,215,RB59,207.0
2021,ppr,Matt Prater,,197,K12,207.2
2021,ppr,Daniel Jones,IND,198,QB27,207.2
2021,ppr,Green Bay Packers,DST,199,DST15,207.4
2021,ppr,Bryan Edwards,,200,WR69,207.4
2021,ppr,Adam Trautman,DEN,217,TE26,207.5
2021,ppr,Matt Gay,LV,201,K13,209.0
2021,ppr,Deshaun Watson,CLE,202,QB28,209.2
2021,ppr,Christian Kirk,SF,219,WR72,209.3
2021,ppr,Pat Freiermuth,PIT,203,TE22,210.4
2021,ppr,Ty Johnson,BUF,221,RB60,210.5
2021,ppr,T.Y. Hilton,,222,WR74,210.5
2021,ppr,Austin Seibert,,281,K23,211.0
2021,ppr,Damien Williams,,223,RB61,211.5
2021,ppr,Sam Darnold,SEA,204,QB29,212.0
2021,ppr,Darrel Williams,,205,RB56,213.2
2021,ppr,Rashod Bateman,BAL,227,WR75,214.3
2021,ppr,Anthony Firkser,WAS,206,TE23,215.4
2021,ppr,Tre'Quan Smith,,228,WR76,215.8
2021,ppr,Eric Ebron,,208,TE24,217.2
2021,ppr,Malcolm Brown,,229,RB62,218.3
2021,ppr,Blake Jarwin,,209,TE25,219.0
2021,ppr,Elijah Mitchell,PHI,287,RB80,219.0
2021,ppr,Mark Ingram,II,211,RB57,221.6
2021,ppr,Seattle Seahawks,DST,212,DST16,222.6
2021,ppr,Marlon Mack,,230,RB63,223.5
2021,ppr,Parris Campbell,,213,WR71,223.6
2021,ppr,Todd Gurley,II,249,RB69,225.3
2021,ppr,Chicago Bears,DST,216,DST17,226.4
2021,ppr,Arizona Cardinals,DST,233,DST20,227.0
2021,ppr,Robbie Gould,,218,K15,227.8
2021,ppr,Allen Lazard,,234,WR77,227.8
2021,ppr,Jamison Crowder,,220,WR73,228.2
2021,ppr,Sam Ficken,,291,K27,229.0
2021,ppr,Graham Gano,,231,K16,229.5
2021,ppr,Marquez Valdes-Scantling,DAL,237,WR78,230.0
2021,ppr,Tennessee Titans,DST,224,DST18,230.4
2021,ppr,Carson Wentz,MIN,226,QB30,231.8
2021,ppr,Le'Veon Bell,,239,RB65,232.3
2021,ppr,Minnesota Vikings,DST,225,DST19,232.4
2021,ppr,Cam Newton,,240,QB31,234.8
2021,ppr,Justin Jackson,,267,RB76,235.0
2021,ppr,Jerick McKinnon,,242,RB66,235.5
2021,ppr,Sammy Watkins,,243,WR79,236.0
2021,ppr,Anthony McFarland Jr.,,296,RB81,236.0
2021,ppr,Jared Goff,DET,244,QB32,238.0
2021,ppr,Darrynton Evans,,254,RB71,238.0
2021,ppr,Andy Dalton,PHI,297,QB35,238.0
2021,ppr,Boston Scott,,245,RB67,238.8
2021,ppr,Chris Boswell,PIT,241,K18,239.5
2021,ppr,Jake Funk,,301,RB84,240.0
2021,ppr,Nico Collins,HOU,255,WR82,241.0
2021,ppr,Las Vegas Raiders,DST,303,DST27,243.0
2021,ppr,Kadarius Toney,,248,WR80,243.8
2021,ppr,Royce Freeman,,304,RB86,244.0
2021,ppr,Tim Tebow,,256,TE28,244.3
2021,ppr,Benny Snell Jr.,,257,RB72,244.7
2021,ppr,Los Angeles Chargers,DST,236,DST21,245.6
2021,ppr,Dallas Cowboys,DST,258,DST23,245.7
2021,ppr,Carolina Panthers,DST,238,DST22,245.8
2021,ppr,Joshua Palmer,BUF,259,WR83,246.0
2021,ppr,Hayden Hurst,,260,TE29,246.7
2021,ppr,Taysom Hill,,262,TE30,247.0
2021,ppr,Detrez Newsome,,305,RB87,248.0
2021,ppr,Cordarrelle Patterson,,263,RB73,248.3
2021,ppr,Teddy Bridgewater,DET,250,QB33,248.8
2021,ppr,Evan McPherson,CIN,251,K19,248.8
2021,ppr,Stephen Gostkowski,,306,K29,249.0
2021,ppr,Carlos Hyde,,252,RB70,249.5
2021,ppr,Cairo Santos,CHI,268,K21,249.5
2021,ppr,Paul McRoberts,,307,WR90,250.0
2021,ppr,Salvon Ahmed,CHI,265,RB74,250.3
2021,ppr,Jon Brown,,308,K30,251.0
2021,ppr,J.J. Taylor,,266,RB75,251.3
2021,ppr,Wayne Gallman Jr.,,278,RB77,252.5
2021,ppr,Jeff Wilson Jr.,,279,RB78,252.5
2021,ppr,Nick Tiano,,311,QB36,253.0
2021,ppr,Javian Hawkins,TEN,280,RB79,253.5
2021,ppr,O.J. Howard,,247,TE27,254.8
2021,ppr,La'Mical Perine,,314,RB89,255.0
2021,ppr,Kent Taylor,,315,TE39,256.0
2021,ppr,Stevan Ridley,,317,RB90,257.0
2021,ppr,Breshad Perriman,,318,WR93,257.0
2021,ppr,Juwan Johnson,NO,283,TE35,259.0
2021,ppr,Austin MacGinnis,,320,K33,259.0
2021,ppr,Juwan Green,,321,WR95,259.0
2021,ppr,Amari Rodgers,,253,WR81,259.5
2021,ppr,Jimmy Graham,,269,TE31,260.3
2021,ppr,Hunter Renfrow,,261,WR84,260.8
2021,ppr,Denzel Mims,DAL,288,WR87,261.5
2021,ppr,Taywan Taylor,,324,WR97,262.0
2021,ppr,Jimmy Garoppolo,LAR,271,QB34,262.3
2021,ppr,Tyler Davis,,326,WR98,263.0
2021,ppr,Tyler Kroft,,290,TE37,265.0
2021,ppr,Josh Hammond,,328,WR99,266.0
2021,ppr,Byron Pringle,,292,WR88,267.0
2021,ppr,Austin Traylor,,329,TE42,267.0
2021,ppr,Brian Hill,,330,RB92,267.0
2021,ppr,Larry Fitzgerald,,331,WR100,268.0
2021,ppr,Jarvion Franklin,,332,RB93,268.0
2021,ppr,Dalton Schultz,HOU,277,TE34,269.0
2021,ppr,Manasseh Bailey,,333,WR101,269.0
2021,ppr,Alex Collins,,335,RB94,270.0
2021,ppr,Quinton Flowers,,336,QB37,270.0
2021,ppr,Joshua Kelley,,298,RB82,270.5
2021,ppr,Dan Arnold,,299,TE38,270.5
2021,ppr,Larry Rountree,III,300,RB83,271.0
2021,ppr,Darrin Hall,,338,RB95,271.0
2021,ppr,Mekhi Sargent,,339,RB96,271.0
2021,ppr,Donovan Peoples-Jones,,270,WR85,271.3
2021,ppr,Cam Akers,,246,RB68,271.7
2021,ppr,Josh Adams,,340,RB97,272.0
2021,ppr,Pooka Williams Jr.,,341,RB98,272.0
2021,ppr,New York Giants,DST,274,DST24,272.3
2021,ppr,Qadree Ollison,,343,RB100,273.0
2021,ppr,Phillip Andersen,,344,K34,273.0
2021,ppr,Josh Lambo,,264,K20,273.5
2021,ppr,John Brown,,273,WR86,273.7
2021,ppr,Dawson Knox,BUF,284,TE36,274.0
2021,ppr,Jamal Robinson,,345,WR103,274.0
2021,ppr,Mike White,,346,QB38,275.0
2021,ppr,Jeremy Kerley,,347,WR104,276.0
2021,ppr,Jaret Patterson,LAC,309,RB88,277.0
2021,ppr,Dalton Crossan,,349,RB101,277.0
2021,ppr,Keke Coutee,,350,WR105,277.0
2021,ppr,JaMycal Hasty,,351,RB102,277.0
2021,ppr,Ralph Webb,,352,RB103,278.0
2021,ppr,Mike Boone,,353,RB104,278.0
2021,ppr,Demarcus Robinson,SF,313,WR91,278.5
2021,ppr,Taylor Russolino,,354,K35,279.0
2021,ppr,Anthony Miller,,316,WR92,279.5
2021,ppr,Brandon Wilds,,357,RB105,280.0
2021,ppr,DeSean Jackson,,295,WR89,280.3
2021,ppr,Michael Badgley,,285,K25,280.5
2021,ppr,Daniel Crawford,,359,TE44,281.0
2021,ppr,Ka'imi Fairbairn,HOU,289,K26,281.5
2021,ppr,Samaje Perine,CIN,325,RB91,282.5
2021,ppr,Chase McLaughlin,TB,282,K24,284.0
2021,ppr,Jake Elliott,PHI,293,K28,286.0
2021,ppr,Dustin Hopkins,,275,K22,286.3
2021,ppr,Darius Slayton,NYG,337,WR102,286.5
2021,ppr,KJ Hamler,,319,WR94,288.7
2021,ppr,Philadelphia Eagles,DST,286,DST25,289.0
2021,ppr,Tyrod Taylor,GB,348,QB39,289.5
2021,ppr,Cincinnati Bengals,DST,367,DST30,290.0
2021,ppr,Jacksonville Jaguars,DST,294,DST26,291.0
2021,ppr,Quez Watkins,PHI,355,WR106,291.0
2021,ppr,Mo Alie-Cox,IND,369,TE47,291.0
2021,ppr,Chris Herndon,IV,334,TE43,292.0
2021,ppr,Trace McSorley,,372,QB40,292.0
2021,ppr,Van Jefferson,WAS,322,WR96,294.0
2021,ppr,Nick Folk,ATL,310,K31,295.0
2021,ppr,Scotty Miller,CHI,365,WR109,296.0
2021,ppr,Drew Lock,SEA,374,QB41,296.0
2021,ppr,Chris Evans,,358,RB106,297.0
2021,ppr,Jalen Richard,,376,RB108,297.0
2021,ppr,Eno Benjamin,,377,RB109,299.0
2021,ppr,Joey Slye,TEN,312,K32,300.0
2021,ppr,Travis Fulgham,,380,WR112,302.0
2021,ppr,Josh Reynolds,,361,WR107,302.5
2021,ppr,Dyami Brown,WAS,364,WR108,304.0
2021,ppr,Olamide Zaccheaus,ATL,381,WR113,307.0
2021,ppr,C.J. Uzomah,,368,TE46,308.0
2021,ppr,Quintez Cephus,,382,WR114,308.0
2021,ppr,Adam Humphries,,383,WR115,309.0
2021,ppr,Dee Eskridge,,384,WR116,311.0
2021,ppr,Donald Parham Jr.,,323,TE40,312.5
2021,ppr,Ke'Shawn Vaughn,,385,RB110,313.0
2021,ppr,Rashard Higgins,,375,WR111,313.5
2021,ppr,Atlanta Falcons,DST,362,DST29,314.0
2021,ppr,Cody Parkey,,378,K37,316.0
2021,ppr,New York Jets,DST,373,DST32,316.5
2021,ppr,Tim Patrick,NYJ,386,WR117,317.0
2021,ppr,Kalen Ballage,,387,RB111,318.0
2021,ppr,Chris Conley,,388,WR118,319.0
2021,ppr,Kendrick Bourne,ARI,370,WR110,320.5
2021,ppr,Detroit Lions,DST,356,DST28,321.0
2021,ppr,De'Angelo Henderson Sr.,,389,RB112,322.0
2021,ppr,David Njoku,LAC,327,TE41,324.0
2021,ppr,Deonte Harty,,390,WR119,325.0
2021,ppr,Houston Texans,DST,371,DST31,326.0
2021,ppr,Randy Bullock,,363,K36,326.5
2021,ppr,David Moore,CAR,391,WR120,329.0
2021,ppr,Kerryon Johnson,,392,RB113,334.0
2021,ppr,D'Onta Foreman,,393,RB114,335.0
2021,ppr,Ito Smith,,394,RB115,337.0
2021,ppr,Tyler Conklin,DET,360,TE45,339.5
2021,ppr,Zach Pascal,,395,WR121,341.0
2021,ppr,Ameer Abdullah,JAC,396,RB116,343.0
2021,ppr,Jack Doyle,,379,TE48,344.5
2021,ppr,Xavier Jones,,302,RB85,347.0
2021,ppr,Devin Funchess,,397,WR122,349.0
2021,ppr,Adrian Peterson,,366,RB107,349.5
2021,ppr,Keelan Cole Sr.,,398,WR123,351.0
2021,ppr,Marquise Goodwin,,399,WR124,352.0
2021,ppr,Jonathan Williams,,400,RB117,353.0
2021,ppr,Kyle Juszczyk,SF,342,RB99,353.5
2021,ppr,Terry Godwin,,401,WR125,354.0
2021,ppr,Stephen Anderson,,402,TE49,355.0
2021,ppr,Case Cookus,,403,QB42,358.0
2021,ppr,Marcus Mariota,WAS,404,QB43,359.0
2021,ppr,Matt Breida,,405,RB118,360.0
2021,ppr,Tylan Wallace,CLE,406,WR126,362.0
2021,ppr,Antonio Gandy-Golden,,407,WR127,365.0
2021,ppr,James Washington,,408,WR128,366.0
2021,ppr,N'Keal Harry,,409,WR129,368.0
2021,ppr,Tucker McCann,,410,K38,369.0
2021,ppr,Tutu Atwell,MIA,411,WR130,371.0
2021,ppr,Preston Williams,,412,WR131,372.0
2021,ppr,Jalen Guyton,,413,WR132,373.0
2021,ppr,Mohamed Sanu Sr.,,414,WR133,374.0
2021,ppr,Cam Sims,,415,WR134,375.0
2021,ppr,Shi Smith,,416,WR135,376.0
2021,ppr,Damiere Byrd,,417,WR136,377.0
2021,ppr,Mitchell Trubisky,TEN,418,QB44,378.0
2021,ppr,Albert Wilson,,419,WR137,379.0
2021,ppr,Sam Ehlinger,DEN,420,QB45,380.0
2021,ppr,Anthony Schwartz,,421,WR138,381.0
2021,ppr,Antonio Williams,,422,RB119,384.0
2021,ppr,Tyler Johnson,DAL,423,WR139,385.0
2021,ppr,Antonio Callaway,,424,WR140,386.0
2021,ppr,Dez Fitzpatrick,,425,WR141,387.0
2021,ppr,Jordan Love,GB,426,QB46,388.0
2021,ppr,Foster Moreau,HOU,427,TE50,389.0
2021,ppr,Ty Montgomery,II,428,RB120,391.0
2021,ppr,James O'Shaughnessy,,429,TE51,392.0
2021,ppr,Tyron Billy-Johnson,,430,WR142,393.0
2021,ppr,Matt Ammendola,,431,K39,394.0
2021,ppr,Jacob Eason,,432,QB47,395.0
2021,ppr,Jermar Jefferson,,433,RB121,396.0
2021,ppr,Jaylen Samuels,,434,RB122,397.0
2021,ppr,Colin Kaepernick,,435,QB48,399.0
2021,ppr,Ryan Santoso,,436,K40,400.0
2021,ppr,Johnny Manziel,,437,QB49,401.0
2021,ppr,Albert Okwuegbunam Jr.,LV,438,TE52,402.0
2021,ppr,Ray Rice,,439,RB123,403.0
2021,ppr,Kylin Hill,,440,RB124,404.0
2021,ppr,Greg Ward,,441,WR143,405.0
2021,ppr,Easop Winston Jr.,,442,WR144,406.0
2021,ppr,Michael Strachan,,443,WR145,407.0
2021,ppr,Devin Smith,,444,WR146,408.0
2021,ppr,Riley Ridley,,445,WR147,409.0
2021,ppr,Aldrick Rosas,,446,K41,411.0
2021,ppr,Dazz Newsome,,447,WR148,412.0
2021,ppr,Jody Fortson Jr.,,448,TE53,413.0
2021,ppr,Dede Westbrook,,449,WR149,414.0
2021,ppr,Tony Romo,,450,QB50,415.0
2021,ppr,Andy Isabella,,451,WR150,416.0
2021,ppr,Zay Jones,,452,WR151,417.0
2021,ppr,DeeJay Dallas,JAC,453,RB125,418.0
2021,ppr,Corey Clement,,454,RB126,419.0
2021,ppr,Demetric Felton Jr.,,455,RB127,420.0
2021,ppr,Will Dissly,,456,TE54,421.0
2021,ppr,Tom Kennedy,DET,457,WR152,422.0
2021,ppr,Kylen Granson,TEN,458,TE55,423.0
2021,ppr,Devin Duvernay,ARI,459,WR153,424.0
2021,ppr,Noah Gray,KC,460,TE56,425.0
2021,ppr,Gerrid Doaks,,461,RB128,426.0
2021,ppr,Simi Fehoko,ARI,462,WR154,427.0
2021,ppr,Damoun Patterson,,463,WR155,428.0
2021,ppr,Charlie Woerner,ATL,464,TE57,429.0
2021,ppr,Greg Joseph,,465,K42,430.0
2021,ppr,Pharoh Cooper,,466,WR156,431.0
2021,ppr,Kyle Rudolph,,467,TE58,432.0
2021,ppr,Jeremy McNichols,WAS,468,RB129,433.0
2021,ppr,Brandon Dillon,,469,TE59,434.0
2021,ppr,Chad Beebe,,470,WR157,436.0
2021,ppr,Taylor Heinicke,,471,QB51,437.0
2021,ppr,Trent Sherfield Sr.,BUF,472,WR158,438.0
2021,ppr,Davis Mills,HOU,473,QB52,439.0
2021,ppr,Durham Smythe,BAL,474,TE60,440.0
2021,ppr,Chad Henne,,475,QB53,441.0
2021,ppr,Eddy Pineiro,SF,476,K43,442.0
2021,ppr,John Wolford,,477,QB54,443.0
2021,ppr,Mike Glennon,,478,QB55,444.0
2021,ppr,Rex Burkhead,,479,RB130,445.0
2021,ppr,Willie Snead,IV,480,WR159,446.0
2021,ppr,Drew Sample,CIN,481,TE61,447.0
2021,ppr,Joe Flacco,CIN,482,QB56,448.0
2021,ppr,Jacoby Brissett,ARI,483,QB57,449.0
2021,ppr,Cornell Powell,,484,WR160,450.0
2021,ppr,Harrison Bryant,SEA,485,TE62,451.0
2021,ppr,Gardner Minshew II,ARI,486,QB58,452.0
2021,ppr,Jacob Hollister,,487,TE63,453.0
2021,standard,Christian McCaffrey,SF,1,RB1,1.0
2021,standard,Dalvin Cook,,2,RB2,2.0
2021,standard,Derrick Henry,BAL,3,RB3,3.0
2021,standard,Alvin Kamara,NO,4,RB4,4.0
2021,standard,Ezekiel Elliott,,5,RB5,5.0
2021,standard,Nick Chubb,,6,RB6,6.0
2021,standard,Aaron Jones Sr.,MIN,7,RB7,8.3
2021,standard,Davante Adams,LAR,8,WR1,8.3
2021,standard,Jonathan Taylor,IND,9,RB8,8.5
2021,standard,Saquon Barkley,PHI,10,RB9,10.0
2021,standard,Tyreek Hill,,11,WR2,11.0
2021,standard,Travis Kelce,KC,12,TE1,11.3
2021,standard,Patrick Mahomes II,KC,13,QB1,14.3
2021,standard,Najee Harris,LAC,14,RB10,14.3
2021,standard,Austin Ekeler,,15,RB11,14.5
2021,standard,Stefon Diggs,,16,WR3,16.3
2021,standard,Antonio Gibson,,17,RB12,16.8
2021,standard,DK Metcalf,PIT,18,WR4,18.5
2021,standard,Joe Mixon,,19,RB13,19.3
2021,standard,DeAndre Hopkins,BAL,20,WR5,19.8
2021,standard,Calvin Ridley,TEN,21,WR6,19.8
2021,standard,Clyde Edwards-Helaire,,22,RB14,21.8
2021,standard,A.J. Brown,NE,23,WR7,25.8
2021,standard,Darren Waller,,24,TE2,26.0
2021,standard,Justin Jefferson,MIN,25,WR8,26.5
2021,standard,Josh Allen,BUF,26,QB2,26.8
2021,standard,David Montgomery,HOU,27,RB15,27.8
2021,standard,Josh Jacobs,GB,28,RB16,27.8
2021,standard,Chris Carson,,29,RB17,28.0
2021,standard,George Kittle,SF,30,TE3,28.3
2021,standard,Keenan Allen,LAC,31,WR9,28.8
2021,standard,James Robinson,,32,RB18,32.8
2021,standard,Terry McLaurin,WAS,33,WR10,33.5
2021,standard,Mike Evans,SF,34,WR11,33.8
2021,standard,Miles Sanders,,35,RB19,35.5
2021,standard,CeeDee Lamb,DAL,36,WR12,36.5
2021,standard,Kyler Murray,MIN,37,QB3,36.8
2021,standard,Allen Robinson,II,38,WR13,38.0
2021,standard,D'Andre Swift,CHI,39,RB20,38.8
2021,standard,Lamar Jackson,BAL,40,QB4,40.3
2021,standard,Chris Godwin Jr.,TB,41,WR14,42.3
2021,standard,Robert Woods,,42,WR15,42.3
2021,standard,Julio Jones,,43,WR16,43.8
2021,standard,Amari Cooper,,44,WR17,45.3
2021,standard,Myles Gaskin,,45,RB21,46.3
2021,standard,Aaron Rodgers,PIT,46,QB5,47.5
2021,standard,Adam Thielen,,47,WR18,47.5
2021,standard,Kyle Pitts Sr.,ATL,48,TE4,50.8
2021,standard,Kareem Hunt,,49,RB22,50.8
2021,standard,Russell Wilson,,50,QB6,51.8
2021,standard,Cooper Kupp,SEA,51,WR19,52.8
2021,standard,Mike Davis,,52,RB23,53.3
2021,standard,Dak Prescott,DAL,53,QB7,53.8
2021,standard,Mark Andrews,BAL,54,TE5,54.5
2021,standard,Tyler Lockett,LV,55,WR20,55.0
2021,standard,Raheem Mostert,LV,56,RB24,55.0
2021,standard,DJ Moore,BUF,57,WR21,55.5
2021,standard,Darrell Henderson Jr.,,58,RB25,57.0
2021,standard,Justin Herbert,LAC,59,QB8,57.5
2021,standard,Diontae Johnson,,60,WR22,59.3
2021,standard,Javonte Williams,DAL,61,RB26,61.3
2021,standard,Chase Edmonds,WAS,62,RB27,62.0
2021,standard,Damien Harris,,63,RB28,62.5
2021,standard,T.J. Hockenson,MIN,64,TE6,64.5
2021,standard,Brandon Aiyuk,SF,65,WR23,64.8
2021,standard,Chase Claypool,,66,WR24,68.0
2021,standard,Tom Brady,,67,QB9,68.8
2021,standard,Odell Beckham Jr.,NYG,68,WR25,68.8
2021,standard,Melvin Gordon,III,69,RB29,70.5
2021,standard,Ja'Marr Chase,CIN,70,WR26,71.0
2021,standard,Tee Higgins,CIN,71,WR27,71.0
2021,standard,Michael Thomas,,72,WR28,72.3
2021,standard,Kenny Golladay,,73,WR29,76.0
2021,standard,Jerry Jeudy,CLE,74,WR30,76.5
2021,standard,Ronald Jones,II,75,RB30,76.8
2021,standard,JuJu Smith-Schuster,NYG,76,WR31,77.8
2021,standard,Trey Sermon,,77,RB31,78.8
2021,standard,Leonard Fournette,,78,RB32,79.8
2021,standard,Courtland Sutton,DEN,79,WR32,81.3
2021,standard,Matthew Stafford,LAR,80,QB10,82.0
2021,standard,Logan Thomas,,81,TE7,84.0
2021,standard,DeVonta Smith,PHI,82,WR33,84.0
2021,standard,Robbie Chosen,,83,WR34,85.0
2021,standard,Ryan Tannehill,,84,QB11,86.5
2021,standard,Robert Tonyan,PIT,85,TE8,88.0
2021,standard,Deebo Samuel Sr.,,86,WR35,88.5
2021,standard,Antonio Brown,,87,WR36,90.3
2021,standard,AJ Dillon,CAR,88,RB33,91.3
2021,standard,Zack Moss,,89,RB34,91.3
2021,standard,Tyler Boyd,,90,WR37,91.8
2021,standard,James Conner,ARI,91,RB35,92.5
2021,standard,Noah Fant,NO,92,TE9,94.8
2021,standard,DJ Chark Jr.,,93,WR38,96.3
2021,standard,Michael Carter,TEN,94,RB36,96.5
2021,standard,Jalen Hurts,PHI,95,QB12,97.0
2021,standard,Brandin Cooks,,96,WR39,98.8
2021,standard,Jarvis Landry,,97,WR40,98.8
2021,standard,Devin Singletary,NYG,98,RB37,98.8
2021,standard,Dallas Goedert,PHI,99,TE10,99.8
2021,standard,Rob Gronkowski,,100,TE11,100.5
2021,standard,Corey Davis,,101,WR41,101.3
2021,standard,Los Angeles Rams,DST,102,DST1,102.5
2021,standard,Laviska Shenault Jr.,,103,WR42,102.8
2021,standard,Sony Michel,,104,RB38,106.3
2021,standard,Pittsburgh Steelers,DST,105,DST2,107.0
2021,standard,Joe Burrow,CIN,106,QB13,107.8
2021,standard,Tampa Bay Buccaneers,DST,107,DST3,108.0
2021,standard,Kenyan Drake,,108,RB39,110.8
2021,standard,Michael Pittman Jr.,PIT,109,WR43,111.8
2021,standard,Jamaal Williams,,110,RB40,113.8
2021,standard,David Johnson,,111,RB41,115.0
2021,standard,Mike Gesicki,CIN,112,TE12,115.8
2021,standard,Tyler Higbee,LAR,113,TE13,116.8
2021,standard,Justin Tucker,,114,K1,117.0
2021,standard,Jaylen Waddle,DEN,115,WR44,117.0
2021,standard,Mike Williams,,116,WR45,118.0
2021,standard,Washington Commanders,DST,117,DST4,119.0
2021,standard,Marquez Callaway,,118,WR46,119.3
2021,standard,William Fuller,,119,WR47,120.0
2021,standard,Harrison Butker,KC,120,K2,121.0
2021,standard,Baltimore Ravens,DST,121,DST5,123.0
2021,standard,Mecole Hardman Jr.,BUF,122,WR48,124.0
2021,standard,Hollywood Brown,PHI,123,WR49,126.5
2021,standard,Michael Gallup,,124,WR50,127.0
2021,standard,Tony Pollard,TEN,125,RB42,128.8
2021,standard,Henry Ruggs,III,126,WR51,129.0
2021,standard,Trevor Lawrence,JAC,127,QB14,129.8
2021,standard,Matt Ryan,,128,QB15,130.3
2021,standard,Baker Mayfield,TB,129,QB16,131.5
2021,standard,Buffalo Bills,DST,130,DST6,133.5
2021,standard,Curtis Samuel,,131,WR52,136.5
2021,standard,Younghoe Koo,,132,K3,136.8
2021,standard,San Francisco 49ers,DST,133,DST7,137.3
2021,standard,Darnell Mooney,NYG,134,WR53,138.0
2021,standard,Nyheim Miller-Hines,,135,RB43,138.0
2021,standard,Jonnu Smith,,136,TE14,138.3
2021,standard,Chuba Hubbard,CAR,164,RB50,140.0
2021,standard,Justin Fields,KC,137,QB17,140.3
2021,standard,Marvin Jones Jr.,,138,WR54,140.5
2021,standard,Alexander Mattison,,139,RB44,144.0
2021,standard,Cole Beasley,,140,WR55,144.5
2021,standard,Trey Lance,LAC,141,QB18,145.0
2021,standard,Elijah Moore,PHI,166,WR60,146.3
2021,standard,J.D. McKissic,,142,RB45,146.5
2021,standard,Rhamondre Stevenson,NE,143,RB46,148.0
2021,standard,Tyler Bass,BUF,144,K4,148.8
2021,standard,Tevin Coleman,,145,RB47,150.8
2021,standard,DeVante Parker,,146,WR56,152.0
2021,standard,Jakobi Meyers,JAC,147,WR57,152.3
2021,standard,Indianapolis Colts,DST,148,DST8,153.0
2021,standard,Hunter Henry,NE,171,TE16,154.0
2021,standard,Kirk Cousins,LV,149,QB19,154.3
2021,standard,Jared Cook,,150,TE15,154.5
2021,standard,Zach Ertz,,172,TE17,155.0
2021,standard,Rashaad Penny,,173,RB53,155.7
2021,standard,Jameis Winston,NYG,151,QB20,155.8
2021,standard,Ben Roethlisberger,,152,QB21,156.0
2021,standard,New England Patriots,DST,153,DST9,156.5
2021,standard,Phillip Lindsay,,154,RB48,159.5
2021,standard,Latavius Murray,,155,RB49,160.3
2021,standard,Rodrigo Blankenship,,156,K5,164.3
2021,standard,Jason Sanders,NYJ,157,K6,167.3
2021,standard,Nelson Agholor,,158,WR58,168.3
2021,standard,Evan Engram,DEN,177,TE18,169.7
2021,standard,Bryan Edwards,,178,WR61,169.7
2021,standard,Pat Freiermuth,PIT,179,TE19,170.3
2021,standard,Russell Gage Jr.,,159,WR59,171.0
2021,standard,Mac Jones,SF,160,QB22,171.8
2021,standard,Denver Broncos,DST,161,DST10,172.5
2021,standard,Tua Tagovailoa,ATL,162,QB23,172.8
2021,standard,Sterling Shepard,,180,WR62,173.3
2021,standard,Ryan Succop,,163,K7,173.5
2021,standard,Tennessee Titans,DST,233,DST18,175.0
2021,standard,Gerald Everett,,181,TE20,175.7
2021,standard,Anthony McFarland Jr.,,234,RB70,176.0
2021,standard,Greg Zuerlein,,165,K8,176.5
2021,standard,Giovani Bernard,,182,RB54,180.3
2021,standard,Ryan Fitzpatrick,,167,QB24,180.5
2021,standard,Ty'Son Williams,,204,RB61,180.5
2021,standard,Kenny Gainwell,TB,185,RB55,181.7
2021,standard,Terrace Marshall Jr.,MIA,186,WR63,181.7
2021,standard,O.J. Howard,,238,TE26,183.0
2021,standard,Mark Ingram,II,168,RB51,183.8
2021,standard,James White,,169,RB52,183.8
2021,standard,Derek Carr,,189,QB25,184.3
2021,standard,Cleveland Browns,DST,170,DST11,185.0
2021,standard,Darrynton Evans,,208,RB63,186.0
2021,standard,Marlon Mack,,190,RB56,186.3
2021,standard,Tony Jones Jr.,,191,RB57,186.3
2021,standard,A.J. Green,,192,WR64,187.7
2021,standard,Miami Dolphins,DST,174,DST12,188.0
2021,standard,Amon-Ra St. Brown,DET,193,WR65,188.3
2021,standard,Randall Cobb,,194,WR66,188.7
2021,standard,Jalen Reagor,MIA,210,WR69,192.0
2021,standard,Gabe Davis,,195,WR67,192.7
2021,standard,Taysom Hill,,244,TE27,193.0
2021,standard,Darrel Williams,,197,RB58,193.7
2021,standard,Jordan Akins,,245,TE28,194.0
2021,standard,Austin Hooper,ATL,211,TE22,195.5
2021,standard,Devontae Booker,,198,RB59,197.0
2021,standard,Jaret Patterson,LAC,246,RB75,197.0
2021,standard,Mason Crosby,,175,K9,197.3
2021,standard,Kansas City Chiefs,DST,176,DST13,197.3
2021,standard,Zach Wilson,NO,199,QB26,197.7
2021,standard,Rashod Bateman,BAL,212,WR70,198.5
2021,standard,Elijah Mitchell,PHI,247,RB76,199.0
2021,standard,Anthony Firkser,WAS,200,TE21,200.7
2021,standard,Nico Collins,HOU,249,WR81,201.0
2021,standard,Ty Johnson,BUF,213,RB64,202.5
2021,standard,Donovan Peoples-Jones,,250,WR82,203.0
2021,standard,Damien Williams,,201,RB60,205.0
2021,standard,Daniel Carlson,LV,187,K11,206.5
2021,standard,Jamison Crowder,,214,WR71,206.5
2021,standard,Matt Prater,,202,K14,208.3
2021,standard,Jason Myers,SEA,188,K12,208.5
2021,standard,Benny Snell Jr.,,252,RB77,209.0
2021,standard,Wayne Gallman Jr.,,215,RB65,209.5
2021,standard,T.Y. Hilton,,216,WR72,209.5
2021,standard,Javian Hawkins,TEN,253,RB78,210.0
2021,standard,Robbie Gould,,184,K10,210.8
2021,standard,J.J. Taylor,,217,RB66,211.0
2021,standard,Brian Hill,,254,RB79,211.0
2021,standard,Allen Lazard,,218,WR73,212.5
2021,standard,Deshaun Watson,CLE,203,QB27,213.3
2021,standard,Christian Kirk,SF,219,WR74,213.5
2021,standard,Seattle Seahawks,DST,220,DST15,215.5
2021,standard,Marquez Valdes-Scantling,DAL,205,WR68,215.7
2021,standard,Malcolm Brown,,206,RB62,215.7
2021,standard,Green Bay Packers,DST,221,DST16,216.0
2021,standard,Matt Gay,LV,196,K13,216.5
2021,standard,Brandon McManus,,207,K15,217.3
2021,standard,Emmanuel Sanders,,222,WR75,218.0
2021,standard,Joshua Kelley,,258,RB80,218.0
2021,standard,Wil Lutz,DEN,223,K16,218.5
2021,standard,Kadarius Toney,,224,WR76,218.5
2021,standard,Arizona Cardinals,DST,225,DST17,219.5
2021,standard,Salvon Ahmed,CHI,226,RB67,220.5
2021,standard,Carlos Hyde,,227,RB68,220.5
2021,standard,Todd Gurley,II,228,RB69,220.5
2021,standard,Blake Jarwin,,229,TE23,222.5
2021,standard,Cole Kmet,CHI,230,TE24,223.0
2021,standard,Chris Herndon,IV,262,TE30,225.0
2021,standard,Adam Trautman,DEN,231,TE25,226.0
2021,standard,Darius Slayton,NYG,263,WR83,226.0
2021,standard,Minnesota Vikings,DST,209,DST14,226.7
2021,standard,Tre'Quan Smith,,235,WR77,230.5
2021,standard,Cordarrelle Patterson,,236,RB71,230.5
2021,standard,Justin Jackson,,237,RB72,231.5
2021,standard,Joshua Palmer,BUF,239,WR78,232.5
2021,standard,Tyrell Williams,,240,WR79,233.5
2021,standard,Juwan Johnson,NO,265,TE31,234.0
2021,standard,Chicago Bears,DST,241,DST19,234.5
2021,standard,Tarik Cohen,,242,RB73,235.0
2021,standard,Boston Scott,,243,RB74,236.5
2021,standard,Byron Pringle,,267,WR84,239.0
2021,standard,Parris Campbell,,248,WR80,240.5
2021,standard,Tim Tebow,,269,TE32,244.0
2021,standard,Hayden Hurst,,270,TE33,245.0
2021,standard,Daniel Jones,IND,255,QB29,246.5
2021,standard,Dawson Knox,BUF,271,TE34,247.0
2021,standard,Evan McPherson,CIN,256,K17,247.5
2021,standard,Eric Ebron,,257,TE29,248.0
2021,standard,Jimmy Graham,,272,TE35,249.0
2021,standard,Detrez Newsome,,273,RB83,249.0
2021,standard,Carson Wentz,MIN,232,QB28,250.0
2021,standard,Los Angeles Chargers,DST,251,DST20,251.5
2021,standard,Houston Texans,DST,275,DST23,252.0
2021,standard,Paul McRoberts,,276,WR87,252.0
2021,standard,New Orleans Saints,DST,261,DST22,252.5
2021,standard,Jon Brown,,277,K18,253.0
2021,standard,Sam Ficken,,278,K19,254.0
2021,standard,Marcus Marshall,,279,RB84,254.0
2021,standard,Sam Darnold,SEA,264,QB30,255.0
2021,standard,Vincent Testaverde,,280,QB31,255.0
2021,standard,Nick Tiano,,281,QB32,256.0
2021,standard,Kent Taylor,,282,TE36,257.0
2021,standard,Carolina Panthers,DST,260,DST21,257.5
2021,standard,Cam Sutton,,283,TE37,258.0
2021,standard,Stevan Ridley,,284,RB85,259.0
2021,standard,Drew Lock,SEA,285,QB33,259.0
2021,standard,Brandon Weeden,,286,QB34,260.0
2021,standard,Breshad Perriman,,287,WR88,260.0
2021,standard,Sammy Watkins,,268,WR85,261.0
2021,standard,Isaiah Burse,,288,WR89,261.0
2021,standard,La'Mical Perine,,289,RB86,261.0
2021,standard,Juwan Green,,290,WR90,262.0
2021,standard,Taywan Taylor,,291,WR91,263.0
2021,standard,Qadree Ollison,,292,RB87,263.0
2021,standard,Derel Walker,,293,WR92,264.0
2021,standard,Tyler Davis,,294,WR93,265.0
2021,standard,Dan Arnold,,295,TE38,265.0
2021,standard,Connor Davis,,296,TE39,266.0
2021,standard,Tyrod Taylor,GB,297,QB35,267.0
2021,standard,Josiah Deguara,,298,TE40,267.0
2021,standard,Khalid Hill,,299,RB88,268.0
2021,standard,Aaron Fuller,,300,WR94,269.0
2021,standard,Austin Traylor,,301,TE41,270.0
2021,standard,Pooka Williams Jr.,,302,RB89,270.0
2021,standard,Jerick McKinnon,,266,RB82,270.5
2021,standard,Jarvion Franklin,,303,RB90,271.0
2021,standard,Scotty Miller,CHI,304,WR95,271.0
2021,standard,Martavis Bryant,,305,WR96,272.0
2021,standard,Cam Newton,,306,QB36,273.0
2021,standard,Drew Anderson,,307,QB37,273.0
2021,standard,Denzel Mims,DAL,308,WR97,274.0
2021,standard,Cole McDonald,,309,QB38,274.0
2021,standard,Willie Snead,IV,310,WR98,275.0
2021,standard,Dee Eskridge,,311,WR99,275.0
2021,standard,Darrin Hall,,312,RB91,276.0
2021,standard,Dalton Schultz,HOU,313,TE42,277.0
2021,standard,DeAndre Thompkins,,314,WR100,277.0
2021,standard,Phillip Andersen,,315,K20,278.0
2021,standard,Eno Benjamin,,316,RB92,278.0
2021,standard,Isaiah Crowell,,317,RB93,279.0
2021,standard,Jeff Wilson Jr.,,318,RB94,279.0
2021,standard,Jeremy Kerley,,319,WR101,280.0
2021,standard,Austin MacGinnis,,320,K21,280.0
2021,standard,John Brown,,274,WR86,280.5
2021,standard,Broc Rutter,,321,QB39,281.0
2021,standard,DeSean Jackson,,322,WR102,282.0
2021,standard,Royce Freeman,,323,RB95,284.0
2021,standard,Dallas Cowboys,DST,324,DST24,286.0
2021,standard,Keke Coutee,,325,WR103,288.0
2021,standard,Jared Goff,DET,326,QB40,289.0
2021,standard,Mo Alie-Cox,IND,327,TE43,290.0
2021,standard,Teddy Bridgewater,DET,328,QB41,291.0
2021,standard,Olamide Zaccheaus,ATL,329,WR104,292.0
2021,standard,Jalen Richard,,330,RB96,294.0
2021,standard,Hunter Renfrow,,331,WR105,296.0
2021,standard,Larry Rountree,III,332,RB97,298.0
2021,standard,Jimmy Garoppolo,LAR,333,QB42,300.0
2021,standard,Samaje Perine,CIN,334,RB98,302.0
2021,standard,Travis Fulgham,,335,WR106,303.0
2021,standard,Xavier Jones,,259,RB81,305.0
2021,standard,Ke'Shawn Vaughn,,336,RB99,305.0
2021,standard,Mike Boone,,337,RB100,306.0
2021,standard,David Moore,CAR,338,WR107,307.0
2021,standard,Quintez Cephus,,339,WR108,308.0
2021,standard,Kerryon Johnson,,340,RB101,309.0
2021,standard,Philadelphia Eagles,DST,341,DST25,311.0
2021,standard,D'Onta Foreman,,342,RB102,312.0
2021,standard,Chris Boswell,PIT,343,K22,313.0
2021,standard,New York Giants,DST,344,DST26,314.0
2021,standard,Josh Reynolds,,345,WR109,315.0
2021,standard,Tim Patrick,NYJ,346,WR110,316.0
2021,standard,Graham Gano,,347,K23,317.0
2021,standard,Kalen Ballage,,348,RB103,318.0
2021,standard,Cairo Santos,CHI,349,K24,319.0
2021,standard,Cody Parkey,,350,K25,320.0
2021,standard,Deonte Harty,,351,WR111,321.0
2021,standard,Anthony Miller,,352,WR112,322.0
2021,standard,Rashard Higgins,,353,WR113,323.0
2021,standard,Matt Breida,,354,RB104,324.0
2021,standard,Ameer Abdullah,JAC,355,RB105,325.0
2021,standard,New York Jets,DST,356,DST27,326.0
2021,standard,KJ Hamler,,357,WR114,327.0
2021,standard,C.J. Uzomah,,358,TE44,328.0
2021,standard,Nick Folk,ATL,359,K26,329.0
2021,standard,Zach Pascal,,360,WR115,330.0
2021,standard,Marquise Goodwin,,361,WR116,331.0
2021,standard,Jake Elliott,PHI,362,K27,332.0
2021,standard,Ka'imi Fairbairn,HOU,363,K28,333.0
2021,standard,Jonathan Williams,,364,RB106,334.0
2021,standard,Jacksonville Jaguars,DST,365,DST28,335.0
2021,standard,Devin Funchess,,366,WR117,336.0
2021,standard,Josh Lambo,,367,K29,337.0
2021,standard,Michael Badgley,,368,K30,338.0
2021,standard,Atlanta Falcons,DST,369,DST29,339.0
2021,standard,Amari Rodgers,,370,WR118,340.0
2021,standard,Joey Slye,TEN,371,K31,341.0
2021,standard,Stephen Anderson,,372,TE45,342.0
2021,standard,David Njoku,LAC,373,TE46,343.0
2021,standard,Ito Smith,,374,RB107,344.0
2021,standard,Dyami Brown,WAS,375,WR119,345.0
2021,standard,Albert Wilson,,376,WR120,346.0
2021,standard,Chase McLaughlin,TB,377,K32,347.0
2021,standard,Donald Parham Jr.,,378,TE47,348.0
2021,standard,Dustin Hopkins,,379,K33,349.0
2021,standard,Kendrick Bourne,ARI,380,WR121,350.0
2021,standard,Marcus Mariota,WAS,381,QB43,351.0
2021,standard,Antonio Gandy-Golden,,382,WR122,352.0
2021,standard,Van Jefferson,WAS,383,WR123,353.0
2021,standard,Detroit Lions,DST,384,DST30,354.0
2021,standard,Keelan Cole Sr.,,385,WR124,355.0
2021,standard,Tutu Atwell,MIA,386,WR125,356.0
2021,standard,James Washington,,387,WR126,357.0
2021,standard,N'Keal Harry,,388,WR127,358.0
2021,standard,Tucker McCann,,389,K34,359.0
2021,standard,Randy Bullock,,390,K35,360.0
2021,standard,Cam Sims,,391,WR128,361.0
2021,standard,Jalen Guyton,,392,WR129,362.0
2021,standard,Chris Conley,,393,WR130,363.0
2021,standard,Shi Smith,,394,WR131,364.0
2021,standard,Preston Williams,,395,WR132,365.0
2021,standard,Damiere Byrd,,396,WR133,367.0
2021,standard,Trent Sherfield Sr.,BUF,397,WR134,368.0
2021,standard,Michael Strachan,,398,WR135,369.0
2021,standard,Matt Jones,,399,RB108,370.0
2021,standard,Matt Ammendola,,400,K36,371.0
2021,standard,Jalen Hurd,,401,WR136,372.0
2021,standard,Ryan Santoso,,402,K37,373.0
2021,standard,Aldrick Rosas,,403,K38,374.0
2021,standard,Devin Smith,,404,WR137,375.0
2021,standard,Jordan Love,GB,405,QB44,376.0
2021,standard,Greg Joseph,,406,K39,377.0
2021,standard,Cincinnati Bengals,DST,407,DST31,378.0
2021,standard,Dezmon Patmon,,408,WR138,379.0
2021,standard,Khalil Herbert,,409,RB109,380.0
2021,standard,Rodney Adams,,410,WR139,381.0
2021,standard,Jesper Horsted,,411,TE48,382.0
2021,standard,Peyton Barber,,412,RB110,383.0
2021,standard,Eddy Pineiro,SF,413,K40,384.0
2021,standard,Demetric Felton Jr.,,414,RB111,385.0
2021,standard,Cornell Powell,,415,WR140,386.0
2021,standard,Cam Akers,,416,RB112,388.0
2022,half,Jonathan Taylor,IND,1,RB1,1.0
2022,half,Christian McCaffrey,SF,2,RB2,2.0
2022,half,Austin Ekeler,,3,RB3,3.5
2022,half,Derrick Henry,BAL,4,RB4,4.5
2022,half,Cooper Kupp,SEA,5,WR1,4.5
2022,half,Justin Jefferson,MIN,6,WR2,6.5
2022,half,Dalvin Cook,,7,RB5,6.5
2022,half,Najee Harris,LAC,8,RB6,8.0
2022,half,Ja'Marr Chase,CIN,9,WR3,9.0
2022,half,Joe Mixon,,10,RB7,10.0
2022,half,Davante Adams,LAR,11,WR4,11.5
2022,half,Stefon Diggs,,12,WR5,12.0
2022,half,D'Andre Swift,CHI,13,RB8,14.5
2022,half,Travis Kelce,KC,14,TE1,15.0
2022,half,Alvin Kamara,NO,15,RB9,15.5
2022,half,CeeDee Lamb,DAL,16,WR6,16.0
2022,half,Aaron Jones Sr.,MIN,17,RB10,16.0
2022,half,Saquon Barkley,PHI,18,RB11,16.5
2022,half,Nick Chubb,,19,RB12,17.5
2022,half,Tyreek Hill,,20,WR7,22.0
2022,half,Josh Allen,BUF,21,QB1,22.0
2022,half,Leonard Fournette,,22,RB13,22.5
2022,half,Javonte Williams,DAL,23,RB14,23.0
2022,half,Mike Evans,SF,24,WR8,23.5
2022,half,Deebo Samuel Sr.,,25,WR9,23.5
2022,half,Mark Andrews,BAL,26,TE2,24.5
2022,half,Ezekiel Elliott,,27,RB15,27.5
2022,half,James Conner,ARI,28,RB16,29.0
2022,half,Michael Pittman Jr.,PIT,29,WR10,30.0
2022,half,A.J. Brown,NE,30,WR11,30.0
2022,half,Keenan Allen,LAC,31,WR12,30.5
2022,half,Tee Higgins,CIN,32,WR13,32.0
2022,half,Kyle Pitts Sr.,ATL,33,TE3,32.0
2022,half,Patrick Mahomes II,KC,34,QB2,33.0
2022,half,Justin Herbert,LAC,35,QB3,36.0
2022,half,DJ Moore,BUF,36,WR14,38.0
2022,half,George Kittle,SF,37,TE4,38.5
2022,half,Travis Etienne Jr.,NO,38,RB17,40.0
2022,half,Mike Williams,,39,WR15,40.5
2022,half,Breece Hall,NYJ,40,RB18,40.5
2022,half,Terry McLaurin,WAS,41,WR16,41.0
2022,half,David Montgomery,HOU,42,RB19,42.0
2022,half,Cam Akers,,43,RB20,42.0
2022,half,Lamar Jackson,BAL,44,QB4,42.5
2022,half,Courtland Sutton,DEN,45,WR17,44.0
2022,half,Elijah Mitchell,PHI,46,RB21,45.5
2022,half,Darren Waller,,47,TE5,47.5
2022,half,Diontae Johnson,,48,WR18,48.5
2022,half,Jaylen Waddle,DEN,49,WR19,49.0
2022,half,Josh Jacobs,GB,50,RB22,49.5
2022,half,Allen Robinson,II,51,WR20,50.5
2022,half,DK Metcalf,PIT,52,WR21,52.5
2022,half,AJ Dillon,CAR,53,RB23,54.0
2022,half,J.K. Dobbins,DEN,54,RB24,55.0
2022,half,Kyler Murray,MIN,55,QB5,55.5
2022,half,Joe Burrow,CIN,56,QB6,56.5
2022,half,Jerry Jeudy,CLE,57,WR22,56.5
2022,half,Dalton Schultz,HOU,58,TE6,56.5
2022,half,Jalen Hurts,PHI,59,QB7,60.0
2022,half,Antonio Gibson,,60,RB25,63.0
2022,half,Brandin Cooks,,61,WR23,63.5
2022,half,JuJu Smith-Schuster,NYG,62,WR24,63.5
2022,half,Amon-Ra St. Brown,DET,63,WR25,65.0
2022,half,Clyde Edwards-Helaire,,64,RB26,66.5
2022,half,Gabe Davis,,65,WR26,66.5
2022,half,Hollywood Brown,PHI,66,WR27,68.0
2022,half,T.J. Hockenson,MIN,67,TE7,68.0
2022,half,Dallas Goedert,PHI,68,TE8,70.0
2022,half,Tom Brady,,69,QB8,70.5
2022,half,Michael Thomas,,70,WR28,70.5
2022,half,Russell Wilson,,71,QB9,71.5
2022,half,Chase Edmonds,WAS,72,RB27,72.5
2022,half,Damien Harris,,73,RB28,72.5
2022,half,Adam Thielen,,74,WR29,73.0
2022,half,Amari Cooper,,75,WR30,75.5
2022,half,Rashod Bateman,BAL,76,WR31,77.5
2022,half,Chris Godwin Jr.,TB,77,WR32,79.0
2022,half,Dameon Pierce,PHI,78,RB29,79.0
2022,half,Dawson Knox,BUF,79,TE9,81.0
2022,half,Darnell Mooney,NYG,80,WR33,81.5
2022,half,Miles Sanders,,81,RB30,82.5
2022,half,Buffalo Bills,DST,82,DST1,84.0
2022,half,Devin Singletary,NYG,83,RB31,84.0
2022,half,Rashaad Penny,,84,RB32,85.0
2022,half,Kareem Hunt,,85,RB33,87.0
2022,half,Tony Pollard,TEN,86,RB34,87.0
2022,half,Dak Prescott,DAL,87,QB10,89.5
2022,half,Hunter Renfrow,,88,WR34,89.5
2022,half,Cordarrelle Patterson,,89,RB35,90.5
2022,half,Rhamondre Stevenson,NE,90,RB36,91.5
2022,half,Elijah Moore,PHI,91,WR35,92.5
2022,half,Aaron Rodgers,PIT,92,QB11,93.0
2022,half,DeAndre Hopkins,BAL,93,WR36,93.5
2022,half,Brandon Aiyuk,SF,94,WR37,96.0
2022,half,Zach Ertz,,95,TE10,97.0
2022,half,DeVonta Smith,PHI,96,WR38,97.5
2022,half,Trey Lance,LAC,97,QB12,98.0
2022,half,Allen Lazard,,98,WR39,98.5
2022,half,Tampa Bay Buccaneers,DST,99,DST2,99.0
2022,half,Melvin Gordon,III,100,RB37,101.5
2022,half,San Francisco 49ers,DST,101,DST3,103.0
2022,half,Matthew Stafford,LAR,102,QB13,103.0
2022,half,Kenneth Walker III,KC,103,RB38,103.5
2022,half,Christian Kirk,SF,104,WR40,104.0
2022,half,Justin Tucker,,105,K1,106.0
2022,half,Drake London,ATL,106,WR41,107.0
2022,half,Los Angeles Rams,DST,107,DST4,109.5
2022,half,Evan McPherson,CIN,108,K2,110.5
2022,half,James Cook III,BUF,109,RB39,110.5
2022,half,Tyler Lockett,LV,110,WR42,110.5
2022,half,Robert Woods,,111,WR43,113.5
2022,half,Pat Freiermuth,PIT,112,TE11,114.0
2022,half,Chris Olave,NO,113,WR44,117.0
2022,half,Cole Kmet,CHI,114,TE12,118.5
2022,half,Derek Carr,,115,QB14,119.0
2022,half,Darrell Henderson Jr.,,116,RB40,119.0
2022,half,Michael Carter,TEN,117,RB41,121.0
2022,half,Indianapolis Colts,DST,118,DST5,122.0
2022,half,George Pickens,DAL,119,WR45,122.0
2022,half,Kadarius Toney,,120,WR46,122.5
2022,half,Daniel Carlson,LV,121,K3,124.0
2022,half,James Robinson,,122,RB42,124.0
2022,half,Kirk Cousins,LV,123,QB15,126.0
2022,half,Harrison Butker,KC,124,K4,127.0
2022,half,Tyler Bass,BUF,125,K5,127.5
2022,half,Chase Claypool,,126,WR47,130.0
2022,half,Mike Gesicki,CIN,127,TE13,130.0
2022,half,Alexander Mattison,,128,RB43,130.5
2022,half,Matt Gay,LV,129,K6,131.0
2022,half,Nyheim Miller-Hines,,130,RB44,132.0
2022,half,Julio Jones,,131,WR48,133.0
2022,half,Denver Broncos,DST,132,DST6,135.5
2022,half,Brian Robinson Jr.,ATL,133,RB45,137.0
2022,half,Green Bay Packers,DST,134,DST7,139.0
2022,half,New Orleans Saints,DST,135,DST8,139.0
2022,half,Carson Wentz,MIN,190,QB24,139.0
2022,half,Cameron Brate,,191,TE20,140.0
2022,half,Las Vegas Raiders,DST,193,DST11,141.0
2022,half,Dallas Cowboys,DST,136,DST9,142.5
2022,half,Garrett Wilson,NYJ,137,WR49,144.0
2022,half,Albert Okwuegbunam Jr.,LV,138,TE14,144.0
2022,half,Chicago Bears,DST,194,DST12,145.0
2022,half,Greg Joseph,,197,K11,148.0
2022,half,Mo Alie-Cox,IND,199,TE22,149.0
2022,half,Treylon Burks,WAS,139,WR50,150.5
2022,half,Hunter Henry,NE,140,TE15,151.0
2022,half,Marquez Valdes-Scantling,DAL,141,WR51,152.5
2022,half,Isiah Pacheco,DET,142,RB46,152.5
2022,half,Jarvis Landry,,143,WR52,152.5
2022,half,Skyy Moore,GB,144,WR53,153.5
2022,half,Raheem Mostert,LV,145,RB47,154.5
2022,half,David Njoku,LAC,146,TE16,155.0
2022,half,Tyler Boyd,,147,WR54,156.0
2022,half,Los Angeles Chargers,DST,204,DST13,158.0
2022,half,DeVante Parker,,148,WR55,158.5
2022,half,Russell Gage Jr.,,149,WR56,161.0
2022,half,Greg Zuerlein,,208,K12,161.0
2022,half,Isaiah Spiller,,150,RB48,162.0
2022,half,Tua Tagovailoa,ATL,151,QB16,162.0
2022,half,Mecole Hardman Jr.,BUF,152,WR57,162.0
2022,half,Romeo Doubs,NE,153,WR58,162.5
2022,half,Ronald Jones,II,154,RB49,164.0
2022,half,Kenny Gainwell,TB,155,RB50,164.5
2022,half,Mark Ingram,II,156,RB51,164.5
2022,half,Tyler Allgeier,ARI,157,RB52,166.0
2022,half,Marlon Mack,,158,RB53,167.0
2022,half,Justin Fields,KC,159,QB17,167.0
2022,half,Chris Boswell,PIT,212,K15,167.0
2022,half,Baltimore Ravens,DST,160,DST10,167.5
2022,half,Rachaad White,WAS,161,RB54,168.5
2022,half,Jahan Dotson,ATL,162,WR59,169.5
2022,half,Khalil Herbert,,163,RB55,171.0
2022,half,Younghoe Koo,,164,K7,171.5
2022,half,Michael Gallup,,165,WR60,172.5
2022,half,Baker Mayfield,TB,166,QB18,173.0
2022,half,Zamir White,LV,167,RB56,173.0
2022,half,Trevor Lawrence,JAC,168,QB19,173.0
2022,half,Tyler Higbee,LAR,169,TE17,175.5
2022,half,Jared Goff,DET,215,QB27,177.0
2022,half,Jamaal Williams,,171,RB57,179.0
2022,half,Robbie Gould,,172,K8,179.5
2022,half,Kenny Golladay,,173,WR61,179.5
2022,half,Kenny Pickett,CAR,174,QB20,180.0
2022,half,Isaiah McKenzie,,175,WR62,180.0
2022,half,Odell Beckham Jr.,NYG,176,WR63,180.5
2022,half,Joshua Palmer,BUF,177,WR64,181.5
2022,half,Mac Jones,SF,178,QB21,183.0
2022,half,Sammy Watkins,,179,WR65,183.0
2022,half,Christian Watson,GB,180,WR66,184.5
2022,half,Hayden Hurst,,181,TE18,186.0
2022,half,DJ Chark Jr.,,182,WR67,186.0
2022,half,Jalen Tolbert,MIA,183,WR68,186.0
2022,half,Taysom Hill,,184,TE19,186.5
2022,half,Deshaun Watson,CLE,185,QB22,186.5
2022,half,Matt Prater,,186,K9,187.0
2022,half,Nick Folk,ATL,187,K10,187.0
2022,half,Jameis Winston,NYG,188,QB23,187.0
2022,half,Wan'Dale Robinson,TEN,221,WR72,187.0
2022,half,J.D. McKissic,,189,RB58,188.5
2022,half,K.J. Osborn,TEN,222,WR73,189.0
2022,half,Mike Davis,,192,RB59,189.5
2022,half,KJ Hamler,,223,WR74,190.0
2022,half,D'Onta Foreman,,195,RB60,192.0
2022,half,Isaiah Likely,NYG,196,TE21,193.0
2022,half,Jakobi Meyers,JAC,198,WR69,193.5
2022,half,Ryan Tannehill,,200,QB25,194.5
2022,half,Irv Smith Jr.,,201,TE23,195.0
2022,half,Sony Michel,,202,RB61,195.5
2022,half,Chuba Hubbard,CAR,225,RB63,196.0
2022,half,Robert Tonyan,PIT,203,TE24,196.5
2022,half,Alec Pierce,IND,226,WR75,197.0
2022,half,Matt Ryan,,205,QB26,199.0
2022,half,Tyrion Davis-Price,,227,RB64,199.0
2022,half,Jameson Williams,DET,206,WR70,199.5
2022,half,New England Patriots,DST,207,DST14,199.5
2022,half,Brandon McManus,,209,K13,200.0
2022,half,Nico Collins,HOU,210,WR71,200.0
2022,half,Rodrigo Blankenship,,211,K14,201.5
2022,half,Darrel Williams,,213,RB62,203.5
2022,half,Devin Duvernay,ARI,229,WR76,204.0
2022,half,Cade York,NYJ,231,K18,205.0
2022,half,Ryan Succop,,214,K16,206.0
2022,half,Jeff Wilson Jr.,,233,RB66,206.0
2022,half,Noah Fant,NO,216,TE25,208.0
2022,half,Eno Benjamin,,234,RB67,208.0
2022,half,Cleveland Browns,DST,217,DST15,208.5
2022,half,Wil Lutz,DEN,218,K17,209.5
2022,half,Gerald Everett,,219,TE26,210.0
2022,half,Marvin Jones Jr.,,235,WR77,210.0
2022,half,Washington Commanders,DST,236,DST18,211.0
2022,half,Pittsburgh Steelers,DST,220,DST16,212.0
2022,half,Robbie Chosen,,238,WR78,214.0
2022,half,Zay Jones,,239,WR79,214.0
2022,half,Austin Hooper,ATL,224,TE27,215.5
2022,half,Logan Thomas,,240,TE29,216.0
2022,half,Evan Engram,DEN,228,TE28,220.0
2022,half,Van Jefferson,WAS,242,WR80,220.0
2022,half,Jason Sanders,NYJ,243,K19,221.0
2022,half,Gus Edwards,,230,RB65,221.5
2022,half,Philadelphia Eagles,DST,232,DST17,222.0
2022,half,Tennessee Titans,DST,237,DST19,225.0
2022,half,Dontrell Hilliard,,246,RB68,225.0
2022,half,Jerick McKinnon,,247,RB69,226.0
2022,half,Randall Cobb,,248,WR81,228.0
2022,half,Jake Elliott,PHI,249,K20,228.0
2022,half,Cincinnati Bengals,DST,241,DST20,229.0
2022,half,Kenyan Drake,,250,RB70,229.0
2022,half,Parris Campbell,,251,WR82,230.0
2022,half,Samaje Perine,CIN,252,RB71,231.0
2022,half,Miami Dolphins,DST,244,DST21,231.5
2022,half,Daniel Jones,IND,245,QB28,232.0
2022,half,A.J. Green,,253,WR83,233.0
2022,half,Dustin Hopkins,,254,K21,233.0
2022,half,Kansas City Chiefs,DST,255,DST22,234.0
2022,half,David Bell,,256,WR84,236.0
2022,half,Minnesota Vikings,DST,257,DST23,238.0
2022,half,Donovan Peoples-Jones,,258,WR85,238.0
2022,half,Curtis Samuel,,259,WR86,239.0
2022,half,Hassan Haskins,LAC,260,RB72,241.0
2022,half,Andre Baccellia,,261,WR87,242.0
2022,half,Parker Houston,,262,TE30,243.0
2022,half,Carl Tucker,,263,TE31,244.0
2022,half,Tyshaun James,,264,WR88,245.0
2022,half,Javon Leake,,265,RB73,246.0
2022,half,Charles Williams,,266,RB74,247.0
2022,half,J.J. Koski,,267,WR89,249.0
2022,half,Connor Wedington,,268,WR90,250.0
2022,half,Shane Zylstra,BUF,269,TE32,251.0
2022,half,Shaquelle Evans,,270,WR91,252.0
2022,half,Terrell Sinkfield,,271,WR92,254.0
2022,half,Diontae Spencer,,272,WR93,255.0
2022,half,Bennie Fowler,III,273,WR94,256.0
2022,half,Cade Brewer,,274,TE33,257.0
2022,half,Levi Lewis,,275,QB29,258.0
2022,half,Kendal Thompson,,276,WR95,259.0
2022,half,Terry Swanson,,277,RB75,260.0
2022,half,David Watford,,278,WR96,261.0
2022,half,Ryan Nall,,279,RB76,262.0
2022,half,Juwan Johnson,NO,280,TE34,263.0
2022,half,Emeka Emezie,,281,WR97,264.0
2022,half,Brandon Smith,,282,CB,266.0
2022,half,Javian Hawkins,TEN,283,RB77,268.0
2022,half,Kenneth Dixon,,284,RB78,269.0
2022,half,Alonzo Moore,,285,WR98,271.0
2022,half,Jaron Brown,,286,WR99,272.0
2022,half,Matthew Wright,,287,K22,273.0
2022,half,Tyler Renew,,288,RB79,274.0
2022,half,John Lovett,,289,QB30,275.0
2022,half,Brandon Johnson,,290,LB,276.0
2022,half,Blake Sims,,291,QB31,277.0
2022,half,Jack Stoll,CLE,292,TE35,278.0
2022,half,Jake Heaps,,293,QB32,279.0
2022,half,Eric Rogers,,294,WR100,280.0
2022,ppr,Jonathan Taylor,IND,1,RB1,1.0
2022,ppr,Christian McCaffrey,SF,2,RB2,2.0
2022,ppr,Austin Ekeler,,3,RB3,3.8
2022,ppr,Cooper Kupp,SEA,4,WR1,4.0
2022,ppr,Derrick Henry,BAL,5,RB4,5.3
2022,ppr,Justin Jefferson,MIN,6,WR2,5.5
2022,ppr,Dalvin Cook,,7,RB5,7.5
2022,ppr,Najee Harris,LAC,8,RB6,8.0
2022,ppr,Ja'Marr Chase,CIN,9,WR3,8.3
2022,ppr,Joe Mixon,,10,RB7,10.3
2022,ppr,Davante Adams,LAR,11,WR4,12.3
2022,ppr,Stefon Diggs,,12,WR5,12.5
2022,ppr,Alvin Kamara,NO,13,RB8,13.3
2022,ppr,Travis Kelce,KC,14,TE1,15.0
2022,ppr,D'Andre Swift,CHI,15,RB9,15.5
2022,ppr,Deebo Samuel Sr.,,16,WR6,17.0
2022,ppr,Aaron Jones Sr.,MIN,17,RB10,19.5
2022,ppr,CeeDee Lamb,DAL,18,WR7,19.5
2022,ppr,Tyreek Hill,,19,WR8,19.8
2022,ppr,Nick Chubb,,20,RB11,20.0
2022,ppr,Saquon Barkley,PHI,21,RB12,20.3
2022,ppr,Josh Allen,BUF,22,QB1,20.8
2022,ppr,Mark Andrews,BAL,23,TE2,21.8
2022,ppr,Leonard Fournette,,24,RB13,22.0
2022,ppr,Javonte Williams,DAL,25,RB14,22.8
2022,ppr,Mike Evans,SF,26,WR9,26.8
2022,ppr,Keenan Allen,LAC,27,WR10,28.3
2022,ppr,James Conner,ARI,28,RB15,29.3
2022,ppr,Patrick Mahomes II,KC,29,QB2,29.8
2022,ppr,Ezekiel Elliott,,30,RB16,30.3
2022,ppr,A.J. Brown,NE,31,WR11,30.8
2022,ppr,Kyle Pitts Sr.,ATL,32,TE3,32.8
2022,ppr,Michael Pittman Jr.,PIT,33,WR12,33.5
2022,ppr,Tee Higgins,CIN,34,WR13,33.8
2022,ppr,Justin Herbert,LAC,35,QB3,34.5
2022,ppr,David Montgomery,HOU,36,RB17,36.5
2022,ppr,Cam Akers,,37,RB18,39.8
2022,ppr,George Kittle,SF,38,TE4,39.8
2022,ppr,Travis Etienne Jr.,NO,39,RB19,40.5
2022,ppr,Terry McLaurin,WAS,40,WR14,41.0
2022,ppr,Lamar Jackson,BAL,41,QB4,43.5
2022,ppr,DJ Moore,BUF,42,WR15,43.8
2022,ppr,Diontae Johnson,,43,WR16,43.8
2022,ppr,Darren Waller,,44,TE5,44.8
2022,ppr,Mike Williams,,45,WR17,46.0
2022,ppr,Jaylen Waddle,DEN,46,WR18,47.3
2022,ppr,DK Metcalf,PIT,47,WR19,48.3
2022,ppr,Josh Jacobs,GB,48,RB20,49.5
2022,ppr,Elijah Mitchell,PHI,49,RB21,52.0
2022,ppr,J.K. Dobbins,DEN,50,RB22,52.0
2022,ppr,Breece Hall,NYJ,51,RB23,52.3
2022,ppr,Kyler Murray,MIN,52,QB5,53.8
2022,ppr,Jalen Hurts,PHI,53,QB6,55.3
2022,ppr,Brandin Cooks,,54,WR20,56.0
2022,ppr,Dalton Schultz,HOU,55,TE6,57.3
2022,ppr,Courtland Sutton,DEN,56,WR21,58.0
2022,ppr,Joe Burrow,CIN,57,QB7,60.3
2022,ppr,Hollywood Brown,PHI,58,WR22,61.5
2022,ppr,Chris Godwin Jr.,TB,59,WR23,61.8
2022,ppr,Allen Robinson,II,60,WR24,62.8
2022,ppr,Amon-Ra St. Brown,DET,61,WR25,63.5
2022,ppr,Clyde Edwards-Helaire,,62,RB24,64.0
2022,ppr,Antonio Gibson,,63,RB25,64.8
2022,ppr,Jerry Jeudy,CLE,64,WR26,65.8
2022,ppr,T.J. Hockenson,MIN,65,TE7,65.8
2022,ppr,Gabe Davis,,66,WR27,67.3
2022,ppr,AJ Dillon,CAR,67,RB26,67.8
2022,ppr,Amari Cooper,,68,WR28,67.8
2022,ppr,Dallas Goedert,PHI,69,TE8,70.5
2022,ppr,Tom Brady,,70,QB8,72.0
2022,ppr,Adam Thielen,,71,WR29,73.3
2022,ppr,Darnell Mooney,NYG,72,WR30,73.5
2022,ppr,JuJu Smith-Schuster,NYG,73,WR31,74.3
2022,ppr,Russell Wilson,,74,QB9,77.5
2022,ppr,Michael Thomas,,75,WR32,80.0
2022,ppr,Aaron Rodgers,PIT,76,QB10,80.3
2022,ppr,Dak Prescott,DAL,77,QB11,82.0
2022,ppr,Devin Singletary,NYG,78,RB27,82.5
2022,ppr,Hunter Renfrow,,79,WR33,83.3
2022,ppr,DeAndre Hopkins,BAL,80,WR34,83.3
2022,ppr,Dameon Pierce,PHI,81,RB28,83.5
2022,ppr,Damien Harris,,82,RB29,83.8
2022,ppr,Miles Sanders,,83,RB30,84.5
2022,ppr,Kareem Hunt,,84,RB31,85.3
2022,ppr,Cordarrelle Patterson,,85,RB32,85.8
2022,ppr,Tony Pollard,TEN,86,RB33,86.0
2022,ppr,Chase Edmonds,WAS,87,RB34,86.8
2022,ppr,Rashaad Penny,,88,RB35,87.0
2022,ppr,Rashod Bateman,BAL,89,WR35,88.5
2022,ppr,Zach Ertz,,90,TE9,88.8
2022,ppr,Dawson Knox,BUF,91,TE10,90.0
2022,ppr,Elijah Moore,PHI,92,WR36,90.0
2022,ppr,DeVonta Smith,PHI,93,WR37,90.3
2022,ppr,Buffalo Bills,DST,94,DST1,92.0
2022,ppr,Matthew Stafford,LAR,95,QB12,92.0
2022,ppr,Tyler Lockett,LV,96,WR38,96.5
2022,ppr,Brandon Aiyuk,SF,97,WR39,98.0
2022,ppr,Drake London,ATL,98,WR40,98.5
2022,ppr,Rhamondre Stevenson,NE,99,RB36,100.0
2022,ppr,Christian Kirk,SF,100,WR41,100.3
2022,ppr,Trey Lance,LAC,101,QB13,101.5
2022,ppr,Robert Woods,,102,WR42,103.0
2022,ppr,Allen Lazard,,103,WR43,104.5
2022,ppr,Justin Tucker,,104,K1,105.5
2022,ppr,Melvin Gordon,III,105,RB37,107.5
2022,ppr,Pat Freiermuth,PIT,106,TE11,108.5
2022,ppr,Chris Olave,NO,107,WR44,110.8
2022,ppr,Tampa Bay Buccaneers,DST,108,DST2,112.3
2022,ppr,Derek Carr,,109,QB14,113.3
2022,ppr,Kenneth Walker III,KC,110,RB38,116.0
2022,ppr,Chase Claypool,,111,WR45,116.3
2022,ppr,James Robinson,,112,RB39,117.0
2022,ppr,Michael Carter,TEN,113,RB40,117.0
2022,ppr,San Francisco 49ers,DST,114,DST3,118.8
2022,ppr,Kadarius Toney,,115,WR46,119.0
2022,ppr,James Cook III,BUF,116,RB41,120.0
2022,ppr,Cole Kmet,CHI,117,TE12,121.8
2022,ppr,Indianapolis Colts,DST,118,DST4,123.5
2022,ppr,Kirk Cousins,LV,119,QB15,125.3
2022,ppr,George Pickens,DAL,120,WR47,127.8
2022,ppr,Los Angeles Rams,DST,121,DST5,129.0
2022,ppr,Harrison Butker,KC,122,K2,129.0
2022,ppr,Evan McPherson,CIN,123,K3,129.0
2022,ppr,Mike Gesicki,CIN,124,TE13,129.0
2022,ppr,Hunter Henry,NE,125,TE14,130.3
2022,ppr,Treylon Burks,WAS,126,WR48,131.8
2022,ppr,Daniel Carlson,LV,127,K4,132.3
2022,ppr,Darrell Henderson Jr.,,128,RB42,132.5
2022,ppr,Tyler Bass,BUF,129,K5,132.8
2022,ppr,Alexander Mattison,,130,RB43,135.0
2022,ppr,New Orleans Saints,DST,131,DST6,135.3
2022,ppr,Matt Gay,LV,132,K6,135.8
2022,ppr,Tyler Boyd,,133,WR49,137.8
2022,ppr,Garrett Wilson,NYJ,134,WR50,138.0
2022,ppr,Dallas Cowboys,DST,135,DST7,138.8
2022,ppr,Michael Gallup,,136,WR51,139.3
2022,ppr,Nyheim Miller-Hines,,137,RB44,140.5
2022,ppr,Tua Tagovailoa,ATL,138,QB16,140.5
2022,ppr,Green Bay Packers,DST,139,DST8,142.5
2022,ppr,Skyy Moore,GB,140,WR52,142.8
2022,ppr,Julio Jones,,141,WR53,143.8
2022,ppr,Raheem Mostert,LV,142,RB45,144.8
2022,ppr,Russell Gage Jr.,,143,WR54,145.5
2022,ppr,Kenny Gainwell,TB,144,RB46,146.8
2022,ppr,DJ Chark Jr.,,145,WR55,147.5
2022,ppr,Justin Fields,KC,146,QB17,148.0
2022,ppr,Los Angeles Chargers,DST,147,DST9,148.8
2022,ppr,Marquez Valdes-Scantling,DAL,148,WR56,148.8
2022,ppr,Matt Prater,,149,K7,151.0
2022,ppr,Brian Robinson Jr.,ATL,150,RB47,153.8
2022,ppr,Trevor Lawrence,JAC,151,QB18,155.0
2022,ppr,Tyler Higbee,LAR,152,TE15,155.3
2022,ppr,Jarvis Landry,,153,WR57,157.3
2022,ppr,Baltimore Ravens,DST,154,DST10,159.8
2022,ppr,DeVante Parker,,155,WR58,161.5
2022,ppr,David Njoku,LAC,156,TE16,161.8
2022,ppr,Jakobi Meyers,JAC,157,WR59,162.3
2022,ppr,Noah Fant,NO,158,TE17,164.3
2022,ppr,J.D. McKissic,,159,RB48,165.3
2022,ppr,New England Patriots,DST,160,DST11,166.0
2022,ppr,Jameis Winston,NYG,161,QB19,166.3
2022,ppr,Younghoe Koo,,162,K8,166.5
2022,ppr,Jeff Wilson Jr.,,249,RB67,167.0
2022,ppr,Mecole Hardman Jr.,BUF,163,WR60,168.8
2022,ppr,Denver Broncos,DST,164,DST12,169.0
2022,ppr,Miami Dolphins,DST,165,DST13,169.3
2022,ppr,Albert Okwuegbunam Jr.,LV,166,TE18,169.3
2022,ppr,Jamaal Williams,,167,RB49,170.0
2022,ppr,Mason Crosby,,220,K17,170.5
2022,ppr,Nick Folk,ATL,168,K9,172.0
2022,ppr,Matt Ryan,,169,QB20,172.3
2022,ppr,Brandon McManus,,170,K10,173.8
2022,ppr,Jahan Dotson,ATL,171,WR61,174.8
2022,ppr,Pittsburgh Steelers,DST,172,DST14,174.8
2022,ppr,Irv Smith Jr.,,173,TE19,175.8
2022,ppr,Romeo Doubs,NE,174,WR62,176.3
2022,ppr,Isaiah McKenzie,,175,WR63,176.3
2022,ppr,Mike Davis,,254,RB70,177.0
2022,ppr,Robert Tonyan,PIT,176,TE20,177.8
2022,ppr,Isiah Pacheco,DET,195,RB55,178.0
2022,ppr,Ryan Succop,,177,K11,179.0
2022,ppr,Mark Ingram,II,178,RB50,179.0
2022,ppr,Khalil Herbert,,179,RB51,181.3
2022,ppr,Kansas City Chiefs,DST,197,DST17,183.3
2022,ppr,Ryan Tannehill,,180,QB21,185.3
2022,ppr,Tyler Allgeier,ARI,181,RB52,186.3
2022,ppr,Marlon Mack,,227,RB61,187.5
2022,ppr,Mac Jones,SF,183,QB22,188.0
2022,ppr,Christian Watson,GB,202,WR69,188.3
2022,ppr,Gerald Everett,,184,TE21,189.3
2022,ppr,Ronald Jones,II,205,RB56,191.0
2022,ppr,Darrel Williams,,231,RB63,191.5
2022,ppr,Rachaad White,WAS,185,RB53,193.0
2022,ppr,Chuba Hubbard,CAR,210,RB57,193.0
2022,ppr,Evan Engram,DEN,186,TE22,193.8
2022,ppr,Deshaun Watson,CLE,187,QB23,194.5
2022,ppr,Baker Mayfield,TB,188,QB24,195.3
2022,ppr,Greg Joseph,,212,K15,195.3
2022,ppr,Randy Bullock,,258,K22,197.0
2022,ppr,Philadelphia Eagles,DST,189,DST15,197.3
2022,ppr,Cleveland Browns,DST,190,DST16,198.0
2022,ppr,Isaiah Spiller,,214,RB58,199.7
2022,ppr,Myles Gaskin,,237,RB64,200.0
2022,ppr,Zamir White,LV,191,RB54,201.3
2022,ppr,Robbie Gould,,192,K12,201.3
2022,ppr,Odell Beckham Jr.,NYG,193,WR64,202.0
2022,ppr,Joshua Palmer,BUF,194,WR65,202.3
2022,ppr,Chris Boswell,PIT,217,K16,202.7
2022,ppr,Jameson Williams,DET,218,WR73,202.7
2022,ppr,Matt Breida,,262,RB73,205.0
2022,ppr,Hayden Hurst,,196,TE23,206.0
2022,ppr,Las Vegas Raiders,DST,264,DST23,207.0
2022,ppr,Austin Seibert,,266,K24,208.0
2022,ppr,Carson Wentz,MIN,221,QB28,208.3
2022,ppr,Logan Thomas,,222,TE26,208.3
2022,ppr,Robbie Chosen,,198,WR66,208.5
2022,ppr,Austin Hooper,ATL,199,TE24,209.0
2022,ppr,Jalen Tolbert,MIA,200,WR67,210.3
2022,ppr,Kenny Golladay,,201,WR68,210.5
2022,ppr,Alec Pierce,IND,223,WR74,211.3
2022,ppr,Corey Davis,,241,WR78,211.5
2022,ppr,Tyrion Davis-Price,,242,RB66,211.5
2022,ppr,Parris Campbell,,243,WR79,212.0
2022,ppr,A.J. Green,,244,WR80,212.0
2022,ppr,Marvin Jones Jr.,,203,WR70,212.3
2022,ppr,Wil Lutz,DEN,204,K13,212.3
2022,ppr,Nico Collins,HOU,206,WR71,213.8
2022,ppr,Daniel Jones,IND,207,QB25,213.8
2022,ppr,Rodrigo Blankenship,,208,K14,214.5
2022,ppr,Graham Gano,,245,K20,214.5
2022,ppr,Jared Goff,DET,209,QB26,214.8
2022,ppr,C.J. Uzomah,,269,TE30,215.0
2022,ppr,Jerick McKinnon,,224,RB60,216.3
2022,ppr,Taysom Hill,,211,TE25,216.5
2022,ppr,Sammy Watkins,,213,WR72,217.0
2022,ppr,Dustin Hopkins,,247,K21,217.0
2022,ppr,Van Jefferson,WAS,225,WR75,217.3
2022,ppr,Jake Elliott,PHI,226,K18,218.0
2022,ppr,D'Onta Foreman,,228,RB62,219.0
2022,ppr,Jordan Mason,MIN,272,RB76,220.0
2022,ppr,Cincinnati Bengals,DST,215,DST18,220.5
2022,ppr,Isaiah Likely,NYG,230,TE27,221.0
2022,ppr,Kenyan Drake,,216,RB59,221.3
2022,ppr,Tennessee Titans,DST,232,DST19,222.0
2022,ppr,Brevin Jordan,HOU,275,TE31,223.0
2022,ppr,Minnesota Vikings,DST,233,DST20,224.0
2022,ppr,Randall Cobb,,250,WR81,224.5
2022,ppr,Wan'Dale Robinson,TEN,234,WR76,224.7
2022,ppr,Eno Benjamin,,251,RB68,225.0
2022,ppr,Kenny Pickett,CAR,219,QB27,225.3
2022,ppr,Dontrell Hilliard,,252,RB69,226.0
2022,ppr,K.J. Osborn,TEN,236,WR77,226.7
2022,ppr,KJ Hamler,,255,WR82,229.0
2022,ppr,Cairo Santos,CHI,278,K25,230.0
2022,ppr,Ke'Shawn Vaughn,,279,RB78,230.0
2022,ppr,Damien Williams,,280,RB79,231.0
2022,ppr,Washington Commanders,DST,238,DST21,231.7
2022,ppr,Jimmy Garoppolo,LAR,282,QB33,233.0
2022,ppr,Arizona Cardinals,DST,256,DST22,233.5
2022,ppr,Cade York,NYJ,239,K19,234.0
2022,ppr,Rex Burkhead,,240,RB65,234.3
2022,ppr,Kendrick Bourne,ARI,257,WR83,235.0
2022,ppr,Marcus Mariota,WAS,229,QB29,235.5
2022,ppr,Kyle Rudolph,,246,TE28,237.7
2022,ppr,Brett Maher,,283,K26,238.0
2022,ppr,Zach Wilson,NO,235,QB30,239.0
2022,ppr,Cameron Brate,,248,TE29,240.0
2022,ppr,Sony Michel,,259,RB71,240.0
2022,ppr,Ameer Abdullah,JAC,261,RB72,242.5
2022,ppr,David Bell,,263,WR85,243.0
2022,ppr,Jason Sanders,NYJ,265,K23,244.0
2022,ppr,Jason Myers,SEA,286,K27,244.0
2022,ppr,Joshua Kelley,,287,RB83,244.0
2022,ppr,Mitchell Trubisky,TEN,253,QB31,244.3
2022,ppr,Gus Edwards,,267,RB74,247.0
2022,ppr,DeAndre Torrey,,288,RB84,247.0
2022,ppr,Chicago Bears,DST,268,DST24,247.5
2022,ppr,Mo Alie-Cox,IND,289,TE32,248.0
2022,ppr,Jake Powell,,290,TE33,248.0
2022,ppr,Anthony Johnson,,291,DT,249.0
2022,ppr,Samaje Perine,CIN,270,RB75,249.5
2022,ppr,Davis Mills,HOU,271,QB32,250.0
2022,ppr,Tyler Conklin,DET,292,TE34,250.0
2022,ppr,Collin Hill,,293,QB34,250.0
2022,ppr,Hassan Haskins,LAC,273,RB77,250.5
2022,ppr,Carolina Panthers,DST,274,DST25,251.0
2022,ppr,Chad Muma,NE,294,LB,251.0
2022,ppr,Ben Johnson,,295,OT,252.0
2022,ppr,Braxton Berrios,NYG,296,WR88,252.0
2022,ppr,Kyle Juszczyk,SF,297,RB85,253.0
2022,ppr,Austin Walter,,298,RB86,253.0
2022,ppr,Jamison Crowder,,276,WR86,253.5
2022,ppr,Donovan Peoples-Jones,,260,WR84,253.7
2022,ppr,Zay Jones,,299,WR89,254.0
2022,ppr,Kayvon Thibodeaux,NYG,300,DE,254.0
2022,ppr,Karan Higdon,,301,RB87,255.0
2022,ppr,Seattle Seahawks,DST,303,DST26,256.0
2022,ppr,Jordan Johnson,,304,RB88,256.0
2022,ppr,Zack Moss,,281,RB80,256.5
2022,ppr,Stephen Baggett,,305,TE35,257.0
2022,ppr,Alex Barnes,,306,RB89,258.0
2022,ppr,Jaylen Warren,PIT,307,RB90,258.0
2022,ppr,Detroit Lions,DST,308,DST27,259.0
2022,ppr,Zach Olstad,,309,RB91,259.0
2022,ppr,Temarrick Hemingway,,310,TE36,260.0
2022,ppr,Jerome Washington,,311,TE37,261.0
2022,ppr,Boston Scott,,284,RB81,262.0
2022,ppr,New York Giants,DST,312,DST28,262.0
2022,ppr,Stephon Robinson Jr.,,313,WR91,262.0
2022,ppr,Nick Bawden,,314,RB92,263.0
2022,ppr,Curtis Samuel,,277,WR87,263.3
2022,ppr,Michael Jacobson,,315,TE38,264.0
2022,ppr,Jamel Johnson,,316,WR92,265.0
2022,ppr,Brandon Barnes,,318,TE39,266.0
2022,ppr,D'Ernest Johnson,,285,RB82,266.5
2022,ppr,Drew Anderson,,319,QB35,267.0
2022,ppr,Marquez Callaway,,302,WR90,268.0
2022,ppr,Zach Conque,,320,QB36,268.0
2022,ppr,Bobby Wagner,,321,LB,269.0
2022,ppr,Kendrick Rogers,,322,WR94,270.0
2022,ppr,Taywan Taylor,,323,WR95,271.0
2022,ppr,New York Jets,DST,324,DST29,272.0
2022,ppr,Kyle Lewis,,325,WR96,272.0
2022,ppr,Ryan Davis,,326,DE,273.0
2022,ppr,Jonnu Smith,,327,TE40,273.0
2022,ppr,Papi White,,328,WR97,274.0
2022,ppr,Laviska Shenault Jr.,,329,WR98,275.0
2022,ppr,Houston Texans,DST,330,DST30,276.0
2022,ppr,Krishawn Hogan,,331,WR99,276.0
2022,ppr,Brogan Roback,,332,QB37,277.0
2022,ppr,Cedrick Wilson Jr.,DET,333,WR100,278.0
2022,ppr,Cole Hunt,,334,TE41,278.0
2022,ppr,David Watford,,335,WR101,279.0
2022,ppr,Chris Evans,,336,RB93,280.0
2022,ppr,Zaire Mitchell-Paden,NO,337,TE42,280.0
2022,ppr,Brandon Bolden,,338,RB94,281.0
2022,ppr,Josh Smith,,339,WR102,281.0
2022,ppr,Sterling Shepard,,317,WR93,281.5
2022,ppr,Nelson Agholor,,340,WR103,283.0
2022,ppr,Foster Moreau,HOU,341,TE43,284.0
2022,ppr,Quez Watkins,PHI,342,WR104,287.0
2022,ppr,J.J. Taylor,,343,RB95,288.0
2022,ppr,Byron Pringle,,344,WR105,289.0
2022,ppr,Jacksonville Jaguars,DST,345,DST31,290.0
2022,ppr,Drew Lock,SEA,346,QB38,291.0
2022,ppr,Jauan Jennings,MIN,347,WR106,293.0
2022,ppr,DeeJay Dallas,JAC,348,RB96,294.0
2022,ppr,Ka'imi Fairbairn,HOU,349,K28,295.0
2022,ppr,Trey Sermon,,350,RB97,296.0
2022,ppr,Malik Willis,MIA,351,QB39,297.0
2022,ppr,Joey Slye,TEN,352,K29,299.0
2022,ppr,O.J. Howard,,353,TE44,300.0
2022,standard,Jonathan Taylor,IND,1,RB1,1.0
2022,standard,Christian McCaffrey,SF,2,RB2,2.5
2022,standard,Austin Ekeler,,3,RB3,3.5
2022,standard,Derrick Henry,BAL,4,RB4,5.0
2022,standard,Dalvin Cook,,5,RB5,6.0
2022,standard,Cooper Kupp,SEA,6,WR1,6.0
2022,standard,Najee Harris,LAC,7,RB6,6.0
2022,standard,Justin Jefferson,MIN,8,WR2,6.5
2022,standard,Joe Mixon,,9,RB7,9.5
2022,standard,Ja'Marr Chase,CIN,10,WR3,11.0
2022,standard,Alvin Kamara,NO,11,RB8,12.0
2022,standard,D'Andre Swift,CHI,12,RB9,12.5
2022,standard,Davante Adams,LAR,13,WR4,13.0
2022,standard,Nick Chubb,,14,RB10,14.5
2022,standard,Stefon Diggs,,15,WR5,14.5
2022,standard,Travis Kelce,KC,16,TE1,15.5
2022,standard,Saquon Barkley,PHI,17,RB11,16.0
2022,standard,Javonte Williams,DAL,18,RB12,19.0
2022,standard,Aaron Jones Sr.,MIN,19,RB13,20.0
2022,standard,CeeDee Lamb,DAL,20,WR6,20.0
2022,standard,Josh Allen,BUF,21,QB1,20.0
2022,standard,Deebo Samuel Sr.,,22,WR7,20.5
2022,standard,Tyreek Hill,,23,WR8,22.5
2022,standard,Leonard Fournette,,24,RB14,23.0
2022,standard,Mark Andrews,BAL,25,TE2,25.0
2022,standard,Mike Evans,SF,26,WR9,27.0
2022,standard,James Conner,ARI,27,RB15,27.0
2022,standard,Ezekiel Elliott,,28,RB16,27.0
2022,standard,A.J. Brown,NE,29,WR10,29.5
2022,standard,Patrick Mahomes II,KC,30,QB2,30.5
2022,standard,Kyle Pitts Sr.,ATL,31,TE3,32.0
2022,standard,Keenan Allen,LAC,32,WR11,32.5
2022,standard,Michael Pittman Jr.,PIT,33,WR12,33.5
2022,standard,Justin Herbert,LAC,34,QB3,34.0
2022,standard,Tee Higgins,CIN,35,WR13,35.5
2022,standard,Travis Etienne Jr.,NO,36,RB17,36.5
2022,standard,Cam Akers,,37,RB18,36.5
2022,standard,David Montgomery,HOU,38,RB19,36.5
2022,standard,DJ Moore,BUF,39,WR14,41.0
2022,standard,George Kittle,SF,40,TE4,42.0
2022,standard,Lamar Jackson,BAL,41,QB4,42.5
2022,standard,Courtland Sutton,DEN,42,WR15,43.0
2022,standard,Mike Williams,,43,WR16,43.5
2022,standard,Breece Hall,NYJ,44,RB20,44.0
2022,standard,Terry McLaurin,WAS,45,WR17,44.5
2022,standard,Diontae Johnson,,46,WR18,47.0
2022,standard,Elijah Mitchell,PHI,47,RB21,48.0
2022,standard,Josh Jacobs,GB,48,RB22,49.0
2022,standard,Darren Waller,,49,TE5,49.0
2022,standard,J.K. Dobbins,DEN,50,RB23,51.5
2022,standard,AJ Dillon,CAR,51,RB24,52.0
2022,standard,Jaylen Waddle,DEN,52,WR19,53.5
2022,standard,Kyler Murray,MIN,53,QB5,54.0
2022,standard,DK Metcalf,PIT,54,WR20,54.5
2022,standard,Jalen Hurts,PHI,55,QB6,55.5
2022,standard,Joe Burrow,CIN,56,QB7,59.5
2022,standard,Allen Robinson,II,57,WR21,59.5
2022,standard,Antonio Gibson,,58,RB25,60.0
2022,standard,Amon-Ra St. Brown,DET,59,WR22,61.5
2022,standard,Dameon Pierce,PHI,60,RB26,62.0
2022,standard,Dalton Schultz,HOU,61,TE6,62.0
2022,standard,Brandin Cooks,,62,WR23,62.5
2022,standard,Hollywood Brown,PHI,63,WR24,63.0
2022,standard,Gabe Davis,,64,WR25,64.0
2022,standard,Chris Godwin Jr.,TB,65,WR26,64.5
2022,standard,Clyde Edwards-Helaire,,66,RB27,66.5
2022,standard,Jerry Jeudy,CLE,67,WR27,67.0
2022,standard,Darnell Mooney,NYG,68,WR28,67.5
2022,standard,Michael Thomas,,69,WR29,68.5
2022,standard,Adam Thielen,,70,WR30,69.5
2022,standard,Chase Edmonds,WAS,71,RB28,70.5
2022,standard,JuJu Smith-Schuster,NYG,72,WR31,70.5
2022,standard,Amari Cooper,,73,WR32,72.0
2022,standard,T.J. Hockenson,MIN,74,TE7,74.5
2022,standard,Tom Brady,,75,QB8,75.0
2022,standard,Russell Wilson,,76,QB9,76.0
2022,standard,Rashaad Penny,,77,RB29,77.5
2022,standard,Devin Singletary,NYG,78,RB30,77.5
2022,standard,Tony Pollard,TEN,79,RB31,78.0
2022,standard,Damien Harris,,80,RB32,79.0
2022,standard,Dallas Goedert,PHI,81,TE8,79.5
2022,standard,Rashod Bateman,BAL,82,WR33,79.5
2022,standard,Miles Sanders,,83,RB33,80.5
2022,standard,Cordarrelle Patterson,,84,RB34,80.5
2022,standard,Kareem Hunt,,85,RB35,81.5
2022,standard,Rhamondre Stevenson,NE,86,RB36,82.5
2022,standard,DeAndre Hopkins,BAL,87,WR34,86.5
2022,standard,Dak Prescott,DAL,88,QB10,87.0
2022,standard,Aaron Rodgers,PIT,89,QB11,90.5
2022,standard,Allen Lazard,,90,WR35,91.5
2022,standard,DeVonta Smith,PHI,91,WR36,91.5
2022,standard,Elijah Moore,PHI,92,WR37,92.0
2022,standard,Hunter Renfrow,,93,WR38,94.0
2022,standard,Dawson Knox,BUF,94,TE9,95.0
2022,standard,Kenneth Walker III,KC,95,RB37,95.0
2022,standard,Brandon Aiyuk,SF,96,WR39,95.5
2022,standard,Drake London,ATL,97,WR40,96.5
2022,standard,Christian Kirk,SF,98,WR41,98.5
2022,standard,Melvin Gordon,III,99,RB38,99.0
2022,standard,James Cook III,BUF,100,RB39,100.0
2022,standard,Zach Ertz,,101,TE10,100.0
2022,standard,Matthew Stafford,LAR,102,QB12,101.0
2022,standard,Robert Woods,,103,WR42,103.0
2022,standard,Trey Lance,LAC,104,QB13,104.0
2022,standard,Chris Olave,NO,105,WR43,105.0
2022,standard,James Robinson,,106,RB40,108.0
2022,standard,Derek Carr,,107,QB14,109.0
2022,standard,Tyler Lockett,LV,108,WR44,109.5
2022,standard,Pat Freiermuth,PIT,109,TE11,110.0
2022,standard,Treylon Burks,WAS,110,WR45,111.0
2022,standard,Darrell Henderson Jr.,,111,RB41,112.5
2022,standard,George Pickens,DAL,112,WR46,114.5
2022,standard,Michael Carter,TEN,113,RB42,115.0
2022,standard,Cole Kmet,CHI,114,TE12,116.5
2022,standard,Chase Claypool,,115,WR47,118.0
2022,standard,Kirk Cousins,LV,116,QB15,118.5
2022,standard,Alexander Mattison,,117,RB43,119.0
2022,standard,Buffalo Bills,DST,118,DST1,122.0
2022,standard,Kadarius Toney,,119,WR48,122.5
2022,standard,Justin Tucker,,120,K1,123.0
2022,standard,Skyy Moore,GB,121,WR49,123.5
2022,standard,Nyheim Miller-Hines,,122,RB44,124.0
2022,standard,Tampa Bay Buccaneers,DST,123,DST2,128.0
2022,standard,Michael Gallup,,124,WR50,130.0
2022,standard,Kenny Gainwell,TB,125,RB45,131.0
2022,standard,Hunter Henry,NE,126,TE13,134.0
2022,standard,Tua Tagovailoa,ATL,127,QB16,135.5
2022,standard,Julio Jones,,128,WR51,135.5
2022,standard,Evan McPherson,CIN,129,K2,136.0
2022,standard,San Francisco 49ers,DST,130,DST3,136.0
2022,standard,Tyler Allgeier,ARI,131,RB46,136.0
2022,standard,Rachaad White,WAS,132,RB47,136.5
2022,standard,Tyler Boyd,,133,WR52,136.5
2022,standard,Garrett Wilson,NYJ,134,WR53,137.0
2022,standard,Brian Robinson Jr.,ATL,135,RB48,138.0
2022,standard,Raheem Mostert,LV,136,RB49,139.0
2022,standard,Mike Gesicki,CIN,137,TE14,139.5
2022,standard,Khalil Herbert,,138,RB50,140.5
2022,standard,Marquez Valdes-Scantling,DAL,139,WR54,142.0
2022,standard,Daniel Carlson,LV,140,K3,145.0
2022,standard,Indianapolis Colts,DST,141,DST4,145.0
2022,standard,Justin Fields,KC,142,QB17,146.5
2022,standard,Jarvis Landry,,143,WR55,146.5
2022,standard,Los Angeles Rams,DST,144,DST5,148.0
2022,standard,Jamaal Williams,,145,RB51,150.0
2022,standard,Jameis Winston,NYG,146,QB18,151.0
2022,standard,DJ Chark Jr.,,147,WR56,152.0
2022,standard,Matt Gay,LV,148,K4,152.5
2022,standard,Tyler Bass,BUF,149,K5,152.5
2022,standard,Trevor Lawrence,JAC,150,QB19,152.5
2022,standard,Romeo Doubs,NE,151,WR57,152.5
2022,standard,Irv Smith Jr.,,152,TE15,154.5
2022,standard,Isiah Pacheco,DET,220,RB63,155.0
2022,standard,Zamir White,LV,153,RB52,156.0
2022,standard,Jahan Dotson,ATL,154,WR58,156.5
2022,standard,Harrison Butker,KC,155,K6,157.0
2022,standard,New Orleans Saints,DST,156,DST6,157.5
2022,standard,Albert Okwuegbunam Jr.,LV,157,TE16,158.0
2022,standard,David Njoku,LAC,158,TE17,159.0
2022,standard,J.D. McKissic,,159,RB53,160.5
2022,standard,Isaiah Spiller,,160,RB54,160.5
2022,standard,Russell Gage Jr.,,161,WR59,161.0
2022,standard,DeVante Parker,,162,WR60,163.0
2022,standard,Matt Ryan,,163,QB20,165.0
2022,standard,Jakobi Meyers,JAC,164,WR61,167.0
2022,standard,Robert Tonyan,PIT,165,TE18,167.5
2022,standard,Isaiah McKenzie,,166,WR62,168.0
2022,standard,Carson Wentz,MIN,227,QB29,169.0
2022,standard,Denver Broncos,DST,168,DST7,172.0
2022,standard,Davis Mills,HOU,230,QB30,173.0
2022,standard,Matt Prater,,169,K7,174.5
2022,standard,Mecole Hardman Jr.,BUF,170,WR63,174.5
2022,standard,Dallas Cowboys,DST,171,DST8,176.5
2022,standard,Mark Ingram,II,172,RB55,180.0
2022,standard,Mac Jones,SF,173,QB21,180.5
2022,standard,Christian Watson,GB,174,WR64,182.5
2022,standard,Tyler Higbee,LAR,175,TE19,183.0
2022,standard,Marcus Mariota,WAS,235,QB31,183.0
2022,standard,D'Onta Foreman,,176,RB56,183.5
2022,standard,Noah Fant,NO,177,TE20,185.5
2022,standard,Los Angeles Chargers,DST,178,DST9,185.5
2022,standard,Mitchell Trubisky,TEN,236,QB32,187.0
2022,standard,Jeff Wilson Jr.,,179,RB57,187.5
2022,standard,Brandon McManus,,180,K8,188.0
2022,standard,Ryan Tannehill,,181,QB22,190.0
2022,standard,Nico Collins,HOU,182,WR65,191.5
2022,standard,Pittsburgh Steelers,DST,183,DST10,192.5
2022,standard,Gerald Everett,,184,TE21,192.5
2022,standard,Joshua Palmer,BUF,185,WR66,194.0
2022,standard,Darrel Williams,,186,RB58,194.5
2022,standard,Baltimore Ravens,DST,187,DST11,195.5
2022,standard,New England Patriots,DST,188,DST12,195.5
2022,standard,Baker Mayfield,TB,189,QB23,195.5
2022,standard,Mike Davis,,190,RB59,195.5
2022,standard,Alec Pierce,IND,191,WR67,196.0
2022,standard,Jameson Williams,DET,192,WR68,196.0
2022,standard,Jacoby Brissett,ARI,238,QB33,197.0
2022,standard,Green Bay Packers,DST,193,DST13,197.5
2022,standard,Jalen Tolbert,MIA,194,WR69,198.0
2022,standard,Jared Goff,DET,195,QB24,198.5
2022,standard,Wan'Dale Robinson,TEN,196,WR70,199.0
2022,standard,Younghoe Koo,,197,K9,202.0
2022,standard,Marlon Mack,,239,RB68,202.0
2022,standard,Geno Smith,NYJ,241,QB34,203.0
2022,standard,Odell Beckham Jr.,NYG,198,WR71,204.5
2022,standard,Tyrion Davis-Price,,199,RB60,204.5
2022,standard,Isaiah Likely,NYG,200,TE22,204.5
2022,standard,Ryan Succop,,201,K10,205.0
2022,standard,Daniel Jones,IND,202,QB25,205.0
2022,standard,Tennessee Titans,DST,203,DST14,205.5
2022,standard,Deshaun Watson,CLE,204,QB26,206.0
2022,standard,Logan Thomas,,242,TE26,206.0
2022,standard,Chuba Hubbard,CAR,205,RB61,207.5
2022,standard,Ameer Abdullah,JAC,247,RB70,210.0
2022,standard,Kenyan Drake,,206,RB62,211.0
2022,standard,Kenny Pickett,CAR,207,QB27,211.0
2022,standard,Zach Wilson,NO,208,QB28,211.5
2022,standard,Wil Lutz,DEN,209,K11,212.0
2022,standard,K.J. Osborn,TEN,210,WR72,212.0
2022,standard,Sammy Watkins,,211,WR73,214.0
2022,standard,Kenny Golladay,,212,WR74,214.0
2022,standard,Rodrigo Blankenship,,213,K12,215.5
2022,standard,Cleveland Browns,DST,214,DST15,215.5
2022,standard,Miami Dolphins,DST,215,DST16,215.5
2022,standard,Dustin Hopkins,,216,K13,216.0
2022,standard,Parris Campbell,,217,WR75,217.5
2022,standard,Nick Folk,ATL,218,K14,218.0
2022,standard,Austin Hooper,ATL,219,TE23,218.0
2022,standard,Evan Engram,DEN,221,TE24,219.0
2022,standard,Hayden Hurst,,222,TE25,219.0
2022,standard,Jerick McKinnon,,248,RB71,219.0
2022,standard,Philadelphia Eagles,DST,223,DST17,220.0
2022,standard,Greg Joseph,,249,K17,221.0
2022,standard,Eno Benjamin,,224,RB64,221.5
2022,standard,Myles Gaskin,,250,RB72,222.0
2022,standard,Kansas City Chiefs,DST,225,DST18,224.0
2022,standard,KJ Hamler,,226,WR76,225.0
2022,standard,Washington Commanders,DST,228,DST19,225.5
2022,standard,Robbie Chosen,,229,WR77,226.0
2022,standard,Kyle Rudolph,,253,TE28,226.0
2022,standard,Corey Davis,,254,WR81,226.0
2022,standard,Ronald Jones,II,231,RB65,227.5
2022,standard,Robbie Gould,,232,K15,227.5
2022,standard,Marvin Jones Jr.,,233,WR78,227.5
2022,standard,Dontrell Hilliard,,234,RB66,228.0
2022,standard,Rex Burkhead,,255,RB73,230.0
2022,standard,Jimmy Garoppolo,LAR,258,QB35,237.0
2022,standard,Ke'Shawn Vaughn,,259,RB74,238.0
2022,standard,Sony Michel,,237,RB67,238.5
2022,standard,Brevin Jordan,HOU,263,TE30,240.0
2022,standard,Jake Elliott,PHI,264,K18,241.0
2022,standard,Cade York,NYJ,240,K16,242.0
2022,standard,Damien Williams,,265,RB76,242.0
2022,standard,Gus Edwards,,243,RB69,244.0
2022,standard,Seattle Seahawks,DST,266,DST22,244.0
2022,standard,Matt Breida,,267,RB77,244.0
2022,standard,David Bell,,244,WR79,244.5
2022,standard,Boston Scott,,268,RB78,245.0
2022,standard,Taysom Hill,,245,TE27,245.5
2022,standard,Minnesota Vikings,DST,246,DST20,245.5
2022,standard,Kendrick Bourne,ARI,269,WR85,246.0
2022,standard,Drew Stanton,,270,QB36,249.0
2022,standard,D'Ernest Johnson,,271,RB79,249.0
2022,standard,Corey Clement,,272,RB80,250.0
2022,standard,Algernon Brown,,273,RB81,251.0
2022,standard,Jake Wieneke,,274,WR86,252.0
2022,standard,Desmond Ridder,,275,QB37,252.0
2022,standard,Donovan Peoples-Jones,,251,WR80,253.0
2022,standard,Davon Grayson,,276,WR87,253.0
2022,standard,Joshua Kelley,,277,RB82,253.0
2022,standard,Lenard Tillery,,278,RB83,254.0
2022,standard,Terrell Sinkfield,,279,WR88,255.0
2022,standard,Malik Willis,MIA,280,QB38,255.0
2022,standard,Rajion Neal,,281,RB84,256.0
2022,standard,Dominick Wood-Anderson,,282,TE31,257.0
2022,standard,Cincinnati Bengals,DST,252,DST21,257.5
2022,standard,Vance McDonald,,283,TE32,258.0
2022,standard,Chris Boswell,PIT,284,K19,258.0
2022,standard,I'Tavius Mathers,,285,RB85,259.0
2022,standard,Cameron Brate,,260,TE29,260.0
2022,standard,Van Jefferson,WAS,261,WR84,260.0
2022,standard,Jake Kumerow,,286,WR89,261.0
2022,standard,Hassan Haskins,LAC,262,RB75,261.5
2022,standard,Vincent Testaverde,,287,QB39,262.0
2022,standard,Paxton Lynch,,288,QB40,263.0
2022,standard,Jaylen Warren,PIT,289,RB86,263.0
2022,standard,Randall Cobb,,256,WR82,264.0
2022,standard,Arizona Cardinals,DST,290,DST23,264.0
2022,standard,Senorise Perry,,291,RB87,264.0
2022,standard,A.J. Green,,257,WR83,265.0
2022,standard,Alex Tanney,,292,QB41,265.0
2022,standard,Samaje Perine,CIN,293,RB88,265.0
2022,standard,Adam Prentice,DEN,294,RB89,266.0
2022,standard,Mike Weber,NYG,295,RB90,267.0
2022,standard,Jordan Mason,MIN,296,RB91,268.0
2022,standard,Racey McMath,,297,WR90,268.0
2022,standard,Julian Edelman,,298,WR91,269.0
2022,standard,Braxton Berrios,NYG,299,WR92,269.0
2022,standard,Zach Line,,300,RB92,270.0
2022,standard,Mo Alie-Cox,IND,301,TE33,270.0
2022,standard,Josh McCown,,302,QB42,271.0
2022,standard,Laviska Shenault Jr.,,303,WR93,271.0
2022,standard,Jimmy Graham,,304,TE34,272.0
2022,standard,Zay Jones,,305,WR94,273.0
2022,standard,T.J. Simmons,,306,WR95,273.0
2022,standard,Devin Duvernay,ARI,307,WR96,274.0
2022,standard,Ryan Willis,,308,QB43,274.0
2022,standard,Wilton Speight,,309,QB44,275.0
2022,standard,Carolina Panthers,DST,310,DST24,276.0
2022,standard,Kehinde Oginni,,311,TE35,276.0
2022,standard,David Fluellen,,312,RB93,277.0
2022,standard,Sterling Shepard,,313,WR97,277.0
2022,standard,Darren Sproles,,314,RB94,278.0
2022,standard,Chris Evans,,315,RB95,279.0
2022,standard,Leroy Watson,IV,316,TE36,279.0
2022,standard,Quez Watkins,PHI,317,WR98,280.0
2022,standard,Chris Streveler,,318,QB45,280.0
2022,standard,J.T. Barrett,,319,QB46,281.0
2022,standard,Marquez Callaway,,320,WR99,281.0
2022,standard,Chicago Bears,DST,321,DST25,282.0
2022,standard,Jason Sanders,NYJ,322,K20,283.0
2022,standard,Curtis Samuel,,323,WR100,285.0
2022,standard,Kyren Williams,LAR,324,RB96,286.0
2022,standard,C.J. Uzomah,,325,TE37,287.0
2022,standard,Zack Moss,,326,RB97,288.0
2022,standard,Kyle Philips,,327,WR101,289.0
2022,standard,Drew Lock,SEA,328,QB47,291.0
2022,standard,Jonnu Smith,,329,TE38,292.0
2022,standard,Terrace Marshall Jr.,MIA,330,WR102,293.0
2022,standard,Byron Pringle,,331,WR103,295.0
2022,standard,Daniel Bellinger,TEN,332,TE39,297.0
2022,standard,William Fuller,,333,WR104,298.0
2022,standard,Kyle Juszczyk,SF,334,RB98,299.0
2022,standard,Jamison Crowder,,335,WR105,300.0
2022,standard,Cedrick Wilson Jr.,DET,336,WR106,301.0
2022,standard,Olamide Zaccheaus,ATL,337,WR107,302.0
2022,standard,Nelson Agholor,,338,WR108,303.0
2022,standard,Trey Sermon,,339,RB99,304.0
2022,standard,T.Y. Hilton,,340,WR109,305.0
2022,standard,Velus Jones Jr.,SEA,341,WR110,306.0
2022,standard,Adam Trautman,DEN,342,TE40,307.0
2022,standard,Bryan Edwards,,343,WR111,308.0
2023,half,Justin Jefferson,MIN,1,WR1,1.0
2023,half,Christian McCaffrey,SF,2,RB1,2.0
2023,half,Ja'Marr Chase,CIN,3,WR2,3.0
2023,half,Austin Ekeler,,4,RB2,4.0
2023,half,Tyreek Hill,,5,WR3,5.3
2023,half,Travis Kelce,KC,6,TE1,5.7
2023,half,Bijan Robinson,ATL,7,RB3,7.7
2023,half,Nick Chubb,,8,RB4,8.3
2023,half,Saquon Barkley,PHI,9,RB5,8.7
2023,half,Stefon Diggs,,10,WR4,10.0
2023,half,CeeDee Lamb,DAL,11,WR5,12.0
2023,half,A.J. Brown,NE,12,WR6,13.3
2023,half,Tony Pollard,TEN,13,RB6,14.7
2023,half,Patrick Mahomes II,KC,14,QB1,15.0
2023,half,Cooper Kupp,SEA,15,WR7,15.3
2023,half,Derrick Henry,BAL,16,RB7,15.7
2023,half,Josh Jacobs,GB,17,RB8,16.3
2023,half,Davante Adams,LAR,18,WR8,17.0
2023,half,Garrett Wilson,NYJ,19,WR9,18.0
2023,half,Amon-Ra St. Brown,DET,20,WR10,18.0
2023,half,Josh Allen,BUF,21,QB2,20.3
2023,half,Jalen Hurts,PHI,22,QB3,22.0
2023,half,Jaylen Waddle,DEN,23,WR11,23.3
2023,half,Chris Olave,NO,24,WR12,25.0
2023,half,Najee Harris,LAC,25,RB9,25.7
2023,half,DeVonta Smith,PHI,26,WR13,26.0
2023,half,Travis Etienne Jr.,NO,27,RB10,26.3
2023,half,Mark Andrews,BAL,28,TE2,29.7
2023,half,Rhamondre Stevenson,NE,29,RB11,29.7
2023,half,Tee Higgins,CIN,30,WR14,30.7
2023,half,Joe Mixon,,31,RB12,30.7
2023,half,Jahmyr Gibbs,DET,32,RB13,32.0
2023,half,Calvin Ridley,TEN,33,WR15,34.7
2023,half,Lamar Jackson,BAL,34,QB4,34.7
2023,half,DK Metcalf,PIT,35,WR16,35.3
2023,half,Joe Burrow,CIN,36,QB5,37.0
2023,half,Aaron Jones Sr.,MIN,37,RB14,37.7
2023,half,Deebo Samuel Sr.,,38,WR17,38.0
2023,half,Amari Cooper,,39,WR18,40.7
2023,half,Dameon Pierce,PHI,40,RB15,41.0
2023,half,Kenneth Walker III,KC,41,RB16,41.0
2023,half,Breece Hall,NYJ,42,RB17,43.3
2023,half,Keenan Allen,LAC,43,WR19,43.3
2023,half,Justin Herbert,LAC,44,QB6,44.3
2023,half,T.J. Hockenson,MIN,45,TE3,45.0
2023,half,Justin Fields,KC,46,QB7,46.0
2023,half,Jonathan Taylor,IND,47,RB18,47.3
2023,half,Miles Sanders,,48,RB19,50.0
2023,half,George Kittle,SF,49,TE4,50.3
2023,half,DJ Moore,BUF,50,WR20,50.7
2023,half,Alexander Mattison,,51,RB20,52.7
2023,half,Darren Waller,,52,TE5,54.7
2023,half,Trevor Lawrence,JAC,53,QB8,55.3
2023,half,DeAndre Hopkins,BAL,54,WR21,56.0
2023,half,Terry McLaurin,WAS,55,WR22,57.0
2023,half,Cam Akers,,56,RB21,57.3
2023,half,Drake London,ATL,57,WR23,60.3
2023,half,James Conner,ARI,58,RB22,60.7
2023,half,Christian Watson,GB,59,WR24,61.7
2023,half,Tyler Lockett,LV,60,WR25,63.0
2023,half,James Cook III,BUF,61,RB23,63.3
2023,half,Dallas Goedert,PHI,62,TE6,64.0
2023,half,Javonte Williams,DAL,63,RB24,64.3
2023,half,Brandon Aiyuk,SF,64,WR26,64.3
2023,half,Kyle Pitts Sr.,ATL,65,TE7,64.7
2023,half,Chris Godwin Jr.,TB,66,WR27,65.7
2023,half,Dalvin Cook,,67,RB25,66.0
2023,half,Mike Williams,,68,WR28,67.7
2023,half,Rachaad White,WAS,69,RB26,69.0
2023,half,Alvin Kamara,NO,70,RB27,71.3
2023,half,Isiah Pacheco,DET,71,RB28,72.0
2023,half,D'Andre Swift,CHI,72,RB29,73.3
2023,half,Christian Kirk,SF,73,WR29,75.0
2023,half,Diontae Johnson,,74,WR30,75.7
2023,half,David Montgomery,HOU,75,RB30,76.7
2023,half,George Pickens,DAL,76,WR31,78.7
2023,half,Jerry Jeudy,CLE,77,WR32,78.7
2023,half,Mike Evans,SF,78,WR33,80.3
2023,half,Michael Pittman Jr.,PIT,79,WR34,80.3
2023,half,Pat Freiermuth,PIT,80,TE8,82.7
2023,half,Evan Engram,DEN,81,TE9,82.7
2023,half,Dak Prescott,DAL,82,QB9,85.3
2023,half,Deshaun Watson,CLE,83,QB10,87.7
2023,half,Jahan Dotson,ATL,84,WR35,88.0
2023,half,Hollywood Brown,PHI,85,WR36,89.3
2023,half,Khalil Herbert,,86,RB31,89.7
2023,half,AJ Dillon,CAR,87,RB32,91.0
2023,half,Jordan Addison,MIN,88,WR37,91.7
2023,half,Antonio Gibson,,89,RB33,93.0
2023,half,San Francisco 49ers,DST,90,DST1,94.0
2023,half,David Njoku,LAC,91,TE10,95.7
2023,half,Tua Tagovailoa,ATL,92,QB11,96.0
2023,half,Jaxon Smith-Njigba,SEA,93,WR38,96.3
2023,half,Brian Robinson Jr.,ATL,94,RB34,96.3
2023,half,Gabe Davis,,95,WR39,98.0
2023,half,Brandin Cooks,,96,WR40,98.7
2023,half,Jamaal Williams,,97,RB35,101.3
2023,half,Philadelphia Eagles,DST,98,DST2,105.7
2023,half,Aaron Rodgers,PIT,99,QB12,105.7
2023,half,Zach Charbonnet,SEA,100,RB36,106.7
2023,half,Michael Thomas,,101,WR41,106.7
2023,half,Courtland Sutton,DEN,102,WR42,108.0
2023,half,Daniel Jones,IND,103,QB13,108.3
2023,half,Dallas Cowboys,DST,104,DST3,110.7
2023,half,Zay Flowers,BAL,105,WR43,110.7
2023,half,Rashaad Penny,,106,RB37,110.7
2023,half,Justin Tucker,,107,K1,111.3
2023,half,Samaje Perine,CIN,108,RB38,111.3
2023,half,Kirk Cousins,LV,109,QB14,112.7
2023,half,Anthony Richardson Sr.,IND,110,QB15,114.3
2023,half,Odell Beckham Jr.,NYG,111,WR44,114.7
2023,half,Elijah Moore,PHI,112,WR45,117.3
2023,half,Raheem Mostert,LV,113,RB39,118.7
2023,half,Kadarius Toney,,114,WR46,119.3
2023,half,Treylon Burks,WAS,115,WR47,120.0
2023,half,Skyy Moore,GB,116,WR48,120.7
2023,half,Geno Smith,NYJ,117,QB16,121.3
2023,half,Dalton Kincaid,BUF,118,TE11,121.7
2023,half,Damien Harris,,119,RB40,123.3
2023,half,Buffalo Bills,DST,120,DST4,123.7
2023,half,JuJu Smith-Schuster,NYG,121,WR49,124.7
2023,half,Ezekiel Elliott,,122,RB41,125.3
2023,half,Jerick McKinnon,,123,RB42,127.3
2023,half,Daniel Carlson,LV,124,K2,129.0
2023,half,Elijah Mitchell,PHI,125,RB43,131.3
2023,half,De'Von Achane,MIA,126,RB44,131.7
2023,half,New York Jets,DST,127,DST5,133.7
2023,half,Tyler Bass,BUF,128,K3,134.7
2023,half,Jaylen Warren,PIT,129,RB45,134.7
2023,half,Rashod Bateman,BAL,130,WR50,138.0
2023,half,Evan McPherson,CIN,131,K4,138.3
2023,half,Quentin Johnston,LAC,132,WR51,139.0
2023,half,Dalton Schultz,HOU,133,TE12,139.3
2023,half,Allen Lazard,,134,WR52,140.7
2023,half,Harrison Butker,KC,135,K5,141.3
2023,half,Tank Bigsby,PHI,136,RB46,141.7
2023,half,Adam Thielen,,137,WR53,141.7
2023,half,Jared Goff,DET,138,QB17,142.3
2023,half,New England Patriots,DST,139,DST6,143.0
2023,half,Cole Kmet,CHI,140,TE13,145.3
2023,half,Chig Okonkwo,WAS,141,TE14,145.7
2023,half,Tyler Higbee,LAR,142,TE15,146.7
2023,half,Kenny Gainwell,TB,143,RB47,147.0
2023,half,Tyler Allgeier,ARI,144,RB48,149.7
2023,half,Baltimore Ravens,DST,145,DST7,151.3
2023,half,Kenny Pickett,CAR,146,QB18,154.0
2023,half,Romeo Doubs,NE,147,WR54,154.3
2023,half,Younghoe Koo,,148,K6,155.3
2023,half,Deuce Vaughn,,149,RB49,156.3
2023,half,Jameson Williams,DET,150,WR55,157.7
2023,half,Greg Dulcich,MIA,151,TE16,158.0
2023,half,Devin Singletary,NYG,152,RB50,159.7
2023,half,Brock Purdy,SF,153,QB19,159.7
2023,half,Jalin Hyatt,NYG,154,WR56,161.3
2023,half,Nick Folk,ATL,245,K16,162.0
2023,half,Nico Collins,HOU,155,WR57,162.3
2023,half,Bryce Young,CAR,156,QB20,163.0
2023,half,Brett Maher,,247,K18,163.0
2023,half,Chicago Bears,DST,248,DST22,164.0
2023,half,D'Onta Foreman,,157,RB51,165.0
2023,half,Sam LaPorta,DET,158,TE17,166.3
2023,half,Roschon Johnson,CHI,159,RB52,167.3
2023,half,Tyler Boyd,,160,WR58,168.3
2023,half,Russell Wilson,,161,QB21,170.7
2023,half,Jordan Love,GB,162,QB22,171.0
2023,half,Jakobi Meyers,JAC,163,WR59,172.0
2023,half,Miami Dolphins,DST,164,DST8,172.3
2023,half,Rashee Rice,KC,165,WR60,172.7
2023,half,Matt Prater,,249,K19,173.0
2023,half,Derek Carr,,166,QB23,175.0
2023,half,C.J. Stroud,HOU,167,QB24,175.7
2023,half,Jimmy Garoppolo,LAR,168,QB25,176.0
2023,half,Kendre Miller,NO,169,RB53,176.0
2023,half,Chuba Hubbard,CAR,170,RB54,176.7
2023,half,Donovan Peoples-Jones,,213,WR66,177.0
2023,half,Kareem Hunt,,171,RB55,178.3
2023,half,Marvin Mims Jr.,DEN,172,WR61,178.3
2023,half,Jonathan Mingo,DAL,215,WR67,178.5
2023,half,Denver Broncos,DST,173,DST9,178.7
2023,half,Zay Jones,,174,WR62,178.7
2023,half,Luke Musgrave,GB,175,TE18,178.7
2023,half,Cameron Dicker,LAC,176,K7,179.3
2023,half,Tyjae Spears,TEN,177,RB56,179.7
2023,half,Darnell Mooney,NYG,178,WR63,179.7
2023,half,Van Jefferson,WAS,217,WR68,180.0
2023,half,Juwan Johnson,NO,179,TE19,180.3
2023,half,Deon Jackson,,180,RB57,183.0
2023,half,Clyde Edwards-Helaire,,181,RB58,184.0
2023,half,Michael Gallup,,182,WR64,185.0
2023,half,Jake Elliott,PHI,183,K8,187.0
2023,half,Cordarrelle Patterson,,184,RB59,188.0
2023,half,New Orleans Saints,DST,185,DST10,188.7
2023,half,Jason Myers,SEA,186,K9,189.3
2023,half,K.J. Osborn,TEN,220,WR69,190.0
2023,half,Mac Jones,SF,187,QB26,192.0
2023,half,Matthew Stafford,LAR,188,QB27,192.0
2023,half,Pittsburgh Steelers,DST,189,DST11,193.7
2023,half,Gerald Everett,,190,TE20,194.7
2023,half,Taysom Hill,,191,TE21,196.0
2023,half,Kyren Williams,LAR,256,RB70,196.0
2023,half,Ty Chandler,NO,222,RB63,199.5
2023,half,Irv Smith Jr.,,192,TE22,199.7
2023,half,Sam Howell,DAL,193,QB28,200.7
2023,half,Gus Edwards,,194,RB60,201.3
2023,half,Washington Commanders,DST,195,DST12,201.7
2023,half,Zamir White,LV,196,RB61,202.7
2023,half,Dawson Knox,BUF,197,TE23,204.0
2023,half,Brandon McManus,,198,K10,204.0
2023,half,Joshua Kelley,,223,RB64,204.0
2023,half,Zach Ertz,,199,TE24,204.3
2023,half,Zack Moss,,224,RB65,205.0
2023,half,Justyn Ross,,225,WR70,205.0
2023,half,DJ Chark Jr.,,200,WR65,205.3
2023,half,Jason Sanders,NYJ,201,K11,206.0
2023,half,Kyler Murray,MIN,202,QB29,206.0
2023,half,Alec Pierce,IND,226,WR71,206.0
2023,half,Tank Dell,HOU,227,WR72,206.5
2023,half,Sean Tucker,TB,260,RB71,207.0
2023,half,Tyler Conklin,DET,203,TE25,207.7
2023,half,Hayden Hurst,,204,TE26,208.7
2023,half,Jacksonville Jaguars,DST,205,DST13,209.0
2023,half,Jayden Reed,GB,228,WR73,209.5
2023,half,Jake Moody,WAS,206,K12,210.0
2023,half,Jake Ferguson,DAL,207,TE27,211.3
2023,half,Seattle Seahawks,DST,208,DST14,211.7
2023,half,Michael Mayer,LV,209,TE28,212.3
2023,half,Richie James Jr.,,265,WR85,213.0
2023,half,Hunter Henry,NE,229,TE30,214.0
2023,half,Aidan O'Connell,LV,266,QB33,215.0
2023,half,Marquez Valdes-Scantling,DAL,230,WR74,215.5
2023,half,Joshua Dobbs,,267,QB34,216.0
2023,half,Mike Gesicki,CIN,210,TE29,216.3
2023,half,Jeff Wilson Jr.,,231,RB66,216.5
2023,half,Kansas City Chiefs,DST,211,DST15,216.7
2023,half,Michael Badgley,,268,K23,217.0
2023,half,Ryan Tannehill,,232,QB30,217.5
2023,half,Minnesota Vikings,DST,233,DST18,218.0
2023,half,Chase Brown,CIN,234,RB67,218.5
2023,half,Graham Gano,,214,K13,220.0
2023,half,Jerome Ford,WAS,235,RB68,220.0
2023,half,Kyle Trask,,269,QB35,220.0
2023,half,Leonard Fournette,,216,RB62,221.3
2023,half,Tennessee Titans,DST,270,DST24,222.0
2023,half,Evan Hull,HOU,236,RB69,222.5
2023,half,Baker Mayfield,TB,237,QB31,223.0
2023,half,Parris Campbell,,238,WR75,223.0
2023,half,New York Giants,DST,239,DST19,225.0
2023,half,Cincinnati Bengals,DST,218,DST16,225.7
2023,half,Isaiah Hodgins,NYG,240,WR76,226.0
2023,half,Greg Zuerlein,,241,K15,227.0
2023,half,Matt Gay,LV,219,K14,227.3
2023,half,Cleveland Browns,DST,242,DST20,227.5
2023,half,Clayton Tune,,272,QB36,229.0
2023,half,Desmond Ridder,,243,QB32,231.5
2023,half,Green Bay Packers,DST,221,DST17,231.7
2023,half,Tampa Bay Buccaneers,DST,244,DST21,233.0
2023,half,Wil Lutz,DEN,246,K17,233.5
2023,half,Los Angeles Rams,DST,275,DST25,234.0
2023,half,DeWayne McBride,,277,RB74,236.0
2023,half,Carolina Panthers,DST,278,DST26,237.0
2023,half,Curtis Samuel,,250,WR77,239.0
2023,half,Hunter Renfrow,,251,WR78,240.0
2023,half,Chris Boswell,PIT,252,K20,241.5
2023,half,John Metchie III,CAR,253,WR79,242.0
2023,half,Rashid Shaheed,SEA,254,WR80,243.5
2023,half,DeVante Parker,,255,WR81,245.0
2023,half,Chase Edmonds,WAS,282,RB75,245.0
2023,half,Israel Abanikanda,DAL,283,RB76,245.0
2023,half,Joshua Palmer,BUF,284,WR88,246.0
2023,half,Darius Slayton,NYG,285,WR89,247.0
2023,half,Jared Scott,,286,TE35,248.0
2023,half,Jaleel McLaughlin,DEN,287,RB77,249.0
2023,half,Jonnu Smith,,288,TE36,250.0
2023,half,Brandon Peters,,289,QB37,251.0
2023,half,Greg Joseph,,257,K21,253.0
2023,half,Isaiah Likely,NYG,258,TE31,253.5
2023,half,Trevon Bradford,,290,WR90,254.0
2023,half,Robert Woods,,259,WR82,255.0
2023,half,Wan'Dale Robinson,TEN,261,WR83,256.0
2023,half,Derek Wright,,291,WR91,256.0
2023,half,Josh Downs,IND,262,WR84,257.0
2023,half,Sam Darnold,SEA,292,QB38,257.0
2023,half,Carl Tucker,,293,TE37,257.0
2023,half,Riley Patterson,MIA,263,K22,257.5
2023,half,Detroit Lions,DST,264,DST23,258.0
2023,half,Jacob Harris,,295,TE38,259.0
2023,half,Chase Claypool,,296,WR92,260.0
2023,half,Dustin Crum,,297,QB39,260.0
2023,half,Mecole Hardman Jr.,BUF,298,WR93,262.0
2023,half,Trevon Clark,,299,WR94,262.0
2023,half,Mike White,,300,QB40,264.0
2023,half,Josh Babicz,,302,TE39,265.0
2023,half,Trey McBride,ARI,271,TE32,266.0
2023,half,Logan Thomas,,303,TE40,267.0
2023,half,Nick Muse,,304,TE41,267.0
2023,half,Zach Evans,,273,RB72,268.5
2023,half,Michael Wilson,ARI,274,WR86,269.0
2023,half,Robert Burns,,306,RB79,269.0
2023,half,Keaontay Ingram,,276,RB73,269.5
2023,half,Jerome Kapp,,307,WR97,271.0
2023,half,Los Angeles Chargers,DST,309,DST27,272.0
2023,half,Puka Nacua,LAR,279,WR87,273.0
2023,half,Cade Otton,TB,280,TE33,273.0
2023,half,Jelani Woods,NYJ,310,TE42,273.0
2023,half,Noah Fant,NO,281,TE34,274.0
2023,half,Tanner Gentry,,311,WR99,274.0
2023,half,Latavius Murray,,312,RB80,276.0
2023,half,Miller Forristall,,313,TE43,277.0
2023,half,Trey Burton,,314,TE44,278.0
2023,half,Cedric Tillman,CLE,315,WR100,278.0
2023,half,Trey Lance,LAC,316,QB41,279.0
2023,half,Luke Schoonmaker,DAL,317,TE45,279.0
2023,half,Michael Carter,TEN,294,RB78,281.0
2023,half,Rico Dowdle,PIT,318,RB81,281.0
2023,half,Brian Lewerke,,319,QB42,281.0
2023,half,Logan Woodside,,320,QB43,282.0
2023,half,Chad Beebe,,321,WR101,284.0
2023,half,Khalil Shakir,BUF,301,WR95,284.5
2023,half,Salvon Ahmed,CHI,322,RB82,285.0
2023,half,Allen Robinson,II,305,WR96,286.0
2023,half,Tyquan Thornton,KC,323,WR102,286.0
2023,half,Terrace Marshall Jr.,MIA,308,WR98,288.0
2023,half,Brandon Aubrey,DAL,325,K24,288.0
2023,half,Kerryon Johnson,,326,RB84,289.0
2023,half,Chris Evans,,327,RB85,289.0
2023,half,B.J. Emmons,,328,RB86,291.0
2023,half,Chad Ryland,ARI,329,K25,292.0
2023,half,Thomas Hennigan,,330,WR103,293.0
2023,half,Khalil Tate,,331,QB44,294.0
2023,half,Josh Reynolds,,332,WR104,295.0
2023,half,Isaiah Wright,,333,WR105,295.0
2023,half,Pierre Strong Jr.,GB,324,RB83,295.5
2023,half,Mack Hollins,NE,334,WR106,296.0
2023,half,D.J. Montgomery,,335,WR107,296.0
2023,half,Marvin Jones Jr.,,336,WR108,297.0
2023,half,Ryan McDaniel,,337,WR109,298.0
2023,half,Matt Breida,,338,RB87,299.0
2023,half,Emmanuel Sanders,,339,WR110,300.0
2023,half,Trey Palmer,NO,340,WR111,300.0
2023,half,Peyton Barber,,341,RB88,301.0
2023,half,Chris Rodriguez Jr.,JAC,342,RB89,302.0
2023,half,Brandon Smith,PIT,343,WR112,302.0
2023,half,Jaylen Samuels,,344,RB90,303.0
2023,half,Raheem Blackshear,,345,RB91,303.0
2023,half,Chris Brooks,GB,346,RB92,304.0
2023,half,Josh Hill,,347,TE46,306.0
2023,half,Jacob Saylors,DET,348,RB93,307.0
2023,half,Bryce Perkins,,349,QB45,308.0
2023,half,Chris Streveler,,350,QB46,310.0
2023,half,Reggie Begelton,,351,WR113,311.0
2023,half,Cam Sutton,,352,TE47,312.0
2023,half,Caleb Huntley,,353,RB94,314.0
2023,half,Derek Carrier,,354,TE48,315.0
2023,half,Keshunn Abram,,355,WR114,316.0
2023,half,Tristan Vizcaino,,356,K26,318.0
2023,half,Aldrick Rosas,,357,K27,319.0
2023,half,Henry Litwin,,358,WR115,320.0
2023,half,Eric Tomlinson,,359,TE49,322.0
2023,ppr,Justin Jefferson,MIN,1,WR1,1.0
2023,ppr,Christian McCaffrey,SF,2,RB1,2.3
2023,ppr,Ja'Marr Chase,CIN,3,WR2,3.0
2023,ppr,Austin Ekeler,,4,RB2,3.8
2023,ppr,Travis Kelce,KC,5,TE1,5.8
2023,ppr,Tyreek Hill,,6,WR3,6.3
2023,ppr,Saquon Barkley,PHI,7,RB3,7.8
2023,ppr,Bijan Robinson,ATL,8,RB4,8.0
2023,ppr,Stefon Diggs,,9,WR4,10.0
2023,ppr,Nick Chubb,,10,RB5,12.3
2023,ppr,Davante Adams,LAR,11,WR5,12.8
2023,ppr,CeeDee Lamb,DAL,12,WR6,13.3
2023,ppr,Cooper Kupp,SEA,13,WR7,13.8
2023,ppr,Patrick Mahomes II,KC,14,QB1,14.5
2023,ppr,A.J. Brown,NE,15,WR8,15.0
2023,ppr,Tony Pollard,TEN,16,RB6,16.0
2023,ppr,Derrick Henry,BAL,17,RB7,16.0
2023,ppr,Josh Jacobs,GB,18,RB8,16.0
2023,ppr,Garrett Wilson,NYJ,19,WR9,17.3
2023,ppr,Amon-Ra St. Brown,DET,20,WR10,18.8
2023,ppr,Josh Allen,BUF,21,QB2,20.5
2023,ppr,Jalen Hurts,PHI,22,QB3,22.8
2023,ppr,Jaylen Waddle,DEN,23,WR11,24.5
2023,ppr,Chris Olave,NO,24,WR12,26.5
2023,ppr,DeVonta Smith,PHI,25,WR13,27.0
2023,ppr,Najee Harris,LAC,26,RB9,28.0
2023,ppr,Tee Higgins,CIN,27,WR14,28.8
2023,ppr,Travis Etienne Jr.,NO,28,RB10,28.8
2023,ppr,Mark Andrews,BAL,29,TE2,30.3
2023,ppr,Rhamondre Stevenson,NE,30,RB11,30.5
2023,ppr,DK Metcalf,PIT,31,WR15,31.3
2023,ppr,Joe Mixon,,32,RB12,33.0
2023,ppr,Jahmyr Gibbs,DET,33,RB13,33.0
2023,ppr,Lamar Jackson,BAL,34,QB4,34.0
2023,ppr,Calvin Ridley,TEN,35,WR16,34.5
2023,ppr,Joe Burrow,CIN,36,QB5,34.8
2023,ppr,Aaron Jones Sr.,MIN,37,RB14,37.3
2023,ppr,Deebo Samuel Sr.,,38,WR17,38.0
2023,ppr,Breece Hall,NYJ,39,RB15,40.8
2023,ppr,Amari Cooper,,40,WR18,42.0
2023,ppr,Keenan Allen,LAC,41,WR19,43.5
2023,ppr,Justin Herbert,LAC,42,QB6,43.5
2023,ppr,Kenneth Walker III,KC,43,RB16,43.8
2023,ppr,Justin Fields,KC,44,QB7,44.3
2023,ppr,T.J. Hockenson,MIN,45,TE3,45.3
2023,ppr,Dameon Pierce,PHI,46,RB17,46.3
2023,ppr,Jonathan Taylor,IND,47,RB18,47.8
2023,ppr,George Kittle,SF,48,TE4,49.5
2023,ppr,Miles Sanders,,49,RB19,50.5
2023,ppr,Darren Waller,,50,TE5,50.5
2023,ppr,DJ Moore,BUF,51,WR20,50.8
2023,ppr,DeAndre Hopkins,BAL,52,WR21,52.5
2023,ppr,Terry McLaurin,WAS,53,WR22,54.3
2023,ppr,Trevor Lawrence,JAC,54,QB8,55.0
2023,ppr,Christian Watson,GB,55,WR23,55.3
2023,ppr,Mike Williams,,56,WR24,60.8
2023,ppr,Alvin Kamara,NO,57,RB20,61.5
2023,ppr,Kyle Pitts Sr.,ATL,58,TE6,62.3
2023,ppr,Alexander Mattison,,59,RB21,62.8
2023,ppr,Dalvin Cook,,60,RB22,63.5
2023,ppr,Dallas Goedert,PHI,61,TE7,63.8
2023,ppr,Cam Akers,,62,RB23,64.0
2023,ppr,James Conner,ARI,63,RB24,64.5
2023,ppr,Rachaad White,WAS,64,RB25,65.5
2023,ppr,Drake London,ATL,65,WR25,66.8
2023,ppr,Chris Godwin Jr.,TB,66,WR26,67.0
2023,ppr,Tyler Lockett,LV,67,WR27,70.5
2023,ppr,James Cook III,BUF,68,RB26,71.3
2023,ppr,Jerry Jeudy,CLE,69,WR28,72.0
2023,ppr,Brandon Aiyuk,SF,70,WR29,72.0
2023,ppr,Isiah Pacheco,DET,71,RB27,72.5
2023,ppr,Javonte Williams,DAL,72,RB28,72.8
2023,ppr,D'Andre Swift,CHI,73,RB29,74.3
2023,ppr,Diontae Johnson,,74,WR30,74.8
2023,ppr,Mike Evans,SF,75,WR31,75.8
2023,ppr,Deshaun Watson,CLE,76,QB9,76.0
2023,ppr,Christian Kirk,SF,77,WR32,76.0
2023,ppr,Evan Engram,DEN,78,TE8,78.3
2023,ppr,Michael Pittman Jr.,PIT,79,WR33,81.5
2023,ppr,San Francisco 49ers,DST,80,DST1,82.8
2023,ppr,George Pickens,DAL,81,WR34,83.0
2023,ppr,David Njoku,LAC,82,TE9,85.8
2023,ppr,David Montgomery,HOU,83,RB30,86.0
2023,ppr,Dak Prescott,DAL,84,QB10,89.5
2023,ppr,Justin Tucker,,85,K1,90.3
2023,ppr,Hollywood Brown,PHI,86,WR35,91.3
2023,ppr,Jahan Dotson,ATL,87,WR36,91.8
2023,ppr,Tua Tagovailoa,ATL,88,QB11,93.5
2023,ppr,Jordan Addison,MIN,89,WR37,93.8
2023,ppr,AJ Dillon,CAR,90,RB31,94.5
2023,ppr,Brandin Cooks,,91,WR38,95.0
2023,ppr,Pat Freiermuth,PIT,92,TE10,95.3
2023,ppr,Jaxon Smith-Njigba,SEA,93,WR39,97.5
2023,ppr,Khalil Herbert,,94,RB32,99.0
2023,ppr,Aaron Rodgers,PIT,95,QB12,101.8
2023,ppr,Jamaal Williams,,96,RB33,103.8
2023,ppr,Philadelphia Eagles,DST,97,DST2,106.0
2023,ppr,Courtland Sutton,DEN,98,WR40,106.0
2023,ppr,Michael Thomas,,99,WR41,106.3
2023,ppr,Odell Beckham Jr.,NYG,100,WR42,106.3
2023,ppr,Gabe Davis,,101,WR43,108.3
2023,ppr,Buffalo Bills,DST,102,DST3,108.5
2023,ppr,Brian Robinson Jr.,ATL,103,RB34,109.3
2023,ppr,JuJu Smith-Schuster,NYG,104,WR44,109.3
2023,ppr,Kirk Cousins,LV,105,QB13,109.8
2023,ppr,Antonio Gibson,,106,RB35,112.5
2023,ppr,Treylon Burks,WAS,107,WR45,114.0
2023,ppr,Daniel Carlson,LV,108,K2,114.3
2023,ppr,Zay Flowers,BAL,109,WR46,115.0
2023,ppr,Kadarius Toney,,110,WR47,116.8
2023,ppr,Zach Charbonnet,SEA,111,RB36,118.0
2023,ppr,Dallas Cowboys,DST,112,DST4,118.3
2023,ppr,Samaje Perine,CIN,113,RB37,118.5
2023,ppr,Anthony Richardson Sr.,IND,114,QB14,120.3
2023,ppr,Dalton Schultz,HOU,115,TE11,120.5
2023,ppr,Daniel Jones,IND,116,QB15,120.8
2023,ppr,New York Jets,DST,117,DST5,122.3
2023,ppr,Geno Smith,NYJ,118,QB16,124.8
2023,ppr,Quentin Johnston,LAC,119,WR48,125.3
2023,ppr,Jerick McKinnon,,120,RB38,125.3
2023,ppr,Dalton Kincaid,BUF,121,TE12,127.0
2023,ppr,Skyy Moore,GB,122,WR49,127.5
2023,ppr,New England Patriots,DST,123,DST6,128.5
2023,ppr,Tyler Bass,BUF,124,K3,129.0
2023,ppr,Eddy Pineiro,SF,252,K21,129.0
2023,ppr,Cole Kmet,CHI,125,TE13,129.5
2023,ppr,Evan McPherson,CIN,126,K4,130.3
2023,ppr,Harrison Butker,KC,127,K5,133.5
2023,ppr,Ezekiel Elliott,,128,RB39,134.8
2023,ppr,Raheem Mostert,LV,129,RB40,135.0
2023,ppr,Tyler Higbee,LAR,130,TE14,136.3
2023,ppr,Jason Myers,SEA,131,K6,136.8
2023,ppr,De'Von Achane,MIA,132,RB41,136.8
2023,ppr,Adam Thielen,,133,WR50,137.3
2023,ppr,Baltimore Ravens,DST,134,DST7,138.8
2023,ppr,Jared Goff,DET,135,QB17,138.8
2023,ppr,Younghoe Koo,,136,K7,139.0
2023,ppr,Rashaad Penny,,137,RB42,140.3
2023,ppr,Elijah Mitchell,PHI,138,RB43,140.3
2023,ppr,Pittsburgh Steelers,DST,139,DST8,141.5
2023,ppr,Allen Lazard,,140,WR51,143.5
2023,ppr,Miami Dolphins,DST,141,DST9,145.8
2023,ppr,Juwan Johnson,NO,142,TE15,147.3
2023,ppr,Russell Wilson,,143,QB18,148.0
2023,ppr,Jakobi Meyers,JAC,144,WR52,150.0
2023,ppr,Elijah Moore,PHI,145,WR53,151.0
2023,ppr,Rashod Bateman,BAL,146,WR54,152.0
2023,ppr,New Orleans Saints,DST,147,DST10,154.0
2023,ppr,Jameson Williams,DET,148,WR55,154.0
2023,ppr,Chig Okonkwo,WAS,149,TE16,154.5
2023,ppr,Graham Gano,,150,K8,155.3
2023,ppr,Tyler Boyd,,151,WR56,156.0
2023,ppr,Nick Folk,ATL,221,K15,159.0
2023,ppr,Devin Singletary,NYG,152,RB44,159.3
2023,ppr,Tyler Allgeier,ARI,153,RB45,160.0
2023,ppr,Jake Elliott,PHI,154,K9,161.0
2023,ppr,Gerald Everett,,155,TE17,162.0
2023,ppr,Jaylen Warren,PIT,156,RB46,162.8
2023,ppr,Derek Carr,,157,QB19,163.3
2023,ppr,Damien Harris,,158,RB47,164.5
2023,ppr,Jalin Hyatt,NYG,159,WR57,166.3
2023,ppr,Kansas City Chiefs,DST,160,DST11,166.5
2023,ppr,Brock Purdy,SF,161,QB20,167.0
2023,ppr,Sam LaPorta,DET,162,TE18,168.3
2023,ppr,Kenny Pickett,CAR,163,QB21,168.3
2023,ppr,Tank Bigsby,PHI,164,RB48,169.8
2023,ppr,D'Onta Foreman,,196,RB52,170.7
2023,ppr,Jeff Wilson Jr.,,197,RB53,172.3
2023,ppr,Zay Jones,,165,WR58,173.3
2023,ppr,Darnell Mooney,NYG,166,WR59,174.0
2023,ppr,Nico Collins,HOU,167,WR60,174.0
2023,ppr,Greg Dulcich,MIA,168,TE19,176.0
2023,ppr,Kendre Miller,NO,199,RB54,177.3
2023,ppr,Matthew Stafford,LAR,169,QB22,178.8
2023,ppr,Washington Commanders,DST,170,DST12,179.8
2023,ppr,Deuce Vaughn,,171,RB49,180.0
2023,ppr,Greg Zuerlein,,200,K13,180.0
2023,ppr,Romeo Doubs,NE,172,WR61,180.3
2023,ppr,Cincinnati Bengals,DST,173,DST13,180.8
2023,ppr,Bryce Young,CAR,174,QB23,183.3
2023,ppr,Deon Jackson,,204,RB56,183.7
2023,ppr,Rashee Rice,KC,206,WR67,185.3
2023,ppr,Green Bay Packers,DST,176,DST14,187.3
2023,ppr,Kenny Gainwell,TB,177,RB50,187.5
2023,ppr,Jordan Love,GB,178,QB24,189.0
2023,ppr,Michael Gallup,,179,WR62,190.0
2023,ppr,Jonathan Mingo,DAL,180,WR63,190.3
2023,ppr,Cordarrelle Patterson,,210,RB57,190.3
2023,ppr,Cameron Dicker,LAC,181,K10,190.5
2023,ppr,Van Jefferson,WAS,238,WR76,191.0
2023,ppr,Dawson Knox,BUF,182,TE20,191.8
2023,ppr,K.J. Osborn,TEN,183,WR64,192.3
2023,ppr,Kyren Williams,LAR,275,RB71,193.0
2023,ppr,Matt Gay,LV,184,K11,193.8
2023,ppr,Donovan Peoples-Jones,,213,WR69,194.3
2023,ppr,Jacksonville Jaguars,DST,185,DST15,194.5
2023,ppr,Roschon Johnson,CHI,186,RB51,195.0
2023,ppr,Brandon McManus,,187,K12,196.5
2023,ppr,Jason Sanders,NYJ,216,K14,197.3
2023,ppr,Los Angeles Chargers,DST,240,DST22,197.5
2023,ppr,Carolina Panthers,DST,241,DST23,198.0
2023,ppr,Sean Tucker,TB,276,RB72,198.0
2023,ppr,Zach Ertz,,188,TE21,198.8
2023,ppr,Denver Broncos,DST,189,DST16,198.8
2023,ppr,Detroit Lions,DST,242,DST24,199.0
2023,ppr,Cleveland Browns,DST,190,DST17,199.8
2023,ppr,Seattle Seahawks,DST,191,DST18,200.0
2023,ppr,DJ Chark Jr.,,192,WR65,200.3
2023,ppr,Sam Howell,DAL,193,QB25,200.3
2023,ppr,Luke Musgrave,GB,194,TE22,200.8
2023,ppr,Kyler Murray,MIN,195,QB26,201.5
2023,ppr,Riley Patterson,MIA,244,K19,201.5
2023,ppr,Clyde Edwards-Helaire,,219,RB60,201.7
2023,ppr,Zack Moss,,245,RB63,203.5
2023,ppr,Chuba Hubbard,CAR,222,RB61,206.0
2023,ppr,Tyjae Spears,TEN,223,RB62,207.7
2023,ppr,Taysom Hill,,198,TE23,207.8
2023,ppr,Ty Chandler,NO,246,RB64,208.5
2023,ppr,Cairo Santos,CHI,281,K27,209.0
2023,ppr,Zamir White,LV,247,RB65,209.5
2023,ppr,Marquez Valdes-Scantling,DAL,201,WR66,210.5
2023,ppr,Minnesota Vikings,DST,225,DST19,211.0
2023,ppr,C.J. Stroud,HOU,202,QB27,211.5
2023,ppr,Kareem Hunt,,203,RB55,212.5
2023,ppr,Greg Joseph,,250,K20,212.5
2023,ppr,Los Angeles Rams,DST,251,DST25,212.5
2023,ppr,New York Giants,DST,226,DST20,213.0
2023,ppr,Jimmy Garoppolo,LAR,205,QB28,213.3
2023,ppr,Chris Boswell,PIT,227,K16,214.0
2023,ppr,Tom Brady,,283,QB34,214.0
2023,ppr,Jake Ferguson,DAL,207,TE24,214.8
2023,ppr,Evan Hull,HOU,253,RB66,215.5
2023,ppr,Brett Maher,,285,K28,216.0
2023,ppr,Marvin Mims Jr.,DEN,208,WR68,216.5
2023,ppr,Mike Gesicki,CIN,209,TE25,217.0
2023,ppr,Wil Lutz,DEN,228,K17,217.7
2023,ppr,Hunter Henry,NE,229,TE29,217.7
2023,ppr,Leonard Fournette,,211,RB58,218.3
2023,ppr,Michael Mayer,LV,212,TE26,218.8
2023,ppr,Jimmy Graham,,286,TE35,219.0
2023,ppr,Jayden Reed,GB,230,WR73,220.0
2023,ppr,Jake Moody,WAS,233,K18,220.7
2023,ppr,Jerome Ford,WAS,256,RB68,222.0
2023,ppr,Chicago Bears,DST,257,DST26,222.0
2023,ppr,Tyler Conklin,DET,214,TE27,222.3
2023,ppr,Joshua Kelley,,259,RB69,222.5
2023,ppr,Mac Jones,SF,234,QB30,222.7
2023,ppr,Parris Campbell,,215,WR70,222.8
2023,ppr,Tampa Bay Buccaneers,DST,235,DST21,223.0
2023,ppr,Gus Edwards,,217,RB59,223.5
2023,ppr,Las Vegas Raiders,DST,260,DST27,224.5
2023,ppr,Hunter Renfrow,,218,WR71,224.8
2023,ppr,Tennessee Titans,DST,262,DST28,226.0
2023,ppr,Alec Pierce,IND,237,WR75,226.3
2023,ppr,Hayden Hurst,,220,TE28,227.0
2023,ppr,Curtis Samuel,,239,WR77,230.3
2023,ppr,Justyn Ross,,224,WR72,230.8
2023,ppr,Chase McLaughlin,TB,263,K22,231.0
2023,ppr,Atlanta Falcons,DST,293,DST31,231.0
2023,ppr,Noah Fant,NO,264,TE31,231.5
2023,ppr,Blake Grupe,IND,294,K29,232.0
2023,ppr,Jermar Jefferson,,295,RB76,233.0
2023,ppr,Isaiah Hodgins,NYG,243,WR78,233.7
2023,ppr,Latavius Murray,,265,RB70,234.5
2023,ppr,John Metchie III,CAR,266,WR82,235.0
2023,ppr,Chase Edmonds,WAS,301,RB77,237.0
2023,ppr,DeVante Parker,,248,WR79,239.7
2023,ppr,Ryan Tannehill,,232,QB29,240.3
2023,ppr,Baker Mayfield,TB,249,QB31,240.3
2023,ppr,Matt Prater,,270,K24,241.0
2023,ppr,Malik Cunningham,DET,303,QB35,241.0
2023,ppr,Arizona Cardinals,DST,272,DST29,242.0
2023,ppr,Rob Gronkowski,,304,TE37,242.0
2023,ppr,Tanner Brown,NO,305,K34,243.0
2023,ppr,Luke Schoonmaker,DAL,306,TE38,244.0
2023,ppr,Houston Texans,DST,307,DST32,245.0
2023,ppr,Darius Slayton,NYG,274,WR85,245.5
2023,ppr,Chase Brown,CIN,254,RB67,246.0
2023,ppr,Robbie Gould,,308,K35,246.0
2023,ppr,Bruce Anderson,III,309,RB78,246.0
2023,ppr,Kyle Allen,BUF,310,QB36,247.0
2023,ppr,Mecole Hardman Jr.,BUF,255,WR80,247.3
2023,ppr,Chase Claypool,,258,WR81,248.0
2023,ppr,Henry Litwin,,311,WR91,248.0
2023,ppr,Brandon Aubrey,DAL,277,K25,249.0
2023,ppr,Jake Bobo,SEA,313,WR93,249.0
2023,ppr,Desmond Ridder,,261,QB32,250.0
2023,ppr,Antonio Brown,,314,WR94,250.0
2023,ppr,Mason Crosby,,315,K36,251.0
2023,ppr,Anders Carlson,,278,K26,251.5
2023,ppr,Josh Downs,IND,279,WR86,252.0
2023,ppr,Trey McBride,ARI,317,TE39,252.0
2023,ppr,Kyle Juszczyk,SF,280,RB73,253.5
2023,ppr,Blake Bell,,318,TE40,254.0
2023,ppr,Jaleel McLaughlin,DEN,319,RB79,254.0
2023,ppr,Darnell Washington,PIT,282,TE33,254.5
2023,ppr,Eric Ebron,,320,TE41,255.0
2023,ppr,Trey Palmer,NO,321,WR96,256.0
2023,ppr,Connor Heyward,LV,322,TE42,257.0
2023,ppr,Ben Roethlisberger,,324,QB37,258.0
2023,ppr,Trey Lance,LAC,267,QB33,259.3
2023,ppr,Wan'Dale Robinson,TEN,287,WR87,259.5
2023,ppr,Rashid Shaheed,SEA,269,WR83,259.7
2023,ppr,Michael Carter,TEN,288,RB74,260.0
2023,ppr,Keaontay Ingram,,289,RB75,260.0
2023,ppr,Christopher Dunn,,326,K37,260.0
2023,ppr,Robert Woods,,271,WR84,261.0
2023,ppr,Max Duggan,,327,QB38,261.0
2023,ppr,Christian Trahan,,328,TE44,261.0
2023,ppr,Isaiah Likely,NYG,273,TE32,262.0
2023,ppr,Stetson Bennett IV,LAR,330,QB39,263.0
2023,ppr,Adrian Peterson,,333,RB83,264.0
2023,ppr,Tristan Vizcaino,,334,K38,264.0
2023,ppr,Puka Nacua,LAR,292,WR89,265.0
2023,ppr,Nikola Kalinic,CHI,335,TE46,265.0
2023,ppr,Zack Kuntz,,336,TE47,265.0
2023,ppr,Tank Dell,HOU,231,WR74,265.8
2023,ppr,Marvin Jones Jr.,,338,WR97,266.0
2023,ppr,Mohamed Ibrahim,,339,RB84,266.0
2023,ppr,Chad Ryland,ARI,296,K30,266.5
2023,ppr,Joey Slye,TEN,298,K32,267.0
2023,ppr,Chase Cota-,DUP,340,WR98,267.0
2023,ppr,Joshua Palmer,BUF,299,WR90,267.5
2023,ppr,Indianapolis Colts,DST,291,DST30,268.0
2023,ppr,Noah Gray,KC,300,TE36,268.0
2023,ppr,Austin Watkins Jr.,,341,WR99,269.0
2023,ppr,Zach Evans,,342,RB85,270.0
2023,ppr,Chris Naggar,,343,K39,270.0
2023,ppr,Rico Dowdle,PIT,344,RB86,271.0
2023,ppr,Armani Rogers,,345,TE49,271.0
2023,ppr,John Mitchell,,346,TE50,271.0
2023,ppr,Cade Otton,TB,284,TE34,271.7
2023,ppr,C.J. Uzomah,,347,TE51,272.0
2023,ppr,Michael Wilson,ARI,348,WR100,272.0
2023,ppr,Michael Badgley,,268,K23,273.0
2023,ppr,Matt Breida,,349,RB87,273.0
2023,ppr,Tucker Kraft,GB,350,TE52,273.0
2023,ppr,Allen Robinson,II,312,WR92,274.0
2023,ppr,Justin Watson,HOU,352,WR101,274.0
2023,ppr,Zach Wilson,NO,353,QB40,275.0
2023,ppr,Calvin Austin III,NYG,316,WR95,275.5
2023,ppr,Joseph Ngata,,354,WR102,276.0
2023,ppr,Marcus Mariota,WAS,355,QB41,277.0
2023,ppr,Ronnie Bell,NO,356,WR103,278.0
2023,ppr,DeWayne McBride,,323,RB80,278.5
2023,ppr,Matt Barkley,,357,QB42,279.0
2023,ppr,Logan Thomas,,358,TE53,279.0
2023,ppr,Austin Allen,,359,TE54,279.0
2023,ppr,Robert Tonyan,PIT,325,TE43,280.0
2023,ppr,Will Dissly,,360,TE55,280.0
2023,ppr,Albert Okwuegbunam Jr.,LV,361,TE56,280.0
2023,ppr,Cade York,NYJ,297,K31,280.5
2023,ppr,Daniel Bellinger,TEN,329,TE45,280.5
2023,ppr,Rodrigo Blankenship,,362,K40,281.0
2023,ppr,Richie James Jr.,,290,WR88,281.5
2023,ppr,Dustin Hopkins,,364,K41,282.0
2023,ppr,Deneric Prince,,365,RB89,282.0
2023,ppr,Jelani Woods,NYJ,337,TE48,282.5
2023,ppr,Durham Smythe,BAL,366,TE57,283.0
2023,ppr,Julio Jones,,367,WR105,284.0
2023,ppr,Quez Watkins,PHI,368,WR106,284.0
2023,ppr,Irv Smith Jr.,,236,TE30,285.0
2023,ppr,Mitchell Trubisky,TEN,369,QB43,285.0
2023,ppr,Tyquan Thornton,KC,370,WR107,285.0
2023,ppr,Josh Woodrum,,371,QB44,286.0
2023,ppr,Equanimeous St. Brown,,372,WR108,286.0
2023,ppr,Boston Scott,,351,RB88,286.5
2023,ppr,Nick Sciba,,373,K42,287.0
2023,ppr,Thomas Greaney,,374,TE58,287.0
2023,ppr,Josh Oliver,MIN,376,TE59,288.0
2023,ppr,Jake Browning,TB,377,QB45,289.0
2023,ppr,Pierre Strong Jr.,GB,378,RB90,289.0
2023,ppr,Ka'imi Fairbairn,HOU,302,K33,289.5
2023,ppr,Cooper Rush,,379,QB46,290.0
2023,ppr,Cole McDonald,,380,QB47,290.0
2023,ppr,Terrace Marshall Jr.,MIA,381,WR110,291.0
2023,ppr,Kyle Lauletta,,382,QB48,292.0
2023,ppr,Trenton Irwin,,383,WR111,293.0
2023,ppr,Danny Etling,,384,QB49,294.0
2023,ppr,Trace McSorley,,385,QB50,294.0
2023,ppr,KaVontae Turpin,DAL,386,WR112,295.0
2023,ppr,Cam Newton,,387,QB51,296.0
2023,ppr,Jauan Jennings,MIN,388,WR113,296.0
2023,ppr,Peyton Hendershot,,389,TE60,297.0
2023,ppr,Malik Flowers,,390,WR114,297.0
2023,ppr,Teddy Bridgewater,DET,391,QB52,298.0
2023,ppr,Sterling Shepard,,392,WR115,298.0
2023,ppr,Drew Lock,SEA,393,QB53,299.0
2023,ppr,J.J. Taylor,,394,RB91,300.0
2023,ppr,Darius Jackson,,395,RB92,301.0
2023,ppr,Jack Stoll,CLE,396,TE61,302.0
2023,ppr,Troy Fumagalli,,397,TE62,303.0
2023,ppr,Sean Clifford,CIN,398,QB54,303.0
2023,ppr,Josh Hill,,399,TE63,304.0
2023,ppr,Binjimen Victor,,400,WR116,304.0
2023,ppr,Devin Duvernay,ARI,401,WR117,305.0
2023,ppr,Levine Toilolo,,402,TE64,305.0
2023,ppr,C.J. Ham,,403,RB93,305.0
2023,ppr,Charlie Jones,CIN,404,WR118,306.0
2023,ppr,Ryan Succop,,405,K43,307.0
2023,ppr,Nate Stanley,,406,QB55,307.0
2023,ppr,Le'Veon Bell,,407,RB94,308.0
2023,ppr,Kaden Smith,,408,TE65,308.0
2023,ppr,Marquise Goodwin,,409,WR119,309.0
2023,ppr,Nick Bowers,,410,TE66,309.0
2023,ppr,Briley Moore,,411,TE67,310.0
2023,ppr,Grant DuBose,,412,WR120,311.0
2023,ppr,Ross Travis,,413,TE68,312.0
2023,ppr,Olamide Zaccheaus,ATL,414,WR121,312.0
2023,ppr,Jason Brownlee,KC,415,WR122,313.0
2023,ppr,Israel Abanikanda,DAL,331,RB81,313.5
2023,ppr,Derek Watt,,416,RB95,314.0
2023,ppr,Matt Bushman,,417,TE69,314.0
2023,ppr,Jordan Matthews,,418,TE70,316.0
2023,ppr,Hendon Hooker,TEN,419,QB56,316.0
2023,ppr,Kahale Warring,,420,TE71,317.0
2023,ppr,Brock Wright,DET,421,TE72,317.0
2023,ppr,DaeSean Hamilton,,422,WR123,318.0
2023,ppr,Jalen Tolbert,MIA,423,WR124,318.0
2023,ppr,Jonnu Smith,,424,TE73,319.0
2023,ppr,Jarrett Stidham,DEN,425,QB57,320.0
2023,ppr,Andrei Iosivas,CIN,426,WR125,321.0
2023,ppr,Jameis Winston,NYG,427,QB58,322.0
2023,ppr,D'Vonte Price,,428,RB96,323.0
2023,ppr,Blaine Gabbert,,429,QB59,324.0
2023,ppr,Patrick Ricard,NYG,430,RB97,325.0
2023,ppr,Josh Lambo,,431,K44,326.0
2023,ppr,Drew Sample,CIN,432,TE74,327.0
2023,ppr,Tyson Bagent,CHI,433,QB60,329.0
2023,ppr,Adam Humphries,,434,WR126,330.0
2023,ppr,Tre' McKitty,,435,TE75,331.0
2023,ppr,Lirim Hajrullahu,,436,K45,332.0
2023,ppr,Anthony Brown Jr.,,437,QB61,333.0
2023,ppr,Matthew Slater,,438,WR127,334.0
2023,ppr,Josh Gordon,,439,WR128,335.0
2023,ppr,Adam Trautman,DEN,440,TE76,336.0
2023,ppr,Roger Carter Jr.,,441,TE77,337.0
2023,ppr,Gunner Olszewski,NYG,442,WR129,338.0
2023,ppr,Dorian Thompson-Robinson,,443,QB62,339.0
2023,ppr,Khalil Shakir,BUF,363,WR104,340.0
2023,ppr,Elijah Higgins,ARI,444,TE78,341.0
2023,ppr,Randy Bullock,,445,K46,342.0
2023,ppr,Elijah Dotson,,446,RB98,344.0
2023,ppr,James White,,447,RB99,345.0
2023,ppr,Andy Dalton,PHI,448,QB63,346.0
2023,ppr,Harrison Bryant,SEA,449,TE79,347.0
2023,ppr,Ryan Fitzpatrick,,450,QB64,348.0
2023,ppr,Brenton Strange,JAC,451,TE80,349.0
2023,ppr,Ray-Ray McCloud,III,452,WR130,350.0
2023,ppr,Mo Alie-Cox,IND,453,TE81,351.0
2023,ppr,John FitzPatrick,,454,TE82,351.5
2023,ppr,Trent Sherfield Sr.,BUF,455,WR131,352.0
2023,ppr,James Robinson,,332,RB82,353.0
2023,ppr,Cedrick Wilson Jr.,DET,456,WR132,353.0
2023,ppr,Julian Hill,NE,457,TE83,355.0
2023,ppr,Dontayvion Wicks,PHI,458,WR133,356.0
2023,ppr,Jared Cook,,459,TE84,357.0
2023,ppr,Mitchell Wilcox,,460,TE85,357.0
2023,ppr,Xavier Gipson,NYG,461,WR134,358.0
2023,ppr,Alec Ingold,LAC,462,RB100,359.0
2023,ppr,Devonta Freeman,,463,RB101,360.0
2023,ppr,Brycen Hopkins,,464,TE86,361.0
2023,ppr,Colby Parkinson,LAR,465,TE87,362.0
2023,ppr,John Bates,WAS,466,TE88,363.0
2023,ppr,Tre Nixon,,467,WR135,365.0
2023,ppr,Josh Adams,,468,RB102,366.0
2023,ppr,Eric Gray,NYG,469,RB103,367.0
2023,ppr,Aidan O'Connell,LV,470,QB65,369.0
2023,ppr,Hunter Luepke,DAL,471,RB104,370.0
2023,ppr,River Cracraft,,472,WR136,371.0
2023,ppr,Chris Brooks,GB,473,RB105,372.0
2023,ppr,Jeremy Ruckert,NYJ,474,TE89,373.0
2023,ppr,Joe Flacco,CIN,475,QB66,374.0
2023,ppr,Dyami Brown,WAS,476,WR137,375.0
2023,ppr,Amari Rodgers,,477,WR138,376.0
2023,ppr,Erik Ezukanma,PHI,478,WR139,377.0
2023,ppr,Ross Dwelley,,479,TE90,378.0
2023,ppr,Michael Burton,CLE,480,RB106,379.0
2023,ppr,Josiah Deguara,,481,TE91,380.0
2023,ppr,Scotty Washington,,482,WR140,381.0
2023,ppr,Jalen Brooks,ARI,483,WR141,382.0
2023,ppr,Ben DiNucci,,484,QB67,383.0
2023,ppr,Pharoh Cooper,,485,WR142,384.0
2023,ppr,D'Ernest Johnson,,486,RB107,384.0
2023,ppr,Bryce Perkins,,487,QB68,385.0
2023,ppr,Malik Heath,,488,WR143,386.0
2023,ppr,Brandon Johnson,LV,489,WR144,387.0
2023,ppr,Mason Rudolph,PIT,490,QB69,388.0
2023,ppr,Isaiah McKenzie,,375,WR109,388.5
2023,ppr,Scotty Miller,CHI,491,WR145,389.0
2023,ppr,Nelson Agholor,,492,WR146,390.0
2023,ppr,David Johnson,,493,RB108,391.0
2023,ppr,A.J. Green,,494,WR147,392.0
2023,ppr,Antoine Green,,495,WR148,393.0
2023,ppr,Brandon Allen,NYG,496,QB70,394.0
2023,ppr,Tyrod Taylor,GB,497,QB71,395.0
2023,ppr,Bailey Zappe,NYJ,498,QB72,396.0
2023,ppr,Mitch Tinsley,CIN,499,WR149,397.0
2023,ppr,Tyrion Davis-Price,,500,RB109,398.0
2023,ppr,Spencer Brown,,501,RB110,400.0
2023,ppr,DeAndre Carter,,502,WR150,402.0
2023,ppr,Tanner McKee,PHI,503,QB73,404.0
2023,ppr,C.J. Beathard,,504,QB74,405.0
2023,ppr,Jordan Akins,,505,TE92,406.0
2023,ppr,Jakob Johnson,,506,RB111,407.0
2023,ppr,Travis Homer,PIT,507,RB112,408.0
2023,ppr,Byron Pringle,,508,WR151,409.0
2023,ppr,Kayshon Boutte,NE,509,WR152,410.0
2023,ppr,Rex Burkhead,,510,RB113,411.0
2023,ppr,Easton Stick,IND,511,QB75,412.0
2023,ppr,Caleb Shudak,,512,K47,413.0
2023,ppr,Tre Tucker,LV,513,WR153,415.0
2023,ppr,Nick Mullens,JAC,514,QB76,416.0
2023,ppr,Cole Turner,MIA,515,TE93,417.0
2023,ppr,Jordan Mason,MIN,516,RB114,418.0
2023,ppr,Matt Ryan,,517,QB77,419.0
2023,ppr,Tyler Scott,LAR,518,WR154,420.0
2023,ppr,Kearis Jackson,,519,WR155,421.0
2023,ppr,A.T. Perry,PIT,520,WR156,422.0
2023,ppr,Reggie Gilliam,NE,521,RB115,423.0
2023,ppr,Samori Toure,PHI,522,WR157,424.0
2023,ppr,Skylar Thompson,BAL,523,QB78,425.0
2023,ppr,Matthew Wright,,524,K48,426.0
2023,ppr,Derius Davis,LAC,525,WR158,427.0
2023,ppr,Nathan Peterman,,526,QB79,428.0
2023,ppr,Tyler Kroft,,527,TE94,429.0
2023,ppr,Mark Ingram,II,528,RB116,430.0
2023,ppr,James Mitchell,CAR,529,TE95,431.0
2023,ppr,David Bell,,530,WR159,432.0
2023,ppr,Keith Smith,,531,RB117,433.0
2023,ppr,Kylen Granson,TEN,532,TE96,434.0
2023,ppr,Maurice Alexander,CHI,533,WR160,435.0
2023,ppr,Davis Allen,LAR,534,TE97,436.0
2023,ppr,Cody Parkey,,535,K49,437.0
2023,ppr,Kenny McIntosh,SEA,536,RB118,438.0
2023,ppr,Quintin Morris,JAC,537,TE98,439.0
2023,ppr,Snoop Conner,,538,RB119,440.0
2023,ppr,Donald Parham Jr.,,539,TE99,441.0
2023,ppr,Johnny Johnson,III,540,WR161,442.0
2023,ppr,Miles Boykin,,541,WR162,444.0
2023,ppr,Andrew Beck,NYJ,542,TE100,445.0
2023,ppr,Velus Jones Jr.,SEA,543,WR163,446.0
2023,ppr,Brandon Powell,,544,WR164,447.0
2023,ppr,Ian Thomas,LV,545,TE101,448.0
2023,ppr,Jason Cabinda,,546,LB,449.0
2023,ppr,Demarcus Robinson,SF,547,WR165,450.0
2023,ppr,Malik Willis,MIA,548,QB80,451.0
2023,ppr,Jaren Hall,,549,QB81,452.0
2023,ppr,Tylan Wallace,CLE,550,WR166,454.0
2023,ppr,Carson Wentz,MIN,551,QB82,455.0
2023,ppr,Laquon Treadwell,IND,552,WR167,456.0
2023,ppr,Dee Eskridge,,553,WR168,457.0
2023,ppr,Anthony Schwartz,,554,WR169,458.0
2023,ppr,Nick Foles,,555,QB83,459.0
2023,ppr,Xavier Hutchinson,HOU,556,WR170,460.0
2023,ppr,Colt McCoy,,557,QB84,461.0
2023,ppr,Braylon Sanders,,558,WR171,462.0
2023,ppr,Justin Shorter,LV,559,WR172,463.0
2023,ppr,Cedric Tillman,CLE,560,WR173,464.0
2023,ppr,Marcedes Lewis,,561,TE102,465.0
2023,ppr,Jake Funk,,562,RB120,466.0
2023,ppr,Devin Smith,,563,WR174,467.0
2023,ppr,Paul Quessenberry,,564,TE103,468.0
2023,ppr,Cole Beasley,,565,WR175,469.0
2023,ppr,Dareke Young,LV,566,WR176,471.0
2023,ppr,Chris Oladokun,KC,567,QB85,472.0
2023,ppr,Trent Taylor,,568,WR177,473.0
2023,ppr,Jonathan Garibay,,569,K50,475.0
2023,ppr,Tommy Tremble,CAR,570,TE104,476.0
2023,ppr,Mike Glennon,,571,QB86,477.0
2023,ppr,Charlie Kolar,LAC,572,TE105,478.0
2023,ppr,Trevon Wesco,,573,TE106,479.0
2023,ppr,Alex Collins,,574,RB121,480.0
2023,ppr,Grant Calcaterra,PHI,575,TE107,481.0
2023,ppr,Josh Johnson,CIN,576,QB87,482.0
2023,ppr,Mike White,,577,QB88,483.0
2023,ppr,Chase Allen,,578,TE108,484.0
2023,ppr,Lil'Jordan Humphrey,DEN,579,WR178,485.0
2023,ppr,Rashard Higgins,,580,WR179,486.0
2023,ppr,James McCourt,,581,K51,487.0
2023,ppr,Tre'Quan Smith,,582,WR180,488.0
2023,ppr,Jalen Guyton,,583,WR181,489.0
2023,ppr,Carson Strong,,584,QB89,491.0
2023,ppr,Adam Prentice,DEN,585,RB122,492.0
2023,ppr,Jalen Nailor,LV,586,WR182,493.0
2023,ppr,Elijah Cooks,,587,WR183,494.0
2023,ppr,Rodney Adams,,588,WR184,495.0
2023,ppr,Damien Williams,,589,RB123,496.0
2023,ppr,Tyler Badie,DEN,590,RB124,497.0
2023,ppr,Chad Henne,,591,QB90,498.0
2023,ppr,Johnny Mundt,PHI,592,TE109,499.0
2023,ppr,Joe Reed,,593,WR185,500.0
2023,standard,Christian McCaffrey,SF,1,RB1,1.5
2023,standard,Justin Jefferson,MIN,2,WR1,1.5
2023,standard,Austin Ekeler,,3,RB2,3.5
2023,standard,Ja'Marr Chase,CIN,4,WR2,4.5
2023,standard,Travis Kelce,KC,5,TE1,5.0
2023,standard,Tyreek Hill,,6,WR3,6.5
2023,standard,Bijan Robinson,ATL,7,RB3,6.5
2023,standard,Saquon Barkley,PHI,8,RB4,8.0
2023,standard,Nick Chubb,,9,RB5,8.0
2023,standard,Stefon Diggs,,10,WR4,11.0
2023,standard,CeeDee Lamb,DAL,11,WR5,12.0
2023,standard,Patrick Mahomes II,KC,12,QB1,14.0
2023,standard,A.J. Brown,NE,13,WR6,14.0
2023,standard,Derrick Henry,BAL,14,RB6,15.0
2023,standard,Josh Jacobs,GB,15,RB7,15.0
2023,standard,Tony Pollard,TEN,16,RB8,15.5
2023,standard,Davante Adams,LAR,17,WR7,17.0
2023,standard,Cooper Kupp,SEA,18,WR8,18.0
2023,standard,Amon-Ra St. Brown,DET,19,WR9,18.5
2023,standard,Josh Allen,BUF,20,QB2,18.5
2023,standard,Garrett Wilson,NYJ,21,WR10,19.0
2023,standard,Jalen Hurts,PHI,22,QB3,21.5
2023,standard,Najee Harris,LAC,23,RB9,24.0
2023,standard,Jaylen Waddle,DEN,24,WR11,24.0
2023,standard,Chris Olave,NO,25,WR12,25.0
2023,standard,Travis Etienne Jr.,NO,26,RB10,26.0
2023,standard,DeVonta Smith,PHI,27,WR13,28.5
2023,standard,Mark Andrews,BAL,28,TE2,28.5
2023,standard,Rhamondre Stevenson,NE,29,RB11,28.5
2023,standard,Joe Mixon,,30,RB12,30.0
2023,standard,Jahmyr Gibbs,DET,31,RB13,31.0
2023,standard,Lamar Jackson,BAL,32,QB4,32.5
2023,standard,Tee Higgins,CIN,33,WR14,33.5
2023,standard,Joe Burrow,CIN,34,QB5,34.0
2023,standard,Calvin Ridley,TEN,35,WR15,34.5
2023,standard,DK Metcalf,PIT,36,WR16,36.0
2023,standard,Deebo Samuel Sr.,,37,WR17,38.5
2023,standard,Kenneth Walker III,KC,38,RB14,38.5
2023,standard,Dameon Pierce,PHI,39,RB15,39.5
2023,standard,Aaron Jones Sr.,MIN,40,RB16,39.5
2023,standard,Justin Herbert,LAC,41,QB6,40.0
2023,standard,Amari Cooper,,42,WR18,42.0
2023,standard,Keenan Allen,LAC,43,WR19,42.5
2023,standard,Justin Fields,KC,44,QB7,45.5
2023,standard,Breece Hall,NYJ,45,RB17,46.5
2023,standard,T.J. Hockenson,MIN,46,TE3,46.5
2023,standard,Miles Sanders,,47,RB18,49.5
2023,standard,DJ Moore,BUF,48,WR20,51.0
2023,standard,George Kittle,SF,49,TE4,51.5
2023,standard,Alexander Mattison,,50,RB19,51.5
2023,standard,Darren Waller,,51,TE5,53.0
2023,standard,Terry McLaurin,WAS,52,WR21,54.5
2023,standard,DeAndre Hopkins,BAL,53,WR22,55.0
2023,standard,Trevor Lawrence,JAC,54,QB8,55.0
2023,standard,Jonathan Taylor,IND,55,RB20,57.0
2023,standard,Cam Akers,,56,RB21,57.5
2023,standard,Christian Watson,GB,57,WR23,58.0
2023,standard,Javonte Williams,DAL,58,RB22,62.0
2023,standard,James Cook III,BUF,59,RB23,62.5
2023,standard,Rachaad White,WAS,60,RB24,62.5
2023,standard,James Conner,ARI,61,RB25,62.5
2023,standard,Mike Williams,,62,WR24,63.0
2023,standard,Alvin Kamara,NO,63,RB26,63.0
2023,standard,Dalvin Cook,,64,RB27,64.0
2023,standard,Drake London,ATL,65,WR25,64.0
2023,standard,Brandon Aiyuk,SF,66,WR26,65.0
2023,standard,D'Andre Swift,CHI,67,RB28,67.0
2023,standard,Chris Godwin Jr.,TB,68,WR27,67.0
2023,standard,Dallas Goedert,PHI,69,TE6,68.0
2023,standard,Kyle Pitts Sr.,ATL,70,TE7,69.0
2023,standard,Tyler Lockett,LV,71,WR28,70.0
2023,standard,Christian Kirk,SF,72,WR29,71.5
2023,standard,Isiah Pacheco,DET,73,RB29,71.5
2023,standard,George Pickens,DAL,74,WR30,75.0
2023,standard,David Montgomery,HOU,75,RB30,75.5
2023,standard,Diontae Johnson,,76,WR31,77.5
2023,standard,Mike Evans,SF,77,WR32,77.5
2023,standard,Jerry Jeudy,CLE,78,WR33,77.5
2023,standard,Michael Pittman Jr.,PIT,79,WR34,79.0
2023,standard,AJ Dillon,CAR,80,RB31,83.0
2023,standard,Deshaun Watson,CLE,81,QB9,84.0
2023,standard,Evan Engram,DEN,82,TE8,85.5
2023,standard,Jordan Addison,MIN,83,WR35,86.0
2023,standard,Hollywood Brown,PHI,84,WR36,86.5
2023,standard,Khalil Herbert,,85,RB32,87.0
2023,standard,Jahan Dotson,ATL,86,WR37,87.0
2023,standard,Dak Prescott,DAL,87,QB10,88.0
2023,standard,Antonio Gibson,,88,RB33,88.5
2023,standard,Pat Freiermuth,PIT,89,TE9,89.0
2023,standard,Jaxon Smith-Njigba,SEA,90,WR38,90.5
2023,standard,Brian Robinson Jr.,ATL,91,RB34,91.5
2023,standard,Tua Tagovailoa,ATL,92,QB11,96.0
2023,standard,David Njoku,LAC,93,TE10,97.5
2023,standard,Jamaal Williams,,94,RB35,97.5
2023,standard,Brandin Cooks,,95,WR39,98.5
2023,standard,Gabe Davis,,96,WR40,98.5
2023,standard,Zach Charbonnet,SEA,97,RB36,101.5
2023,standard,Aaron Rodgers,PIT,98,QB12,102.5
2023,standard,Courtland Sutton,DEN,99,WR41,104.0
2023,standard,Zay Flowers,BAL,100,WR42,105.0
2023,standard,San Francisco 49ers,DST,101,DST1,106.0
2023,standard,Michael Thomas,,102,WR43,107.0
2023,standard,Samaje Perine,CIN,103,RB37,108.5
2023,standard,Kirk Cousins,LV,104,QB13,109.0
2023,standard,Justin Tucker,,105,K1,109.5
2023,standard,Rashaad Penny,,106,RB38,110.0
2023,standard,Anthony Richardson Sr.,IND,107,QB14,110.0
2023,standard,De'Von Achane,MIA,108,RB39,111.0
2023,standard,Dalton Kincaid,BUF,109,TE11,112.5
2023,standard,Kadarius Toney,,110,WR44,113.5
2023,standard,JuJu Smith-Schuster,NYG,111,WR45,113.5
2023,standard,Odell Beckham Jr.,NYG,112,WR46,114.5
2023,standard,Raheem Mostert,LV,113,RB40,115.0
2023,standard,Daniel Jones,IND,114,QB15,115.5
2023,standard,Skyy Moore,GB,115,WR47,117.0
2023,standard,Philadelphia Eagles,DST,116,DST2,117.5
2023,standard,Treylon Burks,WAS,117,WR48,119.0
2023,standard,Elijah Mitchell,PHI,118,RB41,120.5
2023,standard,Elijah Moore,PHI,119,WR49,121.0
2023,standard,Jaylen Warren,PIT,120,RB42,121.5
2023,standard,Quentin Johnston,LAC,121,WR50,121.5
2023,standard,Geno Smith,NYJ,122,QB16,121.5
2023,standard,Ezekiel Elliott,,123,RB43,123.5
2023,standard,Dalton Schultz,HOU,124,TE12,124.5
2023,standard,Damien Harris,,125,RB44,125.5
2023,standard,Dallas Cowboys,DST,126,DST3,127.0
2023,standard,Jared Goff,DET,127,QB17,128.0
2023,standard,Tank Bigsby,PHI,128,RB45,130.0
2023,standard,Adam Thielen,,129,WR51,130.0
2023,standard,Jerick McKinnon,,130,RB46,130.5
2023,standard,Allen Lazard,,131,WR52,132.5
2023,standard,Cole Kmet,CHI,132,TE13,138.5
2023,standard,Tyler Allgeier,ARI,133,RB47,138.5
2023,standard,Buffalo Bills,DST,134,DST4,139.5
2023,standard,Daniel Carlson,LV,135,K2,142.5
2023,standard,Tyler Higbee,LAR,136,TE14,143.5
2023,standard,Chig Okonkwo,WAS,137,TE15,144.5
2023,standard,Romeo Doubs,NE,138,WR53,145.5
2023,standard,Evan McPherson,CIN,139,K3,147.5
2023,standard,Tyler Bass,BUF,140,K4,148.0
2023,standard,D'Onta Foreman,,141,RB48,149.5
2023,standard,New England Patriots,DST,142,DST5,150.0
2023,standard,Rashod Bateman,BAL,143,WR54,151.0
2023,standard,Russell Wilson,,144,QB18,152.0
2023,standard,Jameson Williams,DET,145,WR55,152.0
2023,standard,Sam LaPorta,DET,146,TE16,152.5
2023,standard,Harrison Butker,KC,147,K5,153.0
2023,standard,New York Jets,DST,148,DST6,154.0
2023,standard,Roschon Johnson,CHI,149,RB49,154.0
2023,standard,Derek Carr,,150,QB19,156.0
2023,standard,Kenny Gainwell,TB,151,RB50,157.0
2023,standard,Kareem Hunt,,152,RB51,157.5
2023,standard,Jalin Hyatt,NYG,153,WR56,159.0
2023,standard,Brock Purdy,SF,154,QB20,159.5
2023,standard,Baltimore Ravens,DST,155,DST7,160.0
2023,standard,Juwan Johnson,NO,156,TE17,160.5
2023,standard,Devin Singletary,NYG,157,RB52,161.5
2023,standard,Deuce Vaughn,,158,RB53,161.5
2023,standard,Kenny Pickett,CAR,159,QB21,162.0
2023,standard,Nico Collins,HOU,160,WR57,162.5
2023,standard,Jordan Love,GB,161,QB22,163.0
2023,standard,Jakobi Meyers,JAC,162,WR58,163.5
2023,standard,Tyler Boyd,,163,WR59,163.5
2023,standard,Tyjae Spears,TEN,164,RB54,168.0
2023,standard,Kendre Miller,NO,165,RB55,169.0
2023,standard,Marvin Mims Jr.,DEN,166,WR60,169.5
2023,standard,Greg Dulcich,MIA,167,TE18,170.0
2023,standard,Darnell Mooney,NYG,168,WR61,170.5
2023,standard,Younghoe Koo,,169,K6,172.0
2023,standard,Deon Jackson,,170,RB56,172.0
2023,standard,Rashee Rice,KC,171,WR62,174.5
2023,standard,New Orleans Saints,DST,172,DST8,175.5
2023,standard,Bryce Young,CAR,173,QB23,177.5
2023,standard,Pittsburgh Steelers,DST,174,DST9,178.0
2023,standard,Chuba Hubbard,CAR,175,RB57,178.5
2023,standard,Luke Musgrave,GB,176,TE19,179.5
2023,standard,Washington Commanders,DST,177,DST10,181.5
2023,standard,Jason Myers,SEA,178,K7,182.0
2023,standard,Jonathan Mingo,DAL,179,WR63,182.0
2023,standard,Zay Jones,,180,WR64,182.5
2023,standard,Jake Elliott,PHI,181,K8,183.5
2023,standard,Van Jefferson,WAS,182,WR65,185.0
2023,standard,Brandon McManus,,183,K9,186.0
2023,standard,Sam Howell,DAL,184,QB24,187.0
2023,standard,Matthew Stafford,LAR,186,QB25,189.0
2023,standard,Gerald Everett,,187,TE20,190.0
2023,standard,Donovan Peoples-Jones,,188,WR66,190.5
2023,standard,Miami Dolphins,DST,189,DST11,191.0
2023,standard,Cameron Dicker,LAC,190,K10,193.5
2023,standard,Zack Moss,,191,RB58,193.5
2023,standard,C.J. Stroud,HOU,192,QB26,195.5
2023,standard,Kyren Williams,LAR,248,RB70,196.0
2023,standard,Gus Edwards,,193,RB59,199.0
2023,standard,Jacksonville Jaguars,DST,194,DST12,199.5
2023,standard,Kyler Murray,MIN,195,QB27,199.5
2023,standard,K.J. Osborn,TEN,196,WR67,200.5
2023,standard,Jason Sanders,NYJ,197,K11,201.0
2023,standard,Parris Campbell,,250,WR82,202.0
2023,standard,Taysom Hill,,198,TE21,202.5
2023,standard,Jimmy Garoppolo,LAR,199,QB28,202.5
2023,standard,Greg Zuerlein,,200,K12,202.5
2023,standard,Clyde Edwards-Helaire,,201,RB60,202.5
2023,standard,Michael Gallup,,202,WR68,204.0
2023,standard,Joshua Kelley,,203,RB61,204.5
2023,standard,Cordarrelle Patterson,,204,RB62,205.5
2023,standard,Jake Ferguson,DAL,205,TE22,206.0
2023,standard,Seattle Seahawks,DST,206,DST13,206.5
2023,standard,Denver Broncos,DST,207,DST14,208.0
2023,standard,Zamir White,LV,208,RB63,208.0
2023,standard,Alec Pierce,IND,209,WR69,211.0
2023,standard,Ty Chandler,NO,210,RB64,211.5
2023,standard,Irv Smith Jr.,,211,TE23,212.0
2023,standard,Richie James Jr.,,253,WR84,213.0
2023,standard,Jayden Reed,GB,212,WR70,213.5
2023,standard,Marquez Valdes-Scantling,DAL,213,WR71,214.0
2023,standard,Chase Brown,CIN,214,RB65,214.5
2023,standard,Aidan O'Connell,LV,254,QB33,215.0
2023,standard,Kansas City Chiefs,DST,215,DST15,215.5
2023,standard,Tank Dell,HOU,216,WR72,216.0
2023,standard,Tennessee Titans,DST,255,DST22,216.0
2023,standard,Joshua Dobbs,,256,QB34,216.0
2023,standard,Sean Tucker,TB,217,RB66,217.0
2023,standard,Michael Mayer,LV,218,TE24,218.0
2023,standard,Ryan Tannehill,,219,QB29,219.5
2023,standard,Jerome Ford,WAS,220,RB67,219.5
2023,standard,Kyle Trask,,257,QB35,220.0
2023,standard,Graham Gano,,221,K13,220.5
2023,standard,Hunter Henry,NE,259,TE30,222.0
2023,standard,Cincinnati Bengals,DST,222,DST16,222.5
2023,standard,Justyn Ross,,223,WR73,222.5
2023,standard,Evan Hull,HOU,224,RB68,223.0
2023,standard,Baker Mayfield,TB,225,QB30,225.5
2023,standard,Green Bay Packers,DST,226,DST17,226.0
2023,standard,DJ Chark Jr.,,227,WR74,226.5
2023,standard,Mike Gesicki,CIN,228,TE25,227.5
2023,standard,Dawson Knox,BUF,229,TE26,228.5
2023,standard,Clayton Tune,,261,QB36,229.0
2023,standard,Mac Jones,SF,230,QB31,229.5
2023,standard,Hayden Hurst,,262,TE31,231.0
2023,standard,Jake Moody,WAS,231,K14,232.0
2023,standard,Isaiah Hodgins,NYG,232,WR75,232.0
2023,standard,Matt Gay,LV,233,K15,233.5
2023,standard,Tampa Bay Buccaneers,DST,234,DST18,233.5
2023,standard,Zach Ertz,,235,TE27,233.5
2023,standard,Desmond Ridder,,236,QB32,234.0
2023,standard,Jeff Wilson Jr.,,264,RB71,236.0
2023,standard,Cleveland Browns,DST,237,DST19,239.5
2023,standard,DeWayne McBride,,267,RB73,240.0
2023,standard,Leonard Fournette,,238,RB69,241.5
2023,standard,Hunter Renfrow,,239,WR76,242.5
2023,standard,Tyler Conklin,DET,240,TE28,243.0
2023,standard,Minnesota Vikings,DST,241,DST20,244.5
2023,standard,DeVante Parker,,242,WR77,245.0
2023,standard,Chase Edmonds,WAS,269,RB75,245.0
2023,standard,Curtis Samuel,,243,WR78,245.5
2023,standard,Joshua Palmer,BUF,270,WR87,246.0
2023,standard,Riley Patterson,MIA,244,K16,247.0
2023,standard,Darius Slayton,NYG,272,WR89,247.0
2023,standard,Rashid Shaheed,SEA,245,WR79,249.0
2023,standard,Jaleel McLaughlin,DEN,275,RB76,249.0
2023,standard,John Metchie III,CAR,246,WR80,249.5
2023,standard,Mecole Hardman Jr.,BUF,247,WR81,250.0
2023,standard,Israel Abanikanda,DAL,276,RB77,250.0
2023,standard,Los Angeles Chargers,DST,249,DST21,250.5
2023,standard,Wil Lutz,DEN,277,K17,251.0
2023,standard,Charles McClelland,,278,RB78,256.0
2023,standard,Isaiah Likely,NYG,251,TE29,256.5
2023,standard,Sam Darnold,SEA,279,QB37,257.0
2023,standard,Elijah Holyfield,,280,RB79,257.0
2023,standard,Isaiah Bowser,,281,RB80,258.0
2023,standard,Wan'Dale Robinson,TEN,252,WR83,258.5
2023,standard,Kyle Rudolph,,282,TE35,259.0
2023,standard,Chase Claypool,,283,WR90,260.0
2023,standard,Xavier Ubosi,,284,WR91,261.0
2023,standard,Tristan Vizcaino,,285,K18,262.0
2023,standard,New York Giants,DST,258,DST23,263.0
2023,standard,Josh Downs,IND,260,WR85,264.0
2023,standard,Matt Schaub,,287,QB38,264.0
2023,standard,Mike White,,288,QB39,264.0
2023,standard,Tommy DeVito,NE,289,QB40,266.0
2023,standard,Logan Thomas,,290,TE36,267.0
2023,standard,Scotty Miller,CHI,291,WR92,267.0
2023,standard,Derek Watt,,292,RB82,268.0
2023,standard,Trey McBride,ARI,263,TE32,268.5
2023,standard,Robert Woods,,294,WR94,270.0
2023,standard,Charleston Rambo,,295,WR95,270.0
2023,standard,Zach Evans,,265,RB72,271.5
2023,standard,Michael Wilson,ARI,266,WR86,271.5
2023,standard,Brayden Willis,SF,296,TE37,272.0
2023,standard,Keaontay Ingram,,268,RB74,272.5
2023,standard,Chris Boswell,PIT,298,K19,274.0
2023,standard,Trey Wolff,,299,K20,274.0
2023,standard,Puka Nacua,LAR,271,WR88,275.5
2023,standard,Cade Otton,TB,273,TE33,276.0
2023,standard,Latavius Murray,,300,RB83,276.0
2023,standard,Noah Fant,NO,274,TE34,276.5
2023,standard,Greg Joseph,,302,K21,277.0
2023,standard,Matthew Trickett,,303,K22,277.0
2023,standard,Jelani Woods,NYJ,304,TE38,278.0
2023,standard,Cedric Tillman,CLE,305,WR98,278.0
2023,standard,Luke Schoonmaker,DAL,306,TE39,279.0
2023,standard,Andre Szmyt,CLE,307,K23,279.0
2023,standard,Rico Dowdle,PIT,308,RB84,281.0
2023,standard,Davis Allen,LAR,309,TE40,282.0
2023,standard,Detroit Lions,DST,310,DST24,283.0
2023,standard,Noah Gindorff,,311,TE41,283.0
2023,standard,Michael Carter,TEN,286,RB81,283.5
2023,standard,Trey Lance,LAC,312,QB41,284.0
2023,standard,Salvon Ahmed,CHI,313,RB85,285.0
2023,standard,Leroy Watson,IV,314,TE42,285.0
2023,standard,Khalil Shakir,BUF,293,WR93,287.0
2023,standard,Chad Henne,,315,QB42,287.0
2023,standard,Brandon Aubrey,DAL,316,K24,288.0
2023,standard,Allen Robinson,II,297,WR96,288.5
2023,standard,Mason Crosby,,317,K25,289.0
2023,standard,Chris Evans,,318,RB86,289.0
2023,standard,Terrace Marshall Jr.,MIA,301,WR97,290.5
2023,standard,Andy Janovich,,319,RB87,291.0
2023,standard,Tyquan Thornton,KC,321,WR99,292.0
2023,standard,Chad Ryland,ARI,322,K26,292.0
2023,standard,Darius Jackson,,323,RB89,294.0
2023,standard,Josh Reynolds,,324,WR100,295.0
2023,standard,Mack Hollins,NE,325,WR101,296.0
2023,standard,Elliott Fry,,326,K27,296.0
2023,standard,Marvin Jones Jr.,,327,WR102,297.0
2023,standard,Pierre Strong Jr.,GB,320,RB88,298.0
2023,standard,Matt Ryan,,328,QB43,298.0
2023,standard,O.J. Howard,,329,TE43,299.0
2023,standard,Matt Breida,,330,RB90,299.0
2023,standard,Josh Lambo,,331,K28,300.0
2023,standard,Trey Palmer,NO,332,WR103,300.0
2023,standard,Josh Rosen,,333,QB44,301.0
2023,standard,Chris Rodriguez Jr.,JAC,334,RB91,302.0
2023,standard,Christopher Dunn,,335,K29,302.0
2023,standard,Mike Glennon,,336,QB45,303.0
2023,standard,Raheem Blackshear,,337,RB92,303.0
2023,standard,Benjamin Watson,,338,TE44,304.0
2023,standard,Chris Brooks,GB,339,RB93,304.0
2023,standard,Justin Watson,HOU,340,WR104,305.0
2023,standard,Danny Vitale,,341,RB94,306.0
2023,standard,Cody Parkey,,342,K30,307.0
2023,standard,Ryan Fitzpatrick,,343,QB46,308.0
2023,standard,Zach Wilson,NO,344,QB47,310.0
2023,standard,Bobby Holly,,345,RB95,311.0
2023,standard,Jason Witten,,346,TE45,312.0
2023,standard,Philip Rivers,,347,QB48,313.0
2023,standard,Jazz Ferguson,,348,WR105,314.0
2023,standard,Blaine Gabbert,,349,QB49,315.0
2023,standard,Ryan Succop,,350,K31,316.0
2023,standard,Jon Brown,,351,K32,317.0
2023,standard,Jake Luton,,352,QB50,319.0
2023,standard,Taylor Bertolet,,353,K33,320.0
2023,standard,Kyle Sloter,,354,QB51,321.0
2024,half,Christian McCaffrey,SF,1,RB1,1.0
2024,half,Tyreek Hill,,2,WR1,2.3
2024,half,CeeDee Lamb,DAL,3,WR2,2.7
2024,half,Breece Hall,NYJ,4,RB2,5.3
2024,half,Bijan Robinson,ATL,5,RB3,5.3
2024,half,Justin Jefferson,MIN,6,WR3,6.0
2024,half,Ja'Marr Chase,CIN,7,WR4,6.3
2024,half,Amon-Ra St. Brown,DET,8,WR5,7.0
2024,half,A.J. Brown,NE,9,WR6,10.0
2024,half,Jonathan Taylor,IND,10,RB4,10.0
2024,half,Saquon Barkley,PHI,11,RB5,11.0
2024,half,Garrett Wilson,NYJ,12,WR7,12.0
2024,half,Jahmyr Gibbs,DET,13,RB6,12.3
2024,half,Puka Nacua,LAR,14,WR8,14.7
2024,half,Marvin Harrison Jr.,ARI,15,WR9,15.7
2024,half,Travis Etienne Jr.,NO,16,RB7,16.7
2024,half,Derrick Henry,BAL,17,RB8,17.0
2024,half,Kyren Williams,LAR,18,RB9,17.3
2024,half,Davante Adams,LAR,19,WR10,21.0
2024,half,De'Von Achane,MIA,20,RB10,21.7
2024,half,Isiah Pacheco,DET,21,RB11,22.0
2024,half,Drake London,ATL,22,WR11,22.3
2024,half,Josh Allen,BUF,23,QB1,22.3
2024,half,Josh Jacobs,GB,24,RB12,23.3
2024,half,Chris Olave,NO,25,WR12,25.7
2024,half,Travis Kelce,KC,26,TE1,27.3
2024,half,Deebo Samuel Sr.,,27,WR13,27.3
2024,half,Nico Collins,HOU,28,WR14,30.7
2024,half,Sam LaPorta,DET,29,TE2,30.7
2024,half,Patrick Mahomes II,KC,30,QB2,31.0
2024,half,Jalen Hurts,PHI,31,QB3,31.3
2024,half,Mike Evans,SF,32,WR15,32.3
2024,half,Brandon Aiyuk,SF,33,WR16,33.3
2024,half,Cooper Kupp,SEA,34,WR17,34.7
2024,half,Rachaad White,WAS,35,RB13,35.7
2024,half,James Cook III,BUF,36,RB14,36.0
2024,half,Lamar Jackson,BAL,37,QB4,37.0
2024,half,DJ Moore,BUF,38,WR18,38.3
2024,half,Michael Pittman Jr.,PIT,39,WR19,38.7
2024,half,DK Metcalf,PIT,40,WR20,38.7
2024,half,Jaylen Waddle,DEN,41,WR21,39.0
2024,half,Joe Mixon,,42,RB15,40.0
2024,half,Kenneth Walker III,KC,43,RB16,41.0
2024,half,Stefon Diggs,,44,WR22,42.3
2024,half,Alvin Kamara,NO,45,RB17,45.7
2024,half,DeVonta Smith,PHI,46,WR23,45.7
2024,half,C.J. Stroud,HOU,47,QB5,47.7
2024,half,Trey McBride,ARI,48,TE3,48.0
2024,half,Malik Nabers,NYG,49,WR24,48.3
2024,half,Mark Andrews,BAL,50,TE4,49.0
2024,half,Anthony Richardson Sr.,IND,51,QB6,50.7
2024,half,Dalton Kincaid,BUF,52,TE5,52.0
2024,half,Aaron Jones Sr.,MIN,53,RB18,55.3
2024,half,Amari Cooper,,54,WR25,55.7
2024,half,James Conner,ARI,55,RB19,58.3
2024,half,George Kittle,SF,56,TE6,60.0
2024,half,David Montgomery,HOU,57,RB20,60.7
2024,half,Rhamondre Stevenson,NE,58,RB21,60.7
2024,half,George Pickens,DAL,59,WR26,61.7
2024,half,Tee Higgins,CIN,60,WR27,62.0
2024,half,Kyler Murray,MIN,61,QB7,62.3
2024,half,D'Andre Swift,CHI,62,RB22,63.0
2024,half,Zay Flowers,BAL,63,WR28,63.3
2024,half,Tank Dell,HOU,64,WR29,63.3
2024,half,Kyle Pitts Sr.,ATL,65,TE7,63.3
2024,half,Joe Burrow,CIN,66,QB8,64.7
2024,half,Terry McLaurin,WAS,67,WR30,67.0
2024,half,Najee Harris,LAC,68,RB23,67.7
2024,half,Zamir White,LV,69,RB24,68.7
2024,half,Rashee Rice,KC,70,WR31,70.3
2024,half,Evan Engram,DEN,71,TE8,70.7
2024,half,Raheem Mostert,LV,72,RB25,72.0
2024,half,Jordan Love,GB,73,QB9,72.0
2024,half,Christian Kirk,SF,74,WR32,72.3
2024,half,Dak Prescott,DAL,75,QB10,72.7
2024,half,Keenan Allen,LAC,76,WR33,75.3
2024,half,Chris Godwin Jr.,TB,77,WR34,79.7
2024,half,Calvin Ridley,TEN,78,WR35,81.3
2024,half,Javonte Williams,DAL,79,RB26,82.0
2024,half,Tony Pollard,TEN,80,RB27,82.0
2024,half,Jake Ferguson,DAL,81,TE9,82.3
2024,half,Jayden Reed,GB,82,WR36,85.7
2024,half,Diontae Johnson,,83,WR37,88.7
2024,half,Devin Singletary,NYG,84,RB28,89.3
2024,half,David Njoku,LAC,85,TE10,90.0
2024,half,Zack Moss,,86,RB29,91.0
2024,half,Xavier Worthy,KC,87,WR38,91.3
2024,half,Jaylen Warren,PIT,88,RB30,91.7
2024,half,Rome Odunze,CHI,89,WR39,93.0
2024,half,Brian Robinson Jr.,ATL,90,RB31,93.3
2024,half,Brock Purdy,SF,91,QB11,94.0
2024,half,Nick Chubb,,92,RB32,96.3
2024,half,Brock Bowers,LV,93,TE11,97.7
2024,half,Austin Ekeler,,94,RB33,98.3
2024,half,Jayden Daniels,WAS,95,QB12,98.7
2024,half,Caleb Williams,CHI,96,QB13,100.3
2024,half,Jonathon Brooks,CAR,97,RB34,101.3
2024,half,Tyjae Spears,TEN,98,RB35,102.0
2024,half,Jaxon Smith-Njigba,SEA,99,WR40,103.0
2024,half,Christian Watson,GB,100,WR41,103.3
2024,half,Tua Tagovailoa,ATL,101,QB14,104.7
2024,half,Hollywood Brown,PHI,102,WR42,106.7
2024,half,Jordan Addison,MIN,103,WR43,107.0
2024,half,Chase Brown,CIN,104,RB36,107.3
2024,half,Jared Goff,DET,105,QB15,107.3
2024,half,Jerome Ford,WAS,106,RB37,108.3
2024,half,DeAndre Hopkins,BAL,107,WR44,108.7
2024,half,Ladd McConkey,LAC,108,WR45,110.7
2024,half,Brian Thomas Jr.,JAC,109,WR46,111.3
2024,half,Courtland Sutton,DEN,110,WR47,113.0
2024,half,Dallas Goedert,PHI,111,TE12,113.7
2024,half,Gus Edwards,,112,RB38,114.3
2024,half,Ezekiel Elliott,,113,RB39,114.3
2024,half,Brandon Aubrey,DAL,114,K1,116.0
2024,half,Justin Tucker,,115,K2,117.3
2024,half,Trey Benson,ARI,116,RB40,117.3
2024,half,Keon Coleman,BUF,117,WR48,118.3
2024,half,Jameson Williams,DET,118,WR49,118.3
2024,half,Blake Corum,LAR,119,RB41,122.0
2024,half,Harrison Butker,KC,120,K3,125.3
2024,half,Trevor Lawrence,JAC,121,QB16,125.7
2024,half,San Francisco 49ers,DST,122,DST1,127.3
2024,half,Dalton Schultz,HOU,123,TE13,127.7
2024,half,New York Jets,DST,124,DST2,132.0
2024,half,Justin Herbert,LAC,125,QB17,132.7
2024,half,Khalil Shakir,BUF,126,WR50,133.0
2024,half,T.J. Hockenson,MIN,127,TE14,136.0
2024,half,Chuba Hubbard,CAR,128,RB42,136.3
2024,half,J.K. Dobbins,DEN,129,RB43,138.0
2024,half,Pat Freiermuth,PIT,130,TE15,138.0
2024,half,Rico Dowdle,PIT,131,RB44,138.7
2024,half,Baltimore Ravens,DST,132,DST3,139.7
2024,half,Curtis Samuel,,133,WR51,139.7
2024,half,Aaron Rodgers,PIT,134,QB18,140.3
2024,half,Dallas Cowboys,DST,135,DST4,141.0
2024,half,Romeo Doubs,NE,136,WR52,141.3
2024,half,Kirk Cousins,LV,137,QB19,143.3
2024,half,Chris Boswell,PIT,240,K16,145.0
2024,half,Tyler Lockett,LV,138,WR53,145.7
2024,half,Cole Kmet,CHI,139,TE16,147.3
2024,half,Jake Elliott,PHI,140,K4,148.3
2024,half,Zach Charbonnet,SEA,141,RB45,149.0
2024,half,Joshua Palmer,BUF,142,WR54,150.3
2024,half,Ka'imi Fairbairn,HOU,143,K5,151.3
2024,half,Jaylen Wright,MIA,144,RB46,151.3
2024,half,Jakobi Meyers,JAC,145,WR55,151.3
2024,half,Matthew Stafford,LAR,146,QB20,154.3
2024,half,Ty Chandler,NO,147,RB47,155.3
2024,half,Jerry Jeudy,CLE,148,WR56,155.7
2024,half,Cleveland Browns,DST,149,DST5,156.0
2024,half,Jake Moody,WAS,150,K6,156.7
2024,half,Jaleel McLaughlin,DEN,151,RB48,157.3
2024,half,Baker Mayfield,TB,152,QB21,157.7
2024,half,Dontayvion Wicks,PHI,153,WR57,157.7
2024,half,MarShawn Lloyd,GB,154,RB49,158.7
2024,half,Ray Davis,BUF,155,RB50,159.3
2024,half,Brandin Cooks,,156,WR58,159.3
2024,half,Antonio Gibson,,157,RB51,160.3
2024,half,Tyler Allgeier,ARI,158,RB52,162.0
2024,half,Taysom Hill,,159,TE17,163.0
2024,half,Adam Thielen,,160,WR59,163.0
2024,half,Mike Williams,,161,WR60,163.3
2024,half,Rashid Shaheed,SEA,162,WR61,163.3
2024,half,Adonai Mitchell,NYJ,163,WR62,165.0
2024,half,Jason Sanders,NYJ,164,K7,165.3
2024,half,Evan McPherson,CIN,165,K8,165.3
2024,half,Younghoe Koo,,166,K9,165.3
2024,half,Gabe Davis,,167,WR63,166.7
2024,half,Pittsburgh Steelers,DST,168,DST6,167.0
2024,half,Kansas City Chiefs,DST,169,DST7,167.3
2024,half,Xavier Legette,CAR,170,WR64,168.0
2024,half,Will Levis,TEN,171,QB22,168.3
2024,half,Braelon Allen,NYJ,199,RB57,170.0
2024,half,Bucky Irving,TB,172,RB53,171.0
2024,half,Darnell Mooney,NYG,200,WR68,171.5
2024,half,Isaiah Likely,NYG,173,TE18,173.7
2024,half,Ja'Lynn Polk,NO,174,WR65,173.7
2024,half,Michael Wilson,ARI,202,WR69,174.5
2024,half,Bo Nix,DEN,175,QB23,175.3
2024,half,Kimani Vidal,LAC,176,RB54,175.3
2024,half,Luke Musgrave,GB,177,TE19,176.0
2024,half,Deshaun Watson,CLE,178,QB24,176.0
2024,half,Tyrone Tracy Jr.,NYG,204,RB58,179.0
2024,half,Khalil Herbert,,179,RB55,179.3
2024,half,Jordan Mason,MIN,180,RB56,180.0
2024,half,Jahan Dotson,ATL,181,WR66,180.3
2024,half,Josh Downs,IND,182,WR67,180.7
2024,half,Russell Wilson,,183,QB25,182.7
2024,half,Justin Fields,KC,184,QB26,182.7
2024,half,Tyler Bass,BUF,185,K10,184.0
2024,half,Miami Dolphins,DST,186,DST8,185.3
2024,half,Matt Prater,,259,K21,187.0
2024,half,Tyler Conklin,DET,187,TE20,188.7
2024,half,Dyami Brown,WAS,263,WR82,190.0
2024,half,Buffalo Bills,DST,188,DST9,190.7
2024,half,Geno Smith,NYJ,189,QB27,190.7
2024,half,Quentin Johnston,LAC,210,WR70,192.0
2024,half,Jonnu Smith,,190,TE21,194.7
2024,half,Jacoby Brissett,ARI,264,QB34,196.0
2024,half,DeMario Douglas,NE,212,WR71,196.5
2024,half,Hunter Henry,NE,191,TE22,197.0
2024,half,Bryce Young,CAR,213,QB28,198.0
2024,half,Cameron Dicker,LAC,192,K11,198.3
2024,half,Dalvin Cook,,266,RB72,201.0
2024,half,Derek Carr,,215,QB29,203.0
2024,half,Chig Okonkwo,WAS,193,TE23,204.0
2024,half,Tank Bigsby,PHI,216,RB59,204.0
2024,half,Cade Otton,TB,194,TE24,205.3
2024,half,Daniel Jones,IND,217,QB30,206.0
2024,half,Ben Sinnott,WAS,195,TE25,206.3
2024,half,New England Patriots,DST,219,DST18,208.5
2024,half,Drake Maye,NE,220,QB31,210.5
2024,half,Jason Myers,SEA,196,K12,211.0
2024,half,Washington Commanders,DST,272,DST26,211.0
2024,half,Troy Franklin,DEN,221,WR72,211.5
2024,half,Alexander Mattison,,222,RB60,211.5
2024,half,Philadelphia Eagles,DST,197,DST10,211.7
2024,half,Jermaine Burton,,223,WR73,212.5
2024,half,Sam Darnold,SEA,224,QB32,214.5
2024,half,Zach Ertz,,198,TE26,215.0
2024,half,Audric Estime,NO,225,RB61,215.0
2024,half,Daniel Carlson,LV,201,K13,217.0
2024,half,Matt Gay,LV,226,K14,217.5
2024,half,Kareem Hunt,,278,RB75,218.0
2024,half,Luke McCaffrey,WAS,228,WR74,219.0
2024,half,Dameon Pierce,PHI,229,RB62,219.5
2024,half,Cincinnati Bengals,DST,230,DST20,221.0
2024,half,Noah Fant,NO,203,TE27,221.3
2024,half,Will Reichard,MIN,231,K15,221.5
2024,half,Roschon Johnson,CHI,232,RB63,221.5
2024,half,Wan'Dale Robinson,TEN,233,WR75,221.5
2024,half,Marvin Mims Jr.,DEN,234,WR76,222.0
2024,half,Houston Texans,DST,205,DST11,222.3
2024,half,Las Vegas Raiders,DST,206,DST12,223.0
2024,half,Atlanta Falcons,DST,235,DST21,223.0
2024,half,Jamaal Williams,,236,RB64,224.0
2024,half,Cam Akers,,280,RB77,224.0
2024,half,Kendre Miller,NO,237,RB65,224.5
2024,half,Ricky Pearsall,SF,238,WR77,224.5
2024,half,Tampa Bay Buccaneers,DST,207,DST13,225.0
2024,half,Carson Steele,PHI,281,RB78,225.0
2024,half,New Orleans Saints,DST,208,DST14,225.7
2024,half,Gardner Minshew II,ARI,241,QB33,226.5
2024,half,Rashod Bateman,BAL,242,WR78,226.5
2024,half,Will Shipley,PHI,243,RB66,226.5
2024,half,Justice Hill,BAL,245,RB67,227.5
2024,half,Cairo Santos,CHI,246,K17,228.5
2024,half,Dawson Knox,BUF,209,TE28,229.7
2024,half,Jake Bates,DET,248,K18,230.0
2024,half,Clyde Edwards-Helaire,,249,RB68,230.0
2024,half,Seattle Seahawks,DST,211,DST15,231.0
2024,half,Greg Zuerlein,,250,K19,231.0
2024,half,Greg Dortch,DET,251,WR79,232.0
2024,half,Javon Baker,,285,WR88,232.0
2024,half,Kenny Gainwell,TB,252,RB69,232.5
2024,half,Roman Wilson,,253,WR80,234.0
2024,half,Detroit Lions,DST,214,DST16,234.7
2024,half,Jalen McMillan,TB,254,WR81,236.5
2024,half,Juwan Johnson,NO,255,TE29,238.0
2024,half,New York Giants,DST,218,DST17,239.7
2024,half,Dustin Hopkins,,256,K20,240.0
2024,half,Andrei Iosivas,CIN,288,WR90,240.0
2024,half,Samaje Perine,CIN,257,RB70,244.5
2024,half,Ja'Tavion Sanders,CAR,258,TE30,246.0
2024,half,Denver Broncos,DST,260,DST25,247.0
2024,half,Mike Gesicki,CIN,261,TE31,247.5
2024,half,Chicago Bears,DST,227,DST19,247.7
2024,half,Keaton Mitchell,LAC,262,RB71,248.0
2024,half,Joe Flacco,CIN,290,QB36,248.0
2024,half,Demarcus Robinson,SF,265,WR83,252.5
2024,half,Tyler Boyd,,267,WR84,254.0
2024,half,Green Bay Packers,DST,244,DST23,254.7
2024,half,Minnesota Vikings,DST,247,DST24,254.7
2024,half,Tennessee Titans,DST,292,DST28,255.0
2024,half,Malachi Corley,CLE,268,WR85,255.5
2024,half,Indianapolis Colts,DST,239,DST22,256.0
2024,half,Michael Penix Jr.,ATL,293,QB37,257.0
2024,half,Eric Gray,NYG,294,RB81,258.0
2024,half,Jalen Tolbert,MIA,269,WR86,258.5
2024,half,Trey Sermon,,270,RB73,258.5
2024,half,Theo Johnson,NYG,271,TE32,258.5
2024,half,Greg Dulcich,MIA,273,TE33,259.0
2024,half,Isaac Guerendo,SF,274,RB74,259.5
2024,half,Hayden Hurst,,277,TE34,260.5
2024,half,Joshua Karty,,296,K22,261.0
2024,half,Cam Little,JAC,297,K23,262.0
2024,half,Dylan Laube,LV,279,RB76,263.0
2024,half,Aidan O'Connell,LV,275,QB35,263.5
2024,half,Jacksonville Jaguars,DST,276,DST27,266.5
2024,half,Colby Parkinson,LAR,282,TE35,266.5
2024,half,D'Onta Foreman,,283,RB79,267.0
2024,half,Brenden Rice,GB,298,WR93,267.0
2024,half,Elijah Moore,PHI,299,WR94,268.0
2024,half,DJ Chark Jr.,,284,WR87,269.0
2024,half,Miles Sanders,,286,RB80,271.5
2024,half,Devontez Walker,BAL,301,WR96,272.0
2024,half,Odell Beckham Jr.,NYG,287,WR89,273.0
2024,half,Zay Jones,,302,WR97,274.0
2024,half,Darius Slayton,NYG,289,WR91,275.0
2024,half,Cordarrelle Patterson,,307,RB82,276.0
2024,half,Tucker Kraft,GB,308,TE38,276.0
2024,half,Davis Cheek,,309,QB38,279.0
2024,half,Jalin Hyatt,NYG,291,WR92,280.0
2024,half,Albert Wilson,,310,WR101,280.0
2024,half,Peewee Jarrett,,311,QB39,282.0
2024,half,Deuce Vaughn,,312,RB83,283.0
2024,half,Michael Mayer,LV,295,TE36,283.5
2024,half,Larry Rose,III,313,RB84,284.0
2024,half,Jordan Whittington,LAR,314,WR102,284.0
2024,half,J.J. Taylor,,316,RB85,286.0
2024,half,Calvin Austin III,NYG,317,WR104,287.0
2024,half,Malik Washington,MIA,300,WR95,288.0
2024,half,Noah Brown,,318,WR105,288.0
2024,half,Austin Aune,,319,QB40,288.0
2024,half,Kevin White,,320,WR106,290.0
2024,half,Tre Tucker,LV,303,WR98,290.5
2024,half,Kendrick Bourne,ARI,305,WR99,291.0
2024,half,Treylon Burks,WAS,306,WR100,291.0
2024,half,Rasheen Ali,BAL,321,RB86,291.0
2024,half,Daniel Bellinger,TEN,304,TE37,291.5
2024,half,Van Jefferson,WAS,322,WR107,293.0
2024,half,Isaiah Bowser,,323,RB87,293.0
2024,half,Zay Malone,,324,WR108,295.0
2024,half,Jonathan Mingo,DAL,315,WR103,296.0
2024,half,Frank Gore Jr.,BUF,325,RB88,296.0
2024,half,Emanuel Wilson,SEA,327,RB89,297.0
2024,half,Josh Reynolds,,328,WR109,298.0
2024,half,Mark Ingram,II,330,RB90,300.0
2024,half,Jeff Wilson Jr.,,331,RB91,300.0
2024,half,Alec Pierce,IND,332,WR111,301.0
2024,half,Los Angeles Chargers,DST,326,DST29,302.0
2024,half,Evan Hull,HOU,333,RB92,302.0
2024,half,K.J. Osborn,TEN,329,WR110,305.0
2024,half,Wendell Smallwood,,334,RB93,305.0
2024,half,Jalen Nailor,LV,335,WR112,306.0
2024,half,Nick Keizer,,336,TE39,307.0
2024,half,Mo Alie-Cox,IND,337,TE40,312.0
2024,half,James White,,338,RB94,313.0
2024,half,Los Angeles Rams,DST,339,DST30,315.0
2024,half,Anthony Johnson,,340,CB,316.0
2024,half,A.T. Perry,PIT,341,WR113,318.0
2024,half,Jason Witten,,342,TE41,319.0
2024,half,Vernon Davis,,343,TE42,321.0
2024,ppr,Christian McCaffrey,SF,1,RB1,1.0
2024,ppr,CeeDee Lamb,DAL,2,WR1,2.6
2024,ppr,Tyreek Hill,,3,WR2,3.2
2024,ppr,Bijan Robinson,ATL,4,RB2,5.0
2024,ppr,Breece Hall,NYJ,5,RB3,5.4
2024,ppr,Amon-Ra St. Brown,DET,6,WR3,6.2
2024,ppr,Ja'Marr Chase,CIN,7,WR4,6.6
2024,ppr,Justin Jefferson,MIN,8,WR5,7.0
2024,ppr,Saquon Barkley,PHI,9,RB4,9.2
2024,ppr,A.J. Brown,NE,10,WR6,10.2
2024,ppr,Jonathan Taylor,IND,11,RB5,10.4
2024,ppr,Garrett Wilson,NYJ,12,WR7,12.4
2024,ppr,Jahmyr Gibbs,DET,13,RB6,12.8
2024,ppr,Puka Nacua,LAR,14,WR8,14.2
2024,ppr,Kyren Williams,LAR,15,RB7,16.0
2024,ppr,Marvin Harrison Jr.,ARI,16,WR9,16.8
2024,ppr,Travis Etienne Jr.,NO,17,RB8,17.4
2024,ppr,Derrick Henry,BAL,18,RB9,18.0
2024,ppr,Isiah Pacheco,DET,19,RB10,20.2
2024,ppr,Davante Adams,LAR,20,WR10,22.0
2024,ppr,Josh Allen,BUF,21,QB1,24.2
2024,ppr,Travis Kelce,KC,22,TE1,25.2
2024,ppr,Drake London,ATL,23,WR11,25.6
2024,ppr,Chris Olave,NO,24,WR12,26.2
2024,ppr,De'Von Achane,MIA,25,RB11,27.4
2024,ppr,Josh Jacobs,GB,26,RB12,28.2
2024,ppr,Nico Collins,HOU,27,WR13,28.2
2024,ppr,Patrick Mahomes II,KC,28,QB2,29.0
2024,ppr,James Cook III,BUF,29,RB13,31.0
2024,ppr,Mike Evans,SF,30,WR14,31.2
2024,ppr,Jalen Hurts,PHI,31,QB3,31.2
2024,ppr,Rachaad White,WAS,32,RB14,31.6
2024,ppr,Sam LaPorta,DET,33,TE2,31.8
2024,ppr,Deebo Samuel Sr.,,34,WR15,32.0
2024,ppr,Brandon Aiyuk,SF,35,WR16,34.0
2024,ppr,Michael Pittman Jr.,PIT,36,WR17,34.6
2024,ppr,Cooper Kupp,SEA,37,WR18,34.8
2024,ppr,Lamar Jackson,BAL,38,QB4,37.2
2024,ppr,Joe Mixon,,39,RB15,38.6
2024,ppr,Alvin Kamara,NO,40,RB16,39.6
2024,ppr,DK Metcalf,PIT,41,WR19,41.2
2024,ppr,Kenneth Walker III,KC,42,RB17,41.4
2024,ppr,Jaylen Waddle,DEN,43,WR20,42.6
2024,ppr,Stefon Diggs,,44,WR21,43.0
2024,ppr,DJ Moore,BUF,45,WR22,43.6
2024,ppr,DeVonta Smith,PHI,46,WR23,44.0
2024,ppr,Mark Andrews,BAL,47,TE3,45.8
2024,ppr,Trey McBride,ARI,48,TE4,46.4
2024,ppr,Malik Nabers,NYG,49,WR24,48.6
2024,ppr,C.J. Stroud,HOU,50,QB5,48.6
2024,ppr,Dalton Kincaid,BUF,51,TE5,53.6
2024,ppr,James Conner,ARI,52,RB18,56.0
2024,ppr,George Kittle,SF,53,TE6,56.6
2024,ppr,Amari Cooper,,54,WR25,56.8
2024,ppr,Anthony Richardson Sr.,IND,55,QB6,57.6
2024,ppr,Aaron Jones Sr.,MIN,56,RB19,59.2
2024,ppr,George Pickens,DAL,57,WR26,59.6
2024,ppr,D'Andre Swift,CHI,58,RB20,60.6
2024,ppr,Joe Burrow,CIN,59,QB7,61.8
2024,ppr,David Montgomery,HOU,60,RB21,61.8
2024,ppr,Tee Higgins,CIN,61,WR27,62.2
2024,ppr,Zay Flowers,BAL,62,WR28,63.2
2024,ppr,Kyle Pitts Sr.,ATL,63,TE7,64.2
2024,ppr,Tank Dell,HOU,64,WR29,65.0
2024,ppr,Evan Engram,DEN,65,TE8,65.0
2024,ppr,Zamir White,LV,66,RB22,66.6
2024,ppr,Rhamondre Stevenson,NE,67,RB23,66.6
2024,ppr,Rashee Rice,KC,68,WR30,67.6
2024,ppr,Dak Prescott,DAL,69,QB8,68.4
2024,ppr,Kyler Murray,MIN,70,QB9,70.2
2024,ppr,Najee Harris,LAC,71,RB24,70.8
2024,ppr,Jordan Love,GB,72,QB10,71.4
2024,ppr,Terry McLaurin,WAS,73,WR31,71.6
2024,ppr,Calvin Ridley,TEN,74,WR32,74.4
2024,ppr,Raheem Mostert,LV,75,RB25,74.6
2024,ppr,Christian Kirk,SF,76,WR33,74.6
2024,ppr,Chris Godwin Jr.,TB,77,WR34,76.2
2024,ppr,Keenan Allen,LAC,78,WR35,79.4
2024,ppr,Javonte Williams,DAL,79,RB26,81.2
2024,ppr,Jake Ferguson,DAL,80,TE9,81.6
2024,ppr,Tony Pollard,TEN,81,RB27,81.8
2024,ppr,David Njoku,LAC,82,TE10,84.2
2024,ppr,Jayden Reed,GB,83,WR36,87.2
2024,ppr,Diontae Johnson,,84,WR37,88.2
2024,ppr,Xavier Worthy,KC,85,WR38,90.0
2024,ppr,Austin Ekeler,,86,RB28,91.0
2024,ppr,Brock Purdy,SF,87,QB11,91.8
2024,ppr,Brian Robinson Jr.,ATL,88,RB29,92.6
2024,ppr,Jaylen Warren,PIT,89,RB30,92.6
2024,ppr,Devin Singletary,NYG,90,RB31,94.4
2024,ppr,Zack Moss,,91,RB32,98.0
2024,ppr,Rome Odunze,CHI,92,WR39,98.4
2024,ppr,Jaxon Smith-Njigba,SEA,93,WR40,99.8
2024,ppr,Tyjae Spears,TEN,94,RB33,100.2
2024,ppr,Brock Bowers,LV,95,TE11,100.6
2024,ppr,Nick Chubb,,96,RB34,100.8
2024,ppr,Jonathon Brooks,CAR,97,RB35,101.4
2024,ppr,Christian Watson,GB,98,WR41,102.2
2024,ppr,Jayden Daniels,WAS,99,QB12,102.6
2024,ppr,Keon Coleman,BUF,100,WR42,104.6
2024,ppr,Ladd McConkey,LAC,101,WR43,105.4
2024,ppr,DeAndre Hopkins,BAL,102,WR44,107.6
2024,ppr,Justin Tucker,,103,K1,108.4
2024,ppr,Caleb Williams,CHI,104,QB13,109.0
2024,ppr,Dallas Goedert,PHI,105,TE12,109.6
2024,ppr,Hollywood Brown,PHI,106,WR45,110.2
2024,ppr,Jordan Addison,MIN,107,WR46,110.4
2024,ppr,Chase Brown,CIN,108,RB36,111.2
2024,ppr,Harrison Butker,KC,109,K2,112.2
2024,ppr,Courtland Sutton,DEN,110,WR47,112.4
2024,ppr,Jerome Ford,WAS,111,RB37,113.0
2024,ppr,Ezekiel Elliott,,112,RB38,113.2
2024,ppr,Brandon Aubrey,DAL,113,K3,113.4
2024,ppr,Gus Edwards,,114,RB39,113.6
2024,ppr,Tua Tagovailoa,ATL,115,QB14,115.8
2024,ppr,San Francisco 49ers,DST,116,DST1,116.0
2024,ppr,Jared Goff,DET,117,QB15,116.0
2024,ppr,Brian Thomas Jr.,JAC,118,WR48,116.2
2024,ppr,Jameson Williams,DET,119,WR49,120.2
2024,ppr,Dalton Schultz,HOU,120,TE13,125.6
2024,ppr,T.J. Hockenson,MIN,121,TE14,126.4
2024,ppr,Dallas Cowboys,DST,122,DST2,128.0
2024,ppr,Blake Corum,LAR,123,RB40,128.0
2024,ppr,Baltimore Ravens,DST,124,DST3,128.2
2024,ppr,New York Jets,DST,125,DST4,128.4
2024,ppr,Trevor Lawrence,JAC,126,QB16,129.4
2024,ppr,Justin Herbert,LAC,127,QB17,130.8
2024,ppr,Khalil Shakir,BUF,128,WR50,132.0
2024,ppr,Chuba Hubbard,CAR,129,RB41,132.4
2024,ppr,J.K. Dobbins,DEN,130,RB42,132.4
2024,ppr,Trey Benson,ARI,131,RB43,133.6
2024,ppr,Cleveland Browns,DST,132,DST5,134.6
2024,ppr,Pat Freiermuth,PIT,133,TE15,135.4
2024,ppr,Aaron Rodgers,PIT,134,QB18,136.2
2024,ppr,Tyler Lockett,LV,135,WR51,139.4
2024,ppr,Younghoe Koo,,136,K4,140.0
2024,ppr,Cole Kmet,CHI,137,TE16,141.0
2024,ppr,Romeo Doubs,NE,138,WR52,142.0
2024,ppr,Kirk Cousins,LV,139,QB19,142.6
2024,ppr,Curtis Samuel,,140,WR53,143.6
2024,ppr,Jakobi Meyers,JAC,141,WR54,143.6
2024,ppr,Jerry Jeudy,CLE,142,WR55,143.8
2024,ppr,Jake Elliott,PHI,143,K5,145.4
2024,ppr,Zach Charbonnet,SEA,144,RB44,147.4
2024,ppr,Ka'imi Fairbairn,HOU,145,K6,149.0
2024,ppr,Evan McPherson,CIN,146,K7,149.2
2024,ppr,Mike Williams,,147,WR56,149.8
2024,ppr,Matthew Stafford,LAR,148,QB20,150.6
2024,ppr,Rico Dowdle,PIT,149,RB45,150.8
2024,ppr,Joshua Palmer,BUF,150,WR57,151.4
2024,ppr,Jake Moody,WAS,151,K8,156.6
2024,ppr,Tyler Allgeier,ARI,152,RB46,156.8
2024,ppr,Pittsburgh Steelers,DST,153,DST6,158.6
2024,ppr,Dustin Hopkins,,272,K21,159.5
2024,ppr,Cincinnati Bengals,DST,194,DST17,159.8
2024,ppr,Kansas City Chiefs,DST,154,DST7,160.0
2024,ppr,Ty Chandler,NO,155,RB47,160.8
2024,ppr,Adam Thielen,,156,WR58,161.0
2024,ppr,Jaleel McLaughlin,DEN,157,RB48,162.0
2024,ppr,Deshaun Watson,CLE,158,QB21,163.8
2024,ppr,Taysom Hill,,196,TE21,164.5
2024,ppr,Buffalo Bills,DST,159,DST8,164.8
2024,ppr,Baker Mayfield,TB,160,QB22,166.6
2024,ppr,Cameron Dicker,LAC,161,K9,166.8
2024,ppr,Gabe Davis,,162,WR59,168.8
2024,ppr,Brandin Cooks,,163,WR60,169.2
2024,ppr,Jaylen Wright,MIA,164,RB49,169.8
2024,ppr,Luke Musgrave,GB,165,TE17,169.8
2024,ppr,Adonai Mitchell,NYJ,166,WR61,170.6
2024,ppr,Miami Dolphins,DST,167,DST9,171.6
2024,ppr,Antonio Gibson,,168,RB50,173.8
2024,ppr,Xavier Legette,CAR,169,WR62,178.6
2024,ppr,Philadelphia Eagles,DST,170,DST10,178.6
2024,ppr,Isaiah Likely,NYG,171,TE18,180.2
2024,ppr,Greg Zuerlein,,197,K13,181.8
2024,ppr,Tyler Conklin,DET,172,TE19,182.0
2024,ppr,MarShawn Lloyd,GB,198,RB53,182.0
2024,ppr,Dontayvion Wicks,PHI,173,WR63,182.2
2024,ppr,Darnell Mooney,NYG,174,WR64,183.2
2024,ppr,Tyler Bass,BUF,175,K10,183.4
2024,ppr,Houston Texans,DST,176,DST11,184.0
2024,ppr,Ja'Lynn Polk,NO,177,WR65,184.2
2024,ppr,Bo Nix,DEN,178,QB23,184.6
2024,ppr,Arizona Cardinals,DST,274,DST31,186.5
2024,ppr,Chris Boswell,PIT,275,K22,186.5
2024,ppr,Chicago Bears,DST,179,DST12,187.4
2024,ppr,Jordan Mason,MIN,199,RB54,187.5
2024,ppr,Ricky Pearsall,SF,276,WR85,187.5
2024,ppr,Rashid Shaheed,SEA,180,WR66,187.6
2024,ppr,Bucky Irving,TB,181,RB51,191.0
2024,ppr,Denver Broncos,DST,224,DST25,191.3
2024,ppr,Khalil Herbert,,182,RB52,192.2
2024,ppr,Geno Smith,NYJ,183,QB24,192.4
2024,ppr,Hunter Henry,NE,200,TE22,193.0
2024,ppr,New Orleans Saints,DST,184,DST13,193.8
2024,ppr,Will Levis,TEN,185,QB25,195.4
2024,ppr,Cade Otton,TB,225,TE26,196.0
2024,ppr,Jason Myers,SEA,186,K11,196.4
2024,ppr,Tampa Bay Buccaneers,DST,187,DST14,197.6
2024,ppr,Braelon Allen,NYJ,201,RB55,198.5
2024,ppr,Jason Sanders,NYJ,188,K12,199.4
2024,ppr,Malachi Corley,CLE,279,WR88,199.5
2024,ppr,Josh Downs,IND,202,WR68,200.5
2024,ppr,Daniel Carlson,LV,203,K14,200.8
2024,ppr,Matt Gay,LV,204,K15,201.0
2024,ppr,Jahan Dotson,ATL,226,WR70,201.0
2024,ppr,Cairo Santos,CHI,205,K16,202.0
2024,ppr,Tom Brady,,356,QB44,202.0
2024,ppr,Chig Okonkwo,WAS,206,TE23,202.5
2024,ppr,DeMario Douglas,NE,189,WR67,203.0
2024,ppr,Ray Davis,BUF,207,RB56,205.5
2024,ppr,Seattle Seahawks,DST,190,DST15,205.6
2024,ppr,Detroit Lions,DST,191,DST16,206.0
2024,ppr,Kimani Vidal,LAC,227,RB60,207.3
2024,ppr,Dalvin Cook,,228,RB61,208.0
2024,ppr,Atlanta Falcons,DST,208,DST19,208.3
2024,ppr,Las Vegas Raiders,DST,209,DST20,211.8
2024,ppr,Dawson Knox,BUF,229,TE27,212.3
2024,ppr,Quentin Johnston,LAC,230,WR71,212.7
2024,ppr,Darren Waller,,283,TE35,213.5
2024,ppr,Jake Bates,DET,231,K17,214.0
2024,ppr,Dameon Pierce,PHI,232,RB62,215.0
2024,ppr,Jermaine Burton,,233,WR72,215.3
2024,ppr,Ben Sinnott,WAS,234,TE28,215.7
2024,ppr,Roman Wilson,,235,WR73,215.7
2024,ppr,Bryce Young,CAR,210,QB27,216.5
2024,ppr,Tyrone Tracy Jr.,NYG,211,RB57,217.0
2024,ppr,Matt Prater,,359,K33,217.0
2024,ppr,Washington Commanders,DST,236,DST26,217.3
2024,ppr,Derek Carr,,192,QB26,218.0
2024,ppr,Indianapolis Colts,DST,212,DST21,218.8
2024,ppr,Will Reichard,MIN,237,K18,220.3
2024,ppr,Justin Fields,KC,213,QB28,221.0
2024,ppr,Green Bay Packers,DST,214,DST22,222.3
2024,ppr,New England Patriots,DST,238,DST27,222.7
2024,ppr,Zach Ertz,,193,TE20,224.6
2024,ppr,Odell Beckham Jr.,NYG,287,WR90,225.0
2024,ppr,Carson Steele,PHI,239,RB63,225.7
2024,ppr,Michael Wilson,ARI,215,WR69,226.3
2024,ppr,Russell Wilson,,216,QB29,226.3
2024,ppr,Drake Maye,NE,240,QB31,226.7
2024,ppr,Graham Gano,,288,K24,227.0
2024,ppr,Jonnu Smith,,217,TE24,227.3
2024,ppr,Alexander Mattison,,241,RB64,228.7
2024,ppr,Kenny Gainwell,TB,218,RB58,229.3
2024,ppr,Los Angeles Chargers,DST,195,DST18,230.0
2024,ppr,Wil Lutz,DEN,289,K25,230.0
2024,ppr,New York Giants,DST,219,DST23,230.8
2024,ppr,Blake Grupe,IND,242,K19,231.0
2024,ppr,Clyde Edwards-Helaire,,220,RB59,231.5
2024,ppr,Rashod Bateman,BAL,243,WR74,232.0
2024,ppr,Chris Naggar,,366,K34,233.0
2024,ppr,Minnesota Vikings,DST,221,DST24,233.5
2024,ppr,Luke McCaffrey,WAS,244,WR75,233.7
2024,ppr,Marvin Mims Jr.,DEN,245,WR76,233.7
2024,ppr,Jacksonville Jaguars,DST,246,DST28,234.0
2024,ppr,Tank Bigsby,PHI,247,RB65,235.0
2024,ppr,Mike Gesicki,CIN,222,TE25,236.5
2024,ppr,Justice Hill,BAL,248,RB66,236.7
2024,ppr,Cam Little,JAC,249,K20,236.7
2024,ppr,Mason Crosby,,372,K36,237.0
2024,ppr,Chase McLaughlin,TB,373,K37,237.0
2024,ppr,Wan'Dale Robinson,TEN,250,WR77,237.3
2024,ppr,Michael Wiley,,374,RB89,238.0
2024,ppr,Troy Franklin,DEN,251,WR78,239.0
2024,ppr,Noah Gray,KC,291,TE36,239.5
2024,ppr,Tennessee Titans,DST,252,DST29,241.0
2024,ppr,Nick Folk,ATL,377,K38,242.0
2024,ppr,Kendre Miller,NO,292,RB76,243.5
2024,ppr,Kyle Juszczyk,SF,293,RB77,243.5
2024,ppr,Roschon Johnson,CHI,253,RB67,244.3
2024,ppr,JuJu Smith-Schuster,NYG,294,WR92,245.5
2024,ppr,Daniel Jones,IND,254,QB32,246.7
2024,ppr,Noah Fant,NO,255,TE29,248.0
2024,ppr,Sam Darnold,SEA,223,QB30,249.0
2024,ppr,Ja'Tavion Sanders,CAR,256,TE30,249.0
2024,ppr,Los Angeles Rams,DST,257,DST30,250.3
2024,ppr,Tyler Boyd,,258,WR79,250.7
2024,ppr,Gardner Minshew II,ARI,298,QB34,253.0
2024,ppr,Jamaal Williams,,259,RB68,253.7
2024,ppr,Keaton Mitchell,LAC,260,RB69,254.3
2024,ppr,Audric Estime,NO,261,RB70,257.0
2024,ppr,Colby Parkinson,LAR,262,TE31,257.7
2024,ppr,Will Shipley,PHI,263,RB71,258.7
2024,ppr,Greg Dulcich,MIA,264,TE32,259.0
2024,ppr,Juwan Johnson,NO,265,TE33,262.3
2024,ppr,Jalen Tolbert,MIA,266,WR80,263.7
2024,ppr,Justin Watson,HOU,300,WR95,264.0
2024,ppr,Tucker Kraft,GB,301,TE38,264.0
2024,ppr,Rodrigo Blankenship,,392,K41,265.0
2024,ppr,Greg Dortch,DET,267,WR81,265.3
2024,ppr,Demarcus Robinson,SF,268,WR82,266.7
2024,ppr,Braxton Berrios,NYG,302,WR96,267.0
2024,ppr,Cornelius Johnson,BAL,394,WR124,269.0
2024,ppr,Joshua Karty,,303,K26,269.5
2024,ppr,Darius Slayton,NYG,269,WR83,270.0
2024,ppr,Miles Sanders,,304,RB79,270.5
2024,ppr,Louis Rees-Zammit,,305,RB80,270.5
2024,ppr,Samaje Perine,CIN,270,RB72,271.3
2024,ppr,Michael Mayer,LV,271,TE34,271.7
2024,ppr,Ty'Son Williams,,398,RB93,273.0
2024,ppr,Anthony Jones,,399,RB94,274.0
2024,ppr,Jalen McMillan,TB,306,WR97,275.5
2024,ppr,K.J. Costello,,402,QB54,276.0
2024,ppr,Tejhaun Palmer,ARI,403,WR126,276.0
2024,ppr,KaVontae Turpin,DAL,307,WR98,279.0
2024,ppr,Christopher Dunn,,408,K42,279.0
2024,ppr,Jauan Jennings,MIN,308,WR99,280.0
2024,ppr,Carolina Panthers,DST,409,DST32,280.0
2024,ppr,Charlie Taumoepeau,,410,TE58,280.0
2024,ppr,Skyy Moore,GB,309,WR100,280.5
2024,ppr,Jake Bobo,SEA,310,WR101,281.0
2024,ppr,Cordarrelle Patterson,,412,RB97,281.0
2024,ppr,Jalin Hyatt,NYG,311,WR102,282.5
2024,ppr,Kadarius Toney,,273,WR84,282.7
2024,ppr,Gerald Everett,,413,TE59,284.0
2024,ppr,Dylan McDuffie,,414,RB98,284.0
2024,ppr,Hayden Hurst,,312,TE39,287.0
2024,ppr,Anders Carlson,,313,K27,287.5
2024,ppr,Joey Slye,TEN,314,K28,288.0
2024,ppr,Jon Hilliman,,421,RB100,290.0
2024,ppr,Dyami Brown,WAS,315,WR103,290.5
2024,ppr,Jermar Jefferson,,316,RB81,290.5
2024,ppr,Kenny Pickett,CAR,317,QB35,290.5
2024,ppr,Jazz Ferguson,,422,WR131,291.0
2024,ppr,Durham Smythe,BAL,318,TE40,292.0
2024,ppr,Jalen Virgil,BUF,425,WR133,292.0
2024,ppr,J.J. Taylor,,319,RB82,293.0
2024,ppr,Josh Lambo,,426,K43,293.0
2024,ppr,Brenden Rice,GB,277,WR86,293.3
2024,ppr,Tre Tucker,LV,320,WR104,293.5
2024,ppr,Matt Barkley,,427,QB56,294.0
2024,ppr,Jhamon Ausbon,,428,WR134,294.0
2024,ppr,Devontez Walker,BAL,278,WR87,294.3
2024,ppr,Aidan O'Connell,LV,321,QB36,295.0
2024,ppr,Deuce Vaughn,,322,RB83,295.5
2024,ppr,James White,,430,RB102,296.0
2024,ppr,Ethan Fernea,,431,WR135,297.0
2024,ppr,Eddy Pineiro,SF,433,K44,298.0
2024,ppr,Andrei Iosivas,CIN,323,WR105,298.5
2024,ppr,Van Jefferson,WAS,434,WR136,299.0
2024,ppr,Elijah Moore,PHI,324,WR106,301.0
2024,ppr,J.D. McKissic,,438,RB103,301.0
2024,ppr,D'Onta Foreman,,325,RB84,302.0
2024,ppr,Michael Penix Jr.,ATL,280,QB33,302.3
2024,ppr,Allen Lazard,,326,WR107,303.0
2024,ppr,Kalif Raymond,CHI,443,WR139,304.0
2024,ppr,Darnell Washington,PIT,327,TE41,305.0
2024,ppr,Corey Clement,,444,RB105,305.0
2024,ppr,Eric Gray,NYG,281,RB73,306.0
2024,ppr,Joshua Dobbs,,328,QB37,307.0
2024,ppr,Jordan Whittington,LAR,282,WR89,307.7
2024,ppr,Luke Schoonmaker,DAL,330,TE43,308.5
2024,ppr,Mecole Hardman Jr.,BUF,331,WR108,308.5
2024,ppr,Cade York,NYJ,332,K29,309.5
2024,ppr,Dylan Laube,LV,284,RB74,310.0
2024,ppr,Isaac Guerendo,SF,333,RB85,310.0
2024,ppr,Peter LeBlanc,,446,WR141,310.0
2024,ppr,Derek Watt,,448,RB107,311.0
2024,ppr,Michael Gallup,,449,WR142,311.0
2024,ppr,Brandon McManus,,285,K23,311.3
2024,ppr,Eli Stove,,450,WR143,312.0
2024,ppr,Caleb Huntley,,452,RB108,313.0
2024,ppr,Cade Stover,HOU,334,TE44,313.5
2024,ppr,A.T. Perry,PIT,335,WR109,314.0
2024,ppr,Zay Jones,,336,WR110,314.5
2024,ppr,Carson Wentz,MIN,337,QB38,315.5
2024,ppr,K.J. Osborn,TEN,338,WR111,315.5
2024,ppr,Trey Sermon,,286,RB75,316.0
2024,ppr,Clayton Thorson,,454,QB59,316.0
2024,ppr,Joe Flacco,CIN,339,QB39,317.5
2024,ppr,Tim Patrick,NYJ,455,WR145,319.0
2024,ppr,Connor Heyward,LV,340,TE45,320.0
2024,ppr,Jared Wiley,KC,341,TE46,320.5
2024,ppr,Cole McDonald,,458,QB62,321.0
2024,ppr,Javon Baker,,290,WR91,323.7
2024,ppr,Malcolm Brown,,461,RB109,324.0
2024,ppr,Brevin Jordan,HOU,342,TE47,326.0
2024,ppr,Calvin Austin III,NYG,464,WR147,326.0
2024,ppr,Robbie Gould,,465,K45,327.0
2024,ppr,Jimmy Garoppolo,LAR,343,QB40,328.5
2024,ppr,Hendon Hooker,TEN,344,QB41,329.5
2024,ppr,Malik Washington,MIA,295,WR93,331.0
2024,ppr,Brock Wright,DET,345,TE48,331.5
2024,ppr,Daniel Bellinger,TEN,296,TE37,331.7
2024,ppr,Chad Ryland,ARI,346,K30,332.0
2024,ppr,Nelson Agholor,,471,WR151,332.0
2024,ppr,Zach Wilson,NO,347,QB42,332.5
2024,ppr,Theo Johnson,NYG,348,TE49,333.0
2024,ppr,Jacoby Brissett,ARI,473,QB67,333.0
2024,ppr,Kendrick Bourne,ARI,349,WR112,334.0
2024,ppr,Leonard Fournette,,474,RB111,334.0
2024,ppr,Equanimeous St. Brown,,350,WR113,334.5
2024,ppr,Greg Joseph,,351,K31,334.5
2024,ppr,Josh Reynolds,,352,WR114,334.5
2024,ppr,Cam Akers,,297,RB78,334.7
2024,ppr,Donovan Peoples-Jones,,476,WR152,336.0
2024,ppr,Josh Gordon,,481,WR155,338.0
2024,ppr,Jonathan Mingo,DAL,299,WR94,340.3
2024,ppr,Tommy DeVito,NE,353,QB43,343.5
2024,ppr,DeWayne McBride,,354,RB86,344.0
2024,ppr,Treylon Burks,WAS,486,WR156,347.0
2024,ppr,Tyler Scott,LAR,355,WR115,349.0
2024,ppr,Keaontay Ingram,,487,RB112,349.0
2024,ppr,Matt Ryan,,489,QB72,350.0
2024,ppr,Brett Maher,,357,K32,352.0
2024,ppr,Ty Johnson,BUF,491,RB113,354.0
2024,ppr,Craig Reynolds,,493,RB114,356.0
2024,ppr,Trey Lance,LAC,358,QB45,357.5
2024,ppr,Cooper Rush,,360,QB46,359.0
2024,ppr,Spencer Rattler,NO,361,QB47,361.0
2024,ppr,Sam Howell,DAL,497,QB73,361.0
2024,ppr,Josh Oliver,MIN,362,TE50,363.0
2024,ppr,D.J. Montgomery,,363,WR116,364.0
2024,ppr,Jakob Johnson,,500,RB116,364.0
2024,ppr,Patrick Taylor Jr.,SF,364,RB87,364.5
2024,ppr,Elijah Higgins,ARI,365,TE51,365.0
2024,ppr,Johnny Wilson,PHI,367,WR117,367.0
2024,ppr,Davis Allen,LAR,368,TE52,367.0
2024,ppr,Henry Pearson,,502,RB117,367.0
2024,ppr,Mo Alie-Cox,IND,371,TE53,368.5
2024,ppr,Tutu Atwell,MIA,504,WR161,370.0
2024,ppr,DJ Chark Jr.,,375,WR118,371.0
2024,ppr,David Moore,CAR,376,WR119,371.0
2024,ppr,John Metchie III,CAR,378,WR120,371.5
2024,ppr,Tyler Higbee,LAR,329,TE42,371.7
2024,ppr,Shane Zylstra,BUF,505,TE76,372.0
2024,ppr,Robert Woods,,379,WR121,373.0
2024,ppr,Nick Sciba,,507,K47,373.0
2024,ppr,Alec Ingold,LAC,508,RB118,374.0
2024,ppr,Justyn Ross,,509,WR163,375.0
2024,ppr,Khari Blasingame,,511,RB120,379.0
2024,ppr,Kenny McIntosh,SEA,512,RB121,379.0
2024,ppr,Lucky Jackson,DET,383,WR122,379.5
2024,ppr,Tyson Bagent,CHI,384,QB49,380.0
2024,ppr,Julio Jones,,385,WR123,380.0
2024,ppr,Emanuel Wilson,SEA,513,RB122,380.0
2024,ppr,Adam Trautman,DEN,388,TE54,381.0
2024,ppr,Ameer Abdullah,JAC,514,RB123,381.0
2024,ppr,Julian Hill,NE,389,TE55,382.0
2024,ppr,Rasheen Ali,BAL,391,RB91,382.5
2024,ppr,Nick Foles,,517,QB75,384.0
2024,ppr,Jeff Wilson Jr.,,393,RB92,384.5
2024,ppr,James Turner,,518,K48,385.0
2024,ppr,Joe Milton III,DAL,396,QB53,386.0
2024,ppr,Ronnie Bell,NO,397,WR125,386.0
2024,ppr,Jarrett Stidham,DEN,520,QB76,386.0
2024,ppr,Frank Gore Jr.,BUF,522,RB124,387.0
2024,ppr,Tanner Hudson,CIN,400,TE56,387.5
2024,ppr,Justin Jackson,,524,RB125,388.0
2024,ppr,Brayden Narveson,,525,K49,388.0
2024,ppr,Bo Melton,GB,404,WR127,389.0
2024,ppr,Matthew Wright,,526,K50,389.0
2024,ppr,Austin Hooper,ATL,405,TE57,389.5
2024,ppr,Brandon Powell,,406,WR128,389.5
2024,ppr,Steven Sims Jr.,,529,WR166,391.0
2024,ppr,Hunter Renfrow,,530,WR167,392.0
2024,ppr,Ainias Smith,CAR,417,WR130,394.0
2024,ppr,AJ Barner,SEA,420,TE62,395.0
2024,ppr,Peyton Hendershot,,423,TE63,396.0
2024,ppr,Kevin Harris,,533,RB126,397.0
2024,ppr,Patrick Ricard,NYG,429,RB101,397.5
2024,ppr,Lucas Havrisik,GB,381,K39,399.0
2024,ppr,Trenton Irwin,,435,WR137,400.0
2024,ppr,C.J. Ham,,439,RB104,401.0
2024,ppr,Israel Abanikanda,DAL,535,RB127,401.0
2024,ppr,Pharaoh Brown,,441,TE66,402.0
2024,ppr,Trey Palmer,NO,537,WR170,402.0
2024,ppr,Tanner Brown,NO,382,K40,402.5
2024,ppr,Deneric Prince,,539,RB128,403.0
2024,ppr,Chris Conley,,445,WR140,403.5
2024,ppr,Ryan Succop,,542,K51,406.0
2024,ppr,Charlie Smyth,NO,543,K52,406.0
2024,ppr,Johnny Mundt,PHI,453,TE67,407.5
2024,ppr,Kareem Hunt,,546,RB130,409.0
2024,ppr,DeeJay Dallas,JAC,447,RB106,409.5
2024,ppr,Andy Dalton,PHI,456,QB60,410.0
2024,ppr,Kyle Allen,BUF,457,QB61,410.0
2024,ppr,Raheem Blackshear,,411,RB96,410.5
2024,ppr,Matthew Slater,,549,WR174,411.0
2024,ppr,Malik Heath,,460,WR146,412.0
2024,ppr,Dare Ogunbowale,,550,RB132,412.0
2024,ppr,Isaiah Williams,NYJ,424,WR132,413.0
2024,ppr,Brandon Allen,NYG,462,QB64,413.0
2024,ppr,Ray-Ray McCloud,III,551,WR175,413.0
2024,ppr,Grant Calcaterra,PHI,432,TE64,414.0
2024,ppr,Alec Pierce,IND,466,WR148,414.5
2024,ppr,Parris Campbell,,553,WR176,415.0
2024,ppr,Britain Covey,PHI,436,WR138,415.5
2024,ppr,Jake Browning,TB,555,QB81,416.0
2024,ppr,Will Mallory,IND,475,TE69,417.5
2024,ppr,Josh Pederson,,557,TE82,418.0
2024,ppr,Mac Jones,SF,459,QB63,418.5
2024,ppr,Colson Yankoff,WAS,477,TE70,418.5
2024,ppr,Mack Hollins,NE,479,WR154,419.0
2024,ppr,Kylen Granson,TEN,558,TE83,419.0
2024,ppr,Jordan Akins,,482,TE71,420.0
2024,ppr,Carson Strong,,559,QB82,420.0
2024,ppr,Jameis Winston,NYG,483,QB69,421.0
2024,ppr,Mark Ingram,II,560,RB134,421.0
2024,ppr,Riley Patterson,MIA,485,K46,422.0
2024,ppr,David Bell,,561,WR178,422.0
2024,ppr,A.J. Green,,562,WR179,423.0
2024,ppr,Parker Washington,JAC,565,WR180,425.0
2024,ppr,MyCole Pruitt,,419,TE61,427.0
2024,ppr,Marcedes Lewis,,492,TE72,428.0
2024,ppr,Jalen Brooks,ARI,451,WR144,428.5
2024,ppr,Emari Demercado,KC,567,RB136,430.0
2024,ppr,Trace McSorley,,386,QB50,431.0
2024,ppr,Jimmy Graham,,569,TE86,431.0
2024,ppr,Anthony Brown Jr.,,469,QB65,432.0
2024,ppr,Teddy Bridgewater,DET,572,QB83,434.0
2024,ppr,Ramiz Ahmed,,369,K35,435.0
2024,ppr,Ryan Tannehill,,573,QB84,435.0
2024,ppr,Noah Brown,,576,WR184,438.0
2024,ppr,Charlie Jones,CIN,478,WR153,439.5
2024,ppr,Drew Ogletree,IND,494,TE73,441.0
2024,ppr,Melvin Gordon,III,580,RB138,441.0
2024,ppr,Sione Vaki,DET,463,RB110,442.5
2024,ppr,Velus Jones Jr.,SEA,499,WR159,442.5
2024,ppr,Jalen Nailor,LV,495,WR158,443.0
2024,ppr,Rex Burkhead,,582,RB140,443.0
2024,ppr,Drew Lock,SEA,583,QB86,444.0
2024,ppr,Donald Parham Jr.,,585,TE90,445.0
2024,ppr,Caleb Shudak,,586,K53,445.0
2024,ppr,Jake Funk,,510,RB119,445.5
2024,ppr,Josh Johnson,CIN,472,QB66,446.5
2024,ppr,Lil'Jordan Humphrey,DEN,589,WR186,447.0
2024,ppr,KJ Hamler,,590,WR187,447.0
2024,ppr,Trishton Jackson,,528,WR165,448.5
2024,ppr,Bub Means,NO,592,WR189,449.0
2024,ppr,Quez Watkins,PHI,593,WR190,450.0
2024,ppr,Dez Fitzpatrick,,595,WR192,452.0
2024,ppr,Kene Nwangwu,NYJ,596,RB141,453.0
2024,ppr,Michael Carter,TEN,598,RB142,454.0
2024,ppr,Mitchell Trubisky,TEN,547,QB80,455.5
2024,ppr,Malik Davis,DAL,601,RB143,459.0
2024,ppr,Jerick McKinnon,,603,RB145,460.0
2024,ppr,Samson Nacua,,604,WR194,460.0
2024,ppr,Ronnie Rivers,LAR,605,RB146,461.0
2024,ppr,Bailey Zappe,NYJ,531,QB78,462.0
2024,ppr,Cody Schrader,DEN,563,RB135,462.0
2024,ppr,Randy Bullock,,606,K54,462.0
2024,ppr,Cedric Tillman,CLE,607,WR195,462.0
2024,ppr,Ryan Flournoy,DAL,501,WR160,462.5
2024,ppr,Zach Evans,,608,RB147,463.0
2024,ppr,Anthony McFarland Jr.,,370,RB88,463.3
2024,ppr,Chris Rodriguez Jr.,JAC,610,RB148,464.0
2024,ppr,James McCourt,,611,K55,464.0
2024,ppr,Tylan Wallace,CLE,556,WR177,464.5
2024,ppr,Marquez Valdes-Scantling,DAL,570,WR181,466.0
2024,ppr,E.J. Jenkins,PHI,613,TE95,466.0
2024,ppr,Xavier Gipson,NYG,615,WR198,467.0
2024,ppr,Chris Brooks,GB,617,RB149,468.0
2024,ppr,Sean Tucker,TB,620,RB150,469.0
2024,ppr,Jonathan Garibay,,622,K56,470.0
2024,ppr,Isaiah McKenzie,,578,WR185,470.5
2024,ppr,Bryce Perkins,,623,QB88,471.0
2024,ppr,Jase McClellan,,624,RB151,471.0
2024,ppr,Jeremy Ruckert,NYJ,587,TE91,473.0
2024,ppr,Kameron Johnson,TB,626,WR201,473.0
2024,ppr,Xavier Weaver,ARI,470,WR150,474.5
2024,ppr,Tyrod Taylor,GB,628,QB89,475.0
2024,ppr,Jamari Thrash,CLE,532,WR168,476.5
2024,ppr,Brandon Bolden,,631,RB153,477.0
2024,ppr,Ashton Dulin,IND,632,WR203,477.0
2024,ppr,Damien Harris,,633,RB154,478.0
2024,ppr,Devin Culp,TB,634,TE99,478.0
2024,ppr,DeVante Parker,,635,WR204,479.0
2024,ppr,Marcus Mariota,WAS,636,QB90,480.0
2024,ppr,C.J. Uzomah,,638,TE100,481.0
2024,ppr,Sterling Shepard,,639,WR205,482.0
2024,ppr,Princeton Fant,DAL,552,TE81,484.0
2024,ppr,Eno Benjamin,,642,RB156,484.0
2024,ppr,Jaheim Bell,PIT,618,TE96,484.5
2024,ppr,Travis Homer,PIT,498,RB115,485.5
2024,ppr,Drew Sample,CIN,496,TE74,486.0
2024,ppr,P.J. Walker,,644,QB92,487.0
2024,ppr,Matt Breida,,646,RB157,488.0
2024,ppr,Tyreik McAllister,,581,RB139,490.0
2024,ppr,Rashard Higgins,,648,WR207,490.0
2024,ppr,Royce Freeman,,649,RB158,491.0
2024,ppr,Brenton Strange,JAC,574,TE87,491.5
2024,ppr,Cedrick Wilson Jr.,DET,652,WR209,494.0
2024,ppr,River Cracraft,,541,WR172,494.5
2024,ppr,Joe Reed,,654,WR211,495.0
2024,ppr,Will Dissly,,655,TE104,496.0
2024,ppr,Lucas Krull,DEN,599,TE93,496.5
2024,ppr,Boston Scott,,656,RB159,497.0
2024,ppr,Trent Sherfield Sr.,BUF,658,WR212,498.0
2024,ppr,Matt Ammendola,,659,K58,498.0
2024,ppr,Foster Moreau,HOU,660,TE105,499.0
2024,ppr,Michael Thomas,,662,WR213,500.0
2024,ppr,Trayveon Williams,,663,RB161,500.0
2024,ppr,John Bates,WAS,640,TE101,500.5
2024,ppr,Andrew Beck,NYJ,664,TE106,501.0
2024,ppr,Irv Smith Jr.,,665,TE107,502.0
2024,ppr,Olamide Zaccheaus,ATL,666,WR214,503.0
2024,ppr,Devin Duvernay,ARI,667,WR215,505.0
2024,ppr,Skylar Thompson,BAL,442,QB58,505.5
2024,ppr,Harrison Bryant,SEA,668,TE108,506.0
2024,ppr,Zach Pascal,,571,WR182,506.5
2024,ppr,Salvon Ahmed,CHI,669,RB162,508.0
2024,ppr,Scotty Miller,CHI,534,WR169,509.5
2024,ppr,Nick Westbrook-Ikhine,IND,670,WR216,510.0
2024,ppr,Jaren Hall,,390,QB51,510.5
2024,ppr,Eric Saubert,SEA,584,TE89,510.5
2024,ppr,Tim Jones,JAC,671,WR217,511.0
2024,ppr,Kenny Yeboah,ARI,672,TE109,512.0
2024,ppr,Tommy Tremble,CAR,673,TE110,514.0
2024,ppr,Albert Okwuegbunam Jr.,LV,521,TE78,514.5
2024,ppr,Trent Taylor,,594,WR191,515.0
2024,ppr,Nathan Peterman,,597,QB87,515.5
2024,ppr,Tre' McKitty,,674,TE111,517.0
2024,ppr,Dee Eskridge,,675,WR218,518.0
2024,ppr,Nathan Rourke,,415,QB55,519.5
2024,ppr,Jacob Cowing,SF,676,WR219,520.0
2024,ppr,Derius Davis,LAC,407,WR129,520.5
2024,ppr,Ben DiNucci,,536,QB79,520.5
2024,ppr,Malik Willis,MIA,484,QB70,521.0
2024,ppr,Jack Stoll,CLE,677,TE112,521.0
2024,ppr,Michael Pratt,,380,QB48,522.0
2024,ppr,John FitzPatrick,,678,TE113,522.0
2024,ppr,Armani Rogers,,467,TE68,522.5
2024,ppr,James Mitchell,CAR,679,TE114,524.0
2024,ppr,Tyler Goodson,ATL,680,RB163,525.0
2024,ppr,Davis Mills,HOU,516,QB74,528.5
2024,ppr,Pierre Strong Jr.,GB,681,RB164,529.0
2024,ppr,Ian Thomas,LV,619,TE97,529.5
2024,ppr,Chris Moore,,650,WR208,531.5
2024,ppr,Jake Tonges,SF,503,TE75,532.0
2024,ppr,James Robinson,,554,RB133,532.0
2024,ppr,Dareke Young,LV,682,WR220,533.0
2024,ppr,SaRodorick Thompson Jr.,,416,RB99,533.5
2024,ppr,Parker Hesse,,579,TE88,534.0
2024,ppr,Hunter Long,JAC,527,TE79,534.5
2024,ppr,Dante Miller,NYG,401,RB95,536.0
2024,ppr,Harrison Mevis,LAR,683,K59,536.0
2024,ppr,Brandon Johnson,LV,684,WR221,537.0
2024,ppr,Deonte Harty,,591,WR188,537.5
2024,ppr,Parker Romo,,685,K60,540.0
2024,ppr,Mason Rudolph,PIT,651,QB93,541.5
2024,ppr,Dorian Thompson-Robinson,,686,QB95,544.0
2024,ppr,Austin Seibert,,630,K57,545.0
2024,ppr,Josh Whyle,GB,687,TE115,546.0
2024,ppr,Stetson Bennett IV,LAR,480,QB68,546.5
2024,ppr,Gunner Olszewski,NYG,612,WR196,548.0
2024,ppr,Cameron Latu,PHI,688,TE116,549.0
2024,ppr,Eric Tomlinson,,437,TE65,550.0
2024,ppr,Payne Durham,TB,689,TE117,550.0
2024,ppr,Sean Clifford,CIN,488,QB71,550.5
2024,ppr,Spencer Shrader,IND,690,K61,552.0
2024,ppr,Duece Watts,,691,WR222,553.0
2024,ppr,Hassan Hall,,692,RB165,554.0
2024,ppr,Jordan Travis,,523,QB77,556.0
2024,ppr,Jack Podlesny,,693,K62,556.0
2024,ppr,Jack Colletto,,694,RB166,557.0
2024,ppr,Charlie Woerner,ATL,609,TE94,560.5
2024,ppr,Allen Robinson,II,695,WR223,562.0
2024,ppr,Blake Watson,,540,RB129,562.5
2024,ppr,Martavis Bryant,,696,WR224,563.0
2024,ppr,Logan Thomas,,697,TE118,564.0
2024,ppr,Jacob Saylors,DET,387,RB90,564.5
2024,ppr,Tucker Fisk,,519,TE77,565.0
2024,ppr,Sam Hartman,WAS,698,QB96,565.0
2024,ppr,Jamison Crowder,,699,WR225,567.0
2024,ppr,Phillip Dorsett II,LV,700,WR226,568.0
2024,ppr,Laviska Shenault Jr.,,647,WR206,569.0
2024,ppr,Chris Manhertz,NYG,701,TE119,569.0
2024,ppr,Michael Burton,CLE,702,RB167,570.0
2024,ppr,Cole Fotheringham,,418,TE60,570.5
2024,ppr,Taylor Heinicke,,703,QB97,571.0
2024,ppr,Reggie Gilliam,NE,637,RB155,571.5
2024,ppr,British Brooks,HOU,548,RB131,573.0
2024,ppr,Jeff Driskel,WAS,704,QB98,573.0
2024,ppr,Robbie Chosen,,705,WR227,574.0
2024,ppr,Jacob Harris,,625,TE98,575.0
2024,ppr,C.J. Beathard,,706,QB99,575.0
2024,ppr,John Ross,,707,WR228,576.0
2024,ppr,Joshua Kelley,,657,RB160,576.5
2024,ppr,Rodney Williams,,545,TE80,577.0
2024,ppr,Byron Pringle,,490,WR157,580.0
2024,ppr,Tarik Cohen,,708,RB168,580.0
2024,ppr,Kayshon Boutte,NE,538,WR171,580.5
2024,ppr,Xavier Hutchinson,HOU,544,WR173,580.5
2024,ppr,Luke Farrell,SF,643,TE102,580.5
2024,ppr,Max Duggan,,440,QB57,581.0
2024,ppr,Anthony Firkser,WAS,709,TE120,582.0
2024,ppr,Nick Mullens,JAC,710,QB100,583.0
2024,ppr,Devin Leary,,395,QB52,583.5
2024,ppr,Robert Tonyan,PIT,711,TE121,584.0
2024,ppr,Daurice Fountain,,712,WR229,586.0
2024,ppr,Nyheim Miller-Hines,,713,RB169,588.0
2024,ppr,Godwin Igwebuike,,714,RB170,589.0
2024,ppr,Charlie Kolar,LAC,645,TE103,591.0
2024,ppr,James Washington,,715,WR230,592.0
2024,ppr,David Wells,,716,TE122,593.0
2024,ppr,Mike White,,717,QB101,594.0
2024,ppr,Dante Pettis,NO,515,WR164,594.5
2024,ppr,Logan Woodside,,718,QB102,595.0
2024,ppr,Desmond Ridder,,661,QB94,596.0
2024,ppr,Russell Gage Jr.,,719,WR231,596.0
2024,ppr,Chris Oladokun,KC,641,QB91,597.0
2024,ppr,Mike Boone,,720,RB171,597.0
2024,ppr,KhaDarel Hodge,,721,WR232,598.0
2024,ppr,Brady Russell,SEA,566,TE85,599.0
2024,ppr,John Wolford,,722,QB103,599.0
2024,ppr,Tanner McKee,PHI,577,QB85,599.5
2024,ppr,Myles Gaskin,,723,RB172,600.0
2024,ppr,Jarveon Howard,,724,RB173,601.0
2024,ppr,Hunter Luepke,DAL,568,RB137,602.0
2024,ppr,Riley Sharp,,725,TE123,602.0
2024,ppr,Zack Kuntz,,588,TE92,603.0
2024,ppr,Chris Collier,LV,726,RB174,604.0
2024,ppr,Tyree Jackson,,727,TE124,605.0
2024,ppr,Chris Blair,ATL,506,WR162,605.5
2024,ppr,TaMerik Williams,,728,RB175,606.0
2024,ppr,Zach Gentry,,729,TE125,608.0
2024,ppr,Dylan Drummond,ATL,468,WR149,608.5
2024,ppr,Antoine Green,,616,WR199,609.0
2024,ppr,N'Keal Harry,,730,WR233,609.0
2024,ppr,Jason Bean,,731,QB104,611.0
2024,ppr,Brett Rypien,,732,QB105,612.0
2024,ppr,Austin Reed,,733,QB106,615.0
2024,ppr,Easton Stick,IND,734,QB107,616.0
2024,ppr,Dee Williams,,735,WR234,617.0
2024,ppr,Nathaniel Peat,,736,RB176,620.0
2024,ppr,John Stephens Jr.,,614,WR197,620.5
2024,ppr,Tyron Billy-Johnson,,737,WR235,621.0
2024,ppr,Alex Hale,,738,K63,622.0
2024,ppr,Ellis Merriweather,,602,RB144,623.0
2024,ppr,Davion Davis,,739,WR236,623.0
2024,ppr,Elijah Collins,,740,RB177,624.0
2024,ppr,Stephen Carlson,CHI,741,TE126,625.0
2024,ppr,Casey Bauman,,742,QB108,626.0
2024,ppr,John Rhys Plumlee,,743,QB109,629.0
2024,ppr,D'Ernest Johnson,,744,RB178,630.0
2024,ppr,Devaughn Vele,NO,621,WR200,631.0
2024,ppr,Derrick Gore,,745,RB179,632.0
2024,ppr,Tyler Huntley,BAL,746,QB110,633.0
2024,ppr,Jake Fromm,,747,QB111,634.0
2024,ppr,Isaiah Hodgins,NYG,748,WR237,635.0
2024,ppr,DeAndre Carter,,627,WR202,636.5
2024,ppr,Jacques Patrick,,749,RB180,637.0
2024,ppr,Jude McAtamney,,750,K64,638.0
2024,ppr,Mitchell Wilcox,,751,TE127,639.0
2024,ppr,Sean McKeon,IND,752,TE128,641.0
2024,ppr,Tyrie Cleveland,,753,WR238,642.0
2024,ppr,Josiah Deguara,,754,TE129,644.0
2024,ppr,Darrynton Evans,,755,RB181,645.0
2024,ppr,Tip Reiman,ARI,756,TE130,646.0
2024,ppr,Collin Johnson,,757,WR239,648.0
2024,ppr,Easop Winston Jr.,,758,WR240,651.0
2024,ppr,Ben Sims,MIA,564,TE84,651.5
2024,ppr,Denzel Mims,DAL,759,WR241,652.0
2024,ppr,La'Mical Perine,,760,RB182,653.0
2024,ppr,Jonathan Ward,,761,RB183,654.0
2024,ppr,JaMycal Hasty,,762,RB184,657.0
2024,ppr,Tyler Mabry,,763,TE131,659.0
2024,ppr,Freddie Swain,,764,WR242,660.0
2024,ppr,Ke'Shawn Vaughn,,765,RB185,661.0
2024,ppr,Marquez Callaway,,766,WR243,662.0
2024,ppr,Kristian Wilkerson,,767,WR244,664.0
2024,ppr,Lawrence Cager,WAS,768,WR245,665.0
2024,ppr,Spencer Brown,,769,RB186,666.0
2024,ppr,Deon Jackson,,770,RB187,667.0
2024,ppr,Jha'Quan Jackson,HOU,575,WR183,667.5
2024,ppr,DJ Turner,,771,WR246,668.0
2024,ppr,Mathew Sexton,,772,WR247,669.0
2024,ppr,Sammis Reyes,,773,TE132,670.0
2024,ppr,Avery Williams,,774,RB188,671.0
2024,ppr,Terrace Marshall Jr.,MIA,775,WR248,672.0
2024,ppr,Simi Fehoko,ARI,776,WR249,673.0
2024,ppr,Terrell Bynum,,600,WR193,674.0
2024,ppr,Xazavian Valladay,,629,RB152,674.5
2024,ppr,Sam Ehlinger,DEN,777,QB112,675.0
2024,ppr,Cornell Powell,,778,WR250,677.0
2024,ppr,Bryce Ford-Wheaton,,653,WR210,679.0
2024,ppr,Ben Skowronek,PIT,779,WR251,679.0
2024,ppr,Zach Davidson,,780,TE133,681.0
2024,ppr,Ihmir Smith-Marsette,ARI,781,WR252,682.0
2024,ppr,Kawaan Baker,,782,WR253,683.0
2024,ppr,Ian Book,,783,QB113,684.0
2024,ppr,Kyle Trask,,784,QB114,685.0
2024,ppr,Quintin Morris,JAC,785,TE134,686.0
2024,ppr,Adam Prentice,DEN,786,RB189,687.0
2024,ppr,Austin Watkins Jr.,,787,WR254,688.0
2024,ppr,Jaret Patterson,LAC,788,RB190,689.0
2024,ppr,Michael Bandy,DEN,789,WR255,690.0
2024,ppr,Dayton Wade,BAL,790,WR256,691.0
2024,ppr,Mike Rigerman,,791,TE135,692.0
2024,ppr,Tyler Badie,DEN,792,RB191,694.0
2024,ppr,Michael Woods,II,793,WR257,697.0
2024,ppr,Montrell Washington,,794,WR258,698.0
2024,ppr,Samori Toure,PHI,795,WR259,699.0
2024,ppr,Hassan Haskins,LAC,796,RB192,700.0
2024,ppr,Emani Bailey,,797,RB193,702.0
2024,ppr,Snoop Conner,,798,RB194,703.0
2024,ppr,Kobe Lewis,,799,RB195,704.0
2024,ppr,Isaiah Wooden,,800,WR260,705.0
2024,ppr,Brittain Brown,CHI,801,RB196,706.0
2024,ppr,Erik Ezukanma,PHI,802,WR261,707.0
2024,ppr,Tyquan Thornton,KC,803,WR262,709.0
2024,ppr,Baylor Cupp,,804,TE136,710.0
2024,ppr,Ahmarean Brown,,805,WR263,712.0
2024,ppr,Isaiah Spiller,,806,RB197,713.0
2024,ppr,Tyrion Davis-Price,,807,RB198,714.0
2024,ppr,Danny Gray,PHI,808,WR264,715.0
2024,ppr,Jack Plummer,,809,QB115,718.0
2024,ppr,Ricky Person Jr.,,810,RB199,719.0
2024,ppr,Thomas Yassmin,,811,TE137,720.0
2024,ppr,Kyric McGowan,,812,WR265,721.0
2024,ppr,Phillip Brooks,,813,WR266,723.0
2024,ppr,George Holani,SEA,814,RB200,724.0
2024,ppr,Aaron Shampklin,,815,RB201,726.0
2024,ppr,David Martin-Robinson,TEN,816,TE138,727.0
2024,ppr,Jacob Warren,,817,TE139,728.0
2024,ppr,Julius Chestnut,TEN,818,RB202,729.0
2024,ppr,Thomas Odukoya,,819,TE140,730.0
2024,ppr,Terique Owens,,820,WR267,731.0
2024,ppr,Johnny Johnson,III,821,WR268,732.0
2024,ppr,Trey Knox,,822,TE141,733.0
2024,ppr,Austin Jones,,823,RB203,734.0
2024,ppr,Carter Bradley,JAC,824,QB116,735.0
2024,ppr,Sincere McCormick,SF,825,RB204,737.0
2024,ppr,Tanner Conner,NYG,826,TE142,738.0
2024,ppr,Braylon Sanders,,827,WR269,739.0
2024,ppr,Jashaun Corbin,,828,RB205,740.0
2024,ppr,Kedon Slovis,ARI,829,QB117,741.0
2024,ppr,Chris Pierce Jr.,,830,TE143,742.0
2024,ppr,Tay Martin,DET,831,WR270,743.0
2024,ppr,Deven Thompkins,,832,WR271,744.0
2024,ppr,Daylen Baldwin,,833,WR272,747.0
2024,ppr,Maurice Alexander,CHI,834,WR273,748.0
2024,ppr,Josh Ali,,835,WR274,749.0
2024,ppr,Justin Shorter,LV,836,WR275,750.0
2024,ppr,Lew Nichols III,PIT,837,RB206,753.0
2024,ppr,Xavier Smith,LAR,838,WR276,757.0
2024,ppr,Clayton Tune,,839,QB118,762.0
2024,ppr,Brayden Willis,SF,840,TE144,764.0
2024,ppr,Travis Vokolek,,841,TE145,765.0
2024,ppr,Thyrick Pitts,,842,WR277,766.0
2024,ppr,Isaiah Davis,NYJ,843,RB207,767.0
2024,ppr,Jason Brownlee,KC,844,WR278,768.0
2024,ppr,Nikko Remigio,KC,845,WR279,770.0
2024,ppr,Carlos Washington Jr.,MIA,846,RB208,771.0
2024,ppr,Jordan Mims,,847,RB209,772.0
2024,ppr,Shedrick Jackson,LV,848,WR280,773.0
2024,ppr,Nate Adkins,DEN,849,TE146,776.0
2024,ppr,Adrian Martinez,SF,850,QB119,777.0
2024,ppr,Jared Wayne,HOU,851,WR281,778.0
2024,ppr,Elijah Cooks,,852,WR282,779.0
2024,ppr,Isaiah Winstead,,853,WR283,782.0
2024,ppr,Tre'Shaun Harrison,,854,WR284,783.0
2024,ppr,Elijah Dotson,,855,RB210,784.0
2024,ppr,Rakim Jarrett,,856,WR285,785.0
2024,ppr,Kazmeir Allen,,857,WR286,786.0
2024,ppr,Jordan Murray,,858,TE147,788.0
2024,ppr,Joel Wilson,TEN,859,TE148,789.0
2024,ppr,Casey Washington,,860,WR287,790.0
2024,ppr,Erick All Jr.,CIN,861,TE149,791.0
2024,ppr,Tanner McLachlan,,862,TE150,792.0
2024,ppr,Jawhar Jordan,HOU,863,RB211,795.0
2024,ppr,Keilan Robinson,,864,RB212,796.0
2024,ppr,Jordan Matthews,,865,TE151,798.0
2024,ppr,Laquon Treadwell,IND,866,WR288,801.0
2024,ppr,Nick Vannett,LAR,867,TE152,802.0
2024,ppr,Nate Sudfeld,,868,QB120,803.0
2024,ppr,Dwayne Washington,,869,RB213,804.0
2024,ppr,Jeremy McNichols,WAS,870,RB214,805.0
2024,ppr,John Kelly Jr.,,871,RB215,806.0
2024,ppr,Anthony Miller,,872,WR289,807.0
2024,ppr,Jordan Thomas,,873,TE153,811.0
2024,ppr,Nick Bawden,,874,RB216,812.0
2024,ppr,Deontay Burnett,,875,WR290,813.0
2024,ppr,Deon Cain,,876,WR291,814.0
2024,ppr,Ross Dwelley,,877,TE154,815.0
2024,ppr,Cam Sims,,878,WR292,816.0
2024,ppr,Luis Perez,,879,QB121,817.0
2024,ppr,Alex McGough,,880,QB122,818.0
2024,ppr,Tim Boyle,,881,QB123,819.0
2024,ppr,Keith Kirkwood,,882,WR293,820.0
2024,ppr,Kevin Rader,,883,TE155,821.0
2024,ppr,Devon Garrison,,884,TE156,822.0
2024,ppr,Patrick Laird,,885,RB217,823.0
2024,ppr,Alex Bachman,LV,886,WR294,824.0
2024,ppr,Tom Kennedy,DET,887,WR295,825.0
2024,ppr,Marcus Simms,,888,WR296,826.0
2024,ppr,James Proche,II,889,WR297,827.0
2024,ppr,Jake Luton,,890,QB124,828.0
2024,ppr,Andre Baccellia,,891,WR298,829.0
2024,ppr,Cody White,SEA,892,WR299,830.0
2024,ppr,Dan Chisena,CAR,893,WR300,831.0
2024,ppr,Tony Jones Jr.,,894,RB218,833.0
2024,ppr,Austin Mack,,895,WR301,834.0
2024,ppr,Jalen Reagor,MIA,896,WR302,835.0
2024,ppr,Noah Togiai,,897,TE157,836.0
2024,ppr,Tommy Hudson,,898,TE158,837.0
2024,ppr,Mason Kinsey,TEN,899,WR303,838.0
2024,ppr,Tarik Black,DET,900,WR304,840.0
2024,ppr,Michael Strachan,,901,WR305,841.0
2024,ppr,Ben Mason,,902,RB219,842.0
2024,ppr,Shi Smith,,903,WR306,843.0
2024,ppr,Demetric Felton Jr.,,904,RB220,844.0
2024,ppr,Seth Williams,LV,905,WR307,846.0
2024,ppr,Racey McMath,,906,WR308,847.0
2024,ppr,Jalen Camp,,907,WR309,848.0
2024,ppr,Gerrid Doaks,,908,RB221,849.0
2024,ppr,Kellen Mond,,909,QB125,850.0
2024,ppr,Gary Brightwell,CIN,910,RB222,851.0
2024,ppr,Hunter Kampmoyer,,911,TE159,852.0
2024,ppr,Jaelon Darden,,912,WR310,853.0
2024,ppr,Stone Smartt,PHI,913,TE160,855.0
2024,ppr,Grant DuBose,,914,WR311,856.0
2024,ppr,Colton Dowell,SF,915,WR312,857.0
2024,ppr,Evan Hull,HOU,916,RB223,858.0
2024,ppr,Dresser Winn,,917,QB126,859.0
2024,ppr,Jake Haener,,918,QB127,860.0
2024,ppr,Sean Ryan,,919,WR313,862.0
2024,ppr,Zavier Scott,MIN,920,RB224,863.0
2024,ppr,T.J. Luther,,921,WR314,865.0
2024,ppr,Joseph Ngata,,922,WR315,866.0
2024,ppr,Ty Scott,,923,WR316,867.0
2024,ppr,Jalen Wayne,,924,WR317,868.0
2024,ppr,Jalen Moreno-Cropper,NO,925,WR318,870.0
2024,ppr,David Durden,,926,WR319,871.0
2024,ppr,Mohamed Ibrahim,,927,RB225,873.0
2024,ppr,Jaray Jenkins,,928,WR320,875.0
2024,ppr,Daniel Arias,,929,WR321,876.0
2024,ppr,Blake Whiteheart,CLE,930,TE161,877.0
2024,ppr,Daewood Davis,,931,WR322,878.0
2024,ppr,Thayer Thomas,,932,WR323,880.0
2024,ppr,Malik Knowles,,933,WR324,881.0
2024,ppr,Cephus Johnson,III,934,WR325,882.0
2024,ppr,Shaquan Davis,,935,WR326,883.0
2024,ppr,Matt Landers,,936,WR327,884.0
2024,ppr,Griffin Hebert,,937,TE162,885.0
2024,ppr,Tyrell Shavers,BUF,938,WR328,886.0
2024,ppr,Bryan Thompson,,939,WR329,887.0
2024,ppr,Kearis Jackson,,940,WR330,889.0
2024,ppr,Jacob Copeland,,941,WR331,890.0
2024,ppr,Izaiah Gathings,,942,TE163,891.0
2024,ppr,Tanner Taula,,943,TE164,893.0
2024,ppr,Ryan Miller,NYG,944,WR332,894.0
2024,ppr,Mitch Tinsley,CIN,945,WR333,895.0
2024,ppr,La'Michael Pettway,,946,TE165,896.0
2024,ppr,Anthony Gould,IND,947,WR334,899.0
2024,ppr,Patrick Murtagh,,948,TE166,900.0
2024,standard,Christian McCaffrey,SF,1,RB1,1.0
2024,standard,Tyreek Hill,,2,WR1,2.5
2024,standard,CeeDee Lamb,DAL,3,WR2,2.5
2024,standard,Justin Jefferson,MIN,4,WR3,5.5
2024,standard,Bijan Robinson,ATL,5,RB2,5.5
2024,standard,Breece Hall,NYJ,6,RB3,6.0
2024,standard,Ja'Marr Chase,CIN,7,WR4,6.5
2024,standard,Amon-Ra St. Brown,DET,8,WR5,6.5
2024,standard,A.J. Brown,NE,9,WR6,10.0
2024,standard,Saquon Barkley,PHI,10,RB4,10.5
2024,standard,Jonathan Taylor,IND,11,RB5,10.5
2024,standard,Jahmyr Gibbs,DET,12,RB6,11.5
2024,standard,Garrett Wilson,NYJ,13,WR7,12.5
2024,standard,Puka Nacua,LAR,14,WR8,14.5
2024,standard,Marvin Harrison Jr.,ARI,15,WR9,15.0
2024,standard,Travis Etienne Jr.,NO,16,RB7,15.5
2024,standard,Kyren Williams,LAR,17,RB8,18.0
2024,standard,Derrick Henry,BAL,18,RB9,19.0
2024,standard,Josh Jacobs,GB,19,RB10,20.5
2024,standard,De'Von Achane,MIA,20,RB11,20.5
2024,standard,Drake London,ATL,21,WR10,21.0
2024,standard,Davante Adams,LAR,22,WR11,21.5
2024,standard,Josh Allen,BUF,23,QB1,22.0
2024,standard,Isiah Pacheco,DET,24,RB12,24.5
2024,standard,Chris Olave,NO,25,WR12,25.5
2024,standard,Deebo Samuel Sr.,,26,WR13,26.5
2024,standard,Nico Collins,HOU,27,WR14,29.0
2024,standard,Travis Kelce,KC,28,TE1,30.5
2024,standard,Jalen Hurts,PHI,29,QB2,30.5
2024,standard,Sam LaPorta,DET,30,TE2,31.0
2024,standard,Patrick Mahomes II,KC,31,QB3,33.0
2024,standard,James Cook III,BUF,32,RB13,33.5
2024,standard,Rachaad White,WAS,33,RB14,34.0
2024,standard,Brandon Aiyuk,SF,34,WR15,34.5
2024,standard,Michael Pittman Jr.,PIT,35,WR16,36.0
2024,standard,Cooper Kupp,SEA,36,WR17,36.0
2024,standard,Mike Evans,SF,37,WR18,37.5
2024,standard,Lamar Jackson,BAL,38,QB4,38.0
2024,standard,Jaylen Waddle,DEN,39,WR19,38.5
2024,standard,DJ Moore,BUF,40,WR20,38.5
2024,standard,Stefon Diggs,,41,WR21,39.0
2024,standard,DK Metcalf,PIT,42,WR22,39.5
2024,standard,Kenneth Walker III,KC,43,RB15,40.0
2024,standard,Joe Mixon,,44,RB16,42.0
2024,standard,Alvin Kamara,NO,45,RB17,43.5
2024,standard,Malik Nabers,NYG,46,WR23,44.5
2024,standard,DeVonta Smith,PHI,47,WR24,46.0
2024,standard,Trey McBride,ARI,48,TE3,48.5
2024,standard,Dalton Kincaid,BUF,49,TE4,49.5
2024,standard,Mark Andrews,BAL,50,TE5,49.5
2024,standard,C.J. Stroud,HOU,51,QB5,50.5
2024,standard,Anthony Richardson Sr.,IND,52,QB6,53.0
2024,standard,Aaron Jones Sr.,MIN,53,RB18,56.0
2024,standard,Amari Cooper,,54,WR25,57.0
2024,standard,D'Andre Swift,CHI,55,RB19,57.5
2024,standard,James Conner,ARI,56,RB20,58.0
2024,standard,George Pickens,DAL,57,WR26,59.0
2024,standard,Rhamondre Stevenson,NE,58,RB21,60.0
2024,standard,Tee Higgins,CIN,59,WR27,60.5
2024,standard,Zay Flowers,BAL,60,WR28,62.0
2024,standard,Tank Dell,HOU,61,WR29,64.5
2024,standard,George Kittle,SF,62,TE6,64.5
2024,standard,Terry McLaurin,WAS,63,WR30,64.5
2024,standard,Kyle Pitts Sr.,ATL,64,TE7,65.0
2024,standard,David Montgomery,HOU,65,RB22,65.0
2024,standard,Kyler Murray,MIN,66,QB7,66.0
2024,standard,Rashee Rice,KC,67,WR31,66.5
2024,standard,Zamir White,LV,68,RB23,66.5
2024,standard,Najee Harris,LAC,69,RB24,67.0
2024,standard,Christian Kirk,SF,70,WR32,67.5
2024,standard,Joe Burrow,CIN,71,QB8,68.0
2024,standard,Evan Engram,DEN,72,TE8,70.5
2024,standard,Keenan Allen,LAC,73,WR33,73.0
2024,standard,Jordan Love,GB,74,QB9,74.0
2024,standard,Chris Godwin Jr.,TB,75,WR34,76.0
2024,standard,Raheem Mostert,LV,76,RB25,76.5
2024,standard,Javonte Williams,DAL,77,RB26,77.0
2024,standard,Dak Prescott,DAL,78,QB10,77.0
2024,standard,Tony Pollard,TEN,79,RB27,79.0
2024,standard,Calvin Ridley,TEN,80,WR35,79.5
2024,standard,Jayden Reed,GB,81,WR36,82.0
2024,standard,Xavier Worthy,KC,82,WR37,83.5
2024,standard,Jake Ferguson,DAL,83,TE9,85.5
2024,standard,Devin Singletary,NYG,84,RB28,86.0
2024,standard,Zack Moss,,85,RB29,87.0
2024,standard,Diontae Johnson,,86,WR38,88.0
2024,standard,Jaylen Warren,PIT,87,RB30,88.5
2024,standard,David Njoku,LAC,88,TE10,90.5
2024,standard,Rome Odunze,CHI,89,WR39,91.0
2024,standard,Brock Bowers,LV,90,TE11,91.5
2024,standard,Brian Robinson Jr.,ATL,91,RB31,93.0
2024,standard,Jonathon Brooks,CAR,92,RB32,93.0
2024,standard,Austin Ekeler,,93,RB33,93.5
2024,standard,Nick Chubb,,94,RB34,94.0
2024,standard,Jaxon Smith-Njigba,SEA,95,WR40,97.5
2024,standard,Caleb Williams,CHI,96,QB11,98.0
2024,standard,Brock Purdy,SF,97,QB12,99.0
2024,standard,Christian Watson,GB,98,WR41,99.0
2024,standard,Ladd McConkey,LAC,99,WR42,99.5
2024,standard,DeAndre Hopkins,BAL,100,WR43,100.0
2024,standard,Jordan Addison,MIN,101,WR44,100.5
2024,standard,Jayden Daniels,WAS,102,QB13,100.5
2024,standard,Jerome Ford,WAS,103,RB35,101.5
2024,standard,Tyjae Spears,TEN,104,RB36,101.5
2024,standard,Chase Brown,CIN,105,RB37,102.5
2024,standard,Hollywood Brown,PHI,106,WR45,105.5
2024,standard,Tua Tagovailoa,ATL,107,QB14,106.0
2024,standard,Keon Coleman,BUF,108,WR46,106.5
2024,standard,Jameson Williams,DET,109,WR47,107.0
2024,standard,Courtland Sutton,DEN,110,WR48,109.0
2024,standard,Jared Goff,DET,111,QB15,109.0
2024,standard,Brian Thomas Jr.,JAC,112,WR49,109.0
2024,standard,Ezekiel Elliott,,113,RB38,109.5
2024,standard,Gus Edwards,,114,RB39,110.0
2024,standard,Trey Benson,ARI,115,RB40,110.5
2024,standard,Blake Corum,LAR,116,RB41,111.0
2024,standard,Dallas Goedert,PHI,117,TE12,115.0
2024,standard,Chuba Hubbard,CAR,118,RB42,119.0
2024,standard,Romeo Doubs,NE,119,WR50,121.0
2024,standard,J.K. Dobbins,DEN,120,RB43,122.5
2024,standard,Curtis Samuel,,121,WR51,123.5
2024,standard,Trevor Lawrence,JAC,122,QB16,123.5
2024,standard,Khalil Shakir,BUF,123,WR52,124.0
2024,standard,T.J. Hockenson,MIN,124,TE13,125.0
2024,standard,Justin Herbert,LAC,125,QB17,126.0
2024,standard,Dalton Schultz,HOU,126,TE14,127.5
2024,standard,Zach Charbonnet,SEA,127,RB44,128.0
2024,standard,Rico Dowdle,PIT,128,RB45,128.5
2024,standard,Pat Freiermuth,PIT,129,TE15,129.0
2024,standard,Joshua Palmer,BUF,130,WR53,131.0
2024,standard,Brandon Aubrey,DAL,131,K1,133.5
2024,standard,Cole Kmet,CHI,132,TE16,134.5
2024,standard,Ty Chandler,NO,133,RB46,135.5
2024,standard,Tyler Lockett,LV,134,WR54,137.0
2024,standard,Kirk Cousins,LV,135,QB18,137.5
2024,standard,Justin Tucker,,136,K2,137.5
2024,standard,Jakobi Meyers,JAC,137,WR55,137.5
2024,standard,Jerry Jeudy,CLE,138,WR56,138.5
2024,standard,Aaron Rodgers,PIT,139,QB19,139.0
2024,standard,Jaylen Wright,MIA,140,RB47,140.0
2024,standard,Tyler Allgeier,ARI,141,RB48,144.0
2024,standard,Mike Williams,,142,WR57,144.0
2024,standard,Harrison Butker,KC,143,K3,145.0
2024,standard,Jaleel McLaughlin,DEN,144,RB49,147.0
2024,standard,Adonai Mitchell,NYJ,145,WR58,147.5
2024,standard,Matthew Stafford,LAR,146,QB20,150.0
2024,standard,Gabe Davis,,147,WR59,151.5
2024,standard,Taysom Hill,,148,TE17,154.0
2024,standard,MarShawn Lloyd,GB,149,RB50,155.0
2024,standard,Antonio Gibson,,150,RB51,155.5
2024,standard,Rashid Shaheed,SEA,151,WR60,156.5
2024,standard,Brandin Cooks,,152,WR61,157.5
2024,standard,Dontayvion Wicks,PHI,153,WR62,158.0
2024,standard,New York Jets,DST,154,DST1,158.0
2024,standard,San Francisco 49ers,DST,155,DST2,158.5
2024,standard,Luke Musgrave,GB,156,TE18,161.0
2024,standard,Ray Davis,BUF,157,RB52,163.0
2024,standard,Baker Mayfield,TB,158,QB21,163.0
2024,standard,Ka'imi Fairbairn,HOU,159,K4,163.5
2024,standard,Adam Thielen,,160,WR63,164.0
2024,standard,Xavier Legette,CAR,161,WR64,164.5
2024,standard,Kimani Vidal,LAC,162,RB53,167.0
2024,standard,Dallas Cowboys,DST,163,DST3,168.0
2024,standard,Bucky Irving,TB,164,RB54,169.0
2024,standard,Baltimore Ravens,DST,165,DST4,169.0
2024,standard,Jake Elliott,PHI,166,K5,169.0
2024,standard,Ja'Lynn Polk,NO,167,WR65,169.0
2024,standard,Braelon Allen,NYJ,168,RB55,170.0
2024,standard,Darnell Mooney,NYG,169,WR66,171.0
2024,standard,Younghoe Koo,,170,K6,171.5
2024,standard,Deshaun Watson,CLE,171,QB22,171.5
2024,standard,Jake Moody,WAS,172,K7,175.0
2024,standard,Michael Wilson,ARI,173,WR67,175.5
2024,standard,Josh Downs,IND,174,WR68,177.0
2024,standard,Will Levis,TEN,175,QB23,179.0
2024,standard,Tyrone Tracy Jr.,NYG,176,RB56,179.0
2024,standard,Khalil Herbert,,177,RB57,179.5
2024,standard,Evan McPherson,CIN,178,K8,181.0
2024,standard,Geno Smith,NYJ,179,QB24,182.0
2024,standard,Isaiah Likely,NYG,180,TE19,186.5
2024,standard,Tyler Conklin,DET,181,TE20,187.0
2024,standard,Cleveland Browns,DST,182,DST5,188.0
2024,standard,Hunter Henry,NE,183,TE21,188.0
2024,standard,Cameron Dicker,LAC,184,K9,189.5
2024,standard,Dyami Brown,WAS,243,WR82,190.0
2024,standard,Jason Sanders,NYJ,185,K10,190.5
2024,standard,Pittsburgh Steelers,DST,186,DST6,191.5
2024,standard,Quentin Johnston,LAC,187,WR69,192.0
2024,standard,Jordan Mason,MIN,188,RB58,193.0
2024,standard,Jahan Dotson,ATL,189,WR70,195.5
2024,standard,Tyler Bass,BUF,190,K11,196.0
2024,standard,Jacoby Brissett,ARI,244,QB34,196.0
2024,standard,DeMario Douglas,NE,191,WR71,196.5
2024,standard,Bo Nix,DEN,192,QB25,197.0
2024,standard,Bryce Young,CAR,193,QB26,198.0
2024,standard,Cade Otton,TB,194,TE22,199.5
2024,standard,Chig Okonkwo,WAS,195,TE23,200.5
2024,standard,Dalvin Cook,,246,RB72,201.0
2024,standard,Derek Carr,,196,QB27,203.0
2024,standard,Tank Bigsby,PHI,197,RB59,204.0
2024,standard,Justin Fields,KC,198,QB28,205.5
2024,standard,Daniel Jones,IND,199,QB29,206.0
2024,standard,Kansas City Chiefs,DST,200,DST7,207.0
2024,standard,Ben Sinnott,WAS,201,TE24,208.0
2024,standard,Washington Commanders,DST,250,DST17,208.0
2024,standard,Drake Maye,NE,202,QB30,210.5
2024,standard,Russell Wilson,,203,QB31,211.5
2024,standard,Alexander Mattison,,204,RB60,211.5
2024,standard,Troy Franklin,DEN,205,WR72,212.0
2024,standard,Buffalo Bills,DST,206,DST8,212.5
2024,standard,Jermaine Burton,,207,WR73,213.0
2024,standard,Jason Myers,SEA,208,K12,213.0
2024,standard,Miami Dolphins,DST,209,DST9,214.0
2024,standard,Sam Darnold,SEA,210,QB32,215.0
2024,standard,Audric Estime,NO,211,RB61,215.5
2024,standard,Matt Gay,LV,258,K14,216.0
2024,standard,Philadelphia Eagles,DST,212,DST10,217.5
2024,standard,Kareem Hunt,,259,RB75,218.0
2024,standard,Luke McCaffrey,WAS,213,WR74,219.0
2024,standard,Cincinnati Bengals,DST,260,DST18,219.0
2024,standard,Dameon Pierce,PHI,214,RB62,220.5
2024,standard,Marvin Mims Jr.,DEN,215,WR75,220.5
2024,standard,Roschon Johnson,CHI,216,RB63,221.5
2024,standard,Wan'Dale Robinson,TEN,217,WR76,221.5
2024,standard,Jonnu Smith,,218,TE25,222.5
2024,standard,Houston Texans,DST,219,DST11,223.0
2024,standard,Cam Akers,,264,RB77,224.0
2024,standard,Kendre Miller,NO,220,RB64,224.5
2024,standard,Ricky Pearsall,SF,221,WR77,224.5
2024,standard,Jamaal Williams,,222,RB65,224.5
2024,standard,Noah Fant,NO,223,TE26,225.0
2024,standard,Carson Steele,PHI,265,RB78,225.0
2024,standard,Rashod Bateman,BAL,224,WR78,226.0
2024,standard,Will Shipley,PHI,225,RB66,226.5
2024,standard,Gardner Minshew II,ARI,226,QB33,227.5
2024,standard,Justice Hill,BAL,227,RB67,228.0
2024,standard,Clyde Edwards-Helaire,,228,RB68,230.0
2024,standard,New Orleans Saints,DST,229,DST12,232.0
2024,standard,Kenny Gainwell,TB,230,RB69,232.0
2024,standard,Greg Dortch,DET,231,WR79,232.0
2024,standard,Javon Baker,,270,WR88,233.0
2024,standard,Daniel Carlson,LV,232,K13,233.5
2024,standard,Roman Wilson,,233,WR80,234.5
2024,standard,Jalen McMillan,TB,234,WR81,236.5
2024,standard,Juwan Johnson,NO,235,TE27,238.0
2024,standard,Tampa Bay Buccaneers,DST,236,DST13,238.5
2024,standard,Andrei Iosivas,CIN,274,WR90,240.0
2024,standard,Seattle Seahawks,DST,237,DST14,241.0
2024,standard,Atlanta Falcons,DST,277,DST24,245.0
2024,standard,Ja'Tavion Sanders,CAR,238,TE28,246.0
2024,standard,Las Vegas Raiders,DST,240,DST15,247.0
2024,standard,Samaje Perine,CIN,239,RB70,247.5
2024,standard,Mike Gesicki,CIN,241,TE29,247.5
2024,standard,Keaton Mitchell,LAC,242,RB71,247.5
2024,standard,Joe Flacco,CIN,280,QB36,248.0
2024,standard,Greg Zuerlein,,281,K15,250.0
2024,standard,Cairo Santos,CHI,282,K16,252.0
2024,standard,Demarcus Robinson,SF,245,WR83,252.5
2024,standard,Tyler Boyd,,247,WR84,254.0
2024,standard,Malachi Corley,CLE,248,WR85,255.0
2024,standard,Michael Penix Jr.,ATL,284,QB37,256.0
2024,standard,Jake Bates,DET,285,K17,256.0
2024,standard,Detroit Lions,DST,249,DST16,256.5
2024,standard,Tennessee Titans,DST,286,DST25,257.0
2024,standard,Will Reichard,MIN,287,K18,257.0
2024,standard,Theo Johnson,NYG,251,TE30,258.0
2024,standard,Zach Ertz,,252,TE31,258.0
2024,standard,Eric Gray,NYG,288,RB81,258.0
2024,standard,Trey Sermon,,253,RB73,258.5
2024,standard,Jalen Tolbert,MIA,254,WR86,259.0
2024,standard,Isaac Guerendo,SF,255,RB74,259.5
2024,standard,Greg Dulcich,MIA,256,TE32,260.0
2024,standard,Dustin Hopkins,,289,K19,260.0
2024,standard,Joshua Karty,,290,K20,261.0
2024,standard,Cam Little,JAC,291,K21,262.0
2024,standard,Hayden Hurst,,261,TE33,263.0
2024,standard,New England Patriots,DST,292,DST26,263.0
2024,standard,Dylan Laube,LV,262,RB76,263.5
2024,standard,Chicago Bears,DST,263,DST19,264.5
2024,standard,Colby Parkinson,LAR,266,TE34,266.0
2024,standard,Aidan O'Connell,LV,257,QB35,267.0
2024,standard,D'Onta Foreman,,268,RB79,267.0
2024,standard,Brenden Rice,GB,294,WR93,267.0
2024,standard,Denver Broncos,DST,295,DST27,268.0
2024,standard,Elijah Moore,PHI,296,WR94,268.0
2024,standard,DJ Chark Jr.,,269,WR87,269.0
2024,standard,Leroy Watson,IV,297,TE37,269.0
2024,standard,Indianapolis Colts,DST,267,DST20,273.0
2024,standard,Odell Beckham Jr.,NYG,273,WR89,273.0
2024,standard,Minnesota Vikings,DST,275,DST22,274.0
2024,standard,Andy Janovich,,299,RB82,274.0
2024,standard,Miles Sanders,,272,RB80,275.0
2024,standard,New York Giants,DST,276,DST23,275.0
2024,standard,Devontez Walker,BAL,301,WR96,275.0
2024,standard,Cordarrelle Patterson,,302,RB83,276.0
2024,standard,Darius Slayton,NYG,278,WR91,276.5
2024,standard,Green Bay Packers,DST,271,DST21,277.0
2024,standard,Dawson Knox,BUF,279,TE35,277.0
2024,standard,Zay Jones,,303,WR97,277.0
2024,standard,Tucker Kraft,GB,306,TE39,279.0
2024,standard,Jalin Hyatt,NYG,283,WR92,281.0
2024,standard,O.J. Howard,,308,TE40,281.0
2024,standard,Davis Cheek,,309,QB38,283.0
2024,standard,Albert Wilson,,310,WR101,284.0
2024,standard,Jordan Whittington,LAR,311,WR102,284.0
2024,standard,Michael Mayer,LV,293,TE36,285.5
2024,standard,Peewee Jarrett,,312,QB39,286.0
2024,standard,Deuce Vaughn,,313,RB84,287.0
2024,standard,Calvin Austin III,NYG,314,WR103,287.0
2024,standard,Noah Brown,,315,WR104,288.0
2024,standard,Larry Rose,III,316,RB85,288.0
2024,standard,Malik Washington,MIA,298,WR95,290.0
2024,standard,J.J. Taylor,,318,RB86,290.0
2024,standard,Austin Aune,,319,QB40,292.0
2024,standard,Kendrick Bourne,ARI,304,WR98,292.5
2024,standard,Tre Tucker,LV,305,WR99,292.5
2024,standard,Treylon Burks,WAS,307,WR100,293.0
2024,standard,Van Jefferson,WAS,320,WR106,293.0
2024,standard,Kevin White,,321,WR107,294.0
2024,standard,Daniel Bellinger,TEN,300,TE38,294.5
2024,standard,Danny Vitale,,322,RB87,295.0
2024,standard,Rasheen Ali,BAL,323,RB88,296.0
2024,standard,Isaiah Bowser,,325,RB89,297.0
2024,standard,Emanuel Wilson,SEA,326,RB90,297.0
2024,standard,Jonathan Mingo,DAL,317,WR105,298.0
2024,standard,Jeff Wilson Jr.,,328,RB91,300.0
2024,standard,Zay Malone,,329,WR109,300.0
2024,standard,Alec Pierce,IND,330,WR110,301.0
2024,standard,Frank Gore Jr.,BUF,331,RB92,301.0
2024,standard,Josh Reynolds,,332,WR111,303.0
2024,standard,Mark Ingram,II,333,RB93,305.0
2024,standard,Los Angeles Rams,DST,334,DST29,306.0
2024,standard,Jalen Nailor,LV,335,WR112,306.0
2024,standard,K.J. Osborn,TEN,327,WR108,308.0
2024,standard,Evan Hull,HOU,336,RB94,308.0
2024,standard,Los Angeles Chargers,DST,324,DST28,310.5
2024,standard,Jacksonville Jaguars,DST,337,DST30,311.0
2024,standard,Wendell Smallwood,,338,RB95,312.0
2024,standard,Nick Keizer,,339,TE41,314.0
2024,standard,Mo Alie-Cox,IND,340,TE42,316.0
2024,standard,James White,,341,RB96,319.0
2024,standard,Anthony Johnson,,342,CB,322.0
2024,standard,A.T. Perry,PIT,343,WR113,323.0
2024,standard,Jason Witten,,344,TE43,324.0
2024,standard,Vernon Davis,,345,TE44,326.0
2025,half,Ja'Marr Chase,CIN,1,WR1,1.0
2025,half,Bijan Robinson,ATL,2,RB1,2.0
2025,half,Saquon Barkley,PHI,3,RB2,3.3
2025,half,Jahmyr Gibbs,DET,4,RB3,3.7
2025,half,Justin Jefferson,MIN,5,WR2,5.3
2025,half,CeeDee Lamb,DAL,6,WR3,5.7
2025,half,Christian McCaffrey,SF,7,RB4,7.3
2025,half,Derrick Henry,BAL,8,RB5,9.0
2025,half,Amon-Ra St. Brown,DET,9,WR4,9.7
2025,half,Ashton Jeanty,LV,10,RB6,10.0
2025,half,Malik Nabers,NYG,11,WR5,10.3
2025,half,Nico Collins,HOU,12,WR6,11.3
2025,half,Josh Jacobs,GB,13,RB7,13.7
2025,half,Puka Nacua,LAR,14,WR7,14.0
2025,half,Brian Thomas Jr.,JAC,15,WR8,16.0
2025,half,De'Von Achane,MIA,16,RB8,17.0
2025,half,Drake London,ATL,17,WR9,17.3
2025,half,Jonathan Taylor,IND,18,RB9,17.7
2025,half,Bucky Irving,TB,19,RB10,19.7
2025,half,A.J. Brown,NE,20,WR10,21.0
2025,half,Chase Brown,CIN,21,RB11,21.3
2025,half,Brock Bowers,LV,22,TE1,21.3
2025,half,Lamar Jackson,BAL,23,QB1,21.7
2025,half,Josh Allen,BUF,24,QB2,22.0
2025,half,Kyren Williams,LAR,25,RB12,24.0
2025,half,Ladd McConkey,LAC,26,WR11,27.0
2025,half,Trey McBride,ARI,27,TE2,27.7
2025,half,James Cook III,BUF,28,RB13,28.7
2025,half,Omarion Hampton,LAC,29,RB14,30.3
2025,half,Jayden Daniels,WAS,30,QB3,30.7
2025,half,Tyreek Hill,,31,WR12,31.7
2025,half,Tee Higgins,CIN,32,WR13,32.7
2025,half,Jaxon Smith-Njigba,SEA,33,WR14,33.0
2025,half,George Kittle,SF,34,TE3,35.3
2025,half,Jalen Hurts,PHI,35,QB4,35.3
2025,half,Joe Burrow,CIN,36,QB5,38.0
2025,half,Alvin Kamara,NO,37,RB15,38.0
2025,half,Breece Hall,NYJ,38,RB16,38.0
2025,half,Marvin Harrison Jr.,ARI,39,WR15,39.3
2025,half,Mike Evans,SF,40,WR16,39.7
2025,half,Kenneth Walker III,KC,41,RB17,39.7
2025,half,Terry McLaurin,WAS,42,WR17,40.0
2025,half,Garrett Wilson,NYJ,43,WR18,41.7
2025,half,Chuba Hubbard,CAR,44,RB18,42.3
2025,half,Davante Adams,LAR,45,WR19,44.0
2025,half,TreVeyon Henderson,NE,46,RB19,45.7
2025,half,James Conner,ARI,47,RB20,47.0
2025,half,DK Metcalf,PIT,48,WR20,49.3
2025,half,Patrick Mahomes II,KC,49,QB6,52.3
2025,half,RJ Harvey,DEN,50,RB21,53.0
2025,half,Sam LaPorta,DET,51,TE4,53.7
2025,half,Courtland Sutton,DEN,52,WR21,54.0
2025,half,DJ Moore,BUF,53,WR22,54.3
2025,half,David Montgomery,HOU,54,RB22,55.0
2025,half,DeVonta Smith,PHI,55,WR23,55.3
2025,half,Xavier Worthy,KC,56,WR24,57.3
2025,half,Tony Pollard,TEN,57,RB23,57.7
2025,half,Tetairoa McMillan,CAR,58,WR25,58.3
2025,half,Isiah Pacheco,DET,59,RB24,58.3
2025,half,George Pickens,DAL,60,WR26,58.7
2025,half,D'Andre Swift,CHI,61,RB25,59.0
2025,half,Travis Kelce,KC,62,TE5,62.0
2025,half,Jameson Williams,DET,63,WR27,62.0
2025,half,Zay Flowers,BAL,64,WR28,62.7
2025,half,T.J. Hockenson,MIN,65,TE6,66.3
2025,half,Calvin Ridley,TEN,66,WR29,66.3
2025,half,Aaron Jones Sr.,MIN,67,RB26,66.7
2025,half,Baker Mayfield,TB,68,QB7,68.3
2025,half,Jaylen Waddle,DEN,69,WR30,69.3
2025,half,Bo Nix,DEN,70,QB8,70.3
2025,half,Travis Hunter,JAC,71,WR31,71.7
2025,half,Rashee Rice,KC,72,WR32,72.7
2025,half,Mark Andrews,BAL,73,TE7,75.0
2025,half,Tyrone Tracy Jr.,NYG,74,RB27,75.0
2025,half,Kaleb Johnson,PIT,75,RB28,75.3
2025,half,Chris Olave,NO,76,WR33,76.0
2025,half,Jerry Jeudy,CLE,77,WR34,76.3
2025,half,Rome Odunze,CHI,78,WR35,78.3
2025,half,Ricky Pearsall,SF,79,WR36,79.3
2025,half,Emeka Egbuka,TB,80,WR37,80.7
2025,half,Jaylen Warren,PIT,81,RB29,82.0
2025,half,Evan Engram,DEN,82,TE8,83.0
2025,half,Deebo Samuel Sr.,,83,WR38,86.7
2025,half,Jordan Mason,MIN,84,RB30,86.7
2025,half,Stefon Diggs,,85,WR39,90.0
2025,half,Matthew Golden,GB,86,WR40,90.3
2025,half,David Njoku,LAC,87,TE9,90.7
2025,half,Dak Prescott,DAL,88,QB9,91.7
2025,half,Travis Etienne Jr.,NO,89,RB31,92.3
2025,half,Jakobi Meyers,JAC,90,WR41,93.0
2025,half,Kyler Murray,MIN,91,QB10,93.3
2025,half,Tyler Warren,IND,92,TE10,93.7
2025,half,Zach Charbonnet,SEA,93,RB32,94.7
2025,half,Joe Mixon,,94,RB33,95.3
2025,half,Tucker Kraft,GB,95,TE11,96.0
2025,half,Jordan Addison,MIN,96,WR42,96.3
2025,half,Brock Purdy,SF,97,QB11,97.0
2025,half,J.K. Dobbins,DEN,98,RB34,97.3
2025,half,Jacory Croskey-Merritt,WAS,99,RB35,97.7
2025,half,Cooper Kupp,SEA,100,WR43,100.0
2025,half,Brian Robinson Jr.,ATL,101,RB36,100.0
2025,half,Jared Goff,DET,102,QB12,104.0
2025,half,Jauan Jennings,MIN,103,WR44,104.0
2025,half,Quinshon Judkins,CLE,104,RB37,107.3
2025,half,Cam Skattebo,NYG,105,RB38,110.0
2025,half,Khalil Shakir,BUF,106,WR45,110.0
2025,half,Chris Godwin Jr.,TB,107,WR46,110.0
2025,half,Tank Bigsby,PHI,108,RB39,111.3
2025,half,Justin Herbert,LAC,109,QB13,112.3
2025,half,Javonte Williams,DAL,110,RB40,112.7
2025,half,Braelon Allen,NYJ,111,RB41,112.7
2025,half,Caleb Williams,CHI,112,QB14,115.0
2025,half,Colston Loveland,CHI,113,TE12,115.3
2025,half,Justin Fields,KC,114,QB15,115.7
2025,half,Rhamondre Stevenson,NE,115,RB42,118.0
2025,half,Jayden Reed,GB,116,WR47,118.7
2025,half,Nick Chubb,,117,RB43,119.3
2025,half,Drake Maye,NE,118,QB16,119.7
2025,half,Michael Pittman Jr.,PIT,119,WR48,122.7
2025,half,Brandon Aubrey,DAL,120,K1,123.7
2025,half,Najee Harris,LAC,121,RB44,124.3
2025,half,Jake Ferguson,DAL,122,TE13,125.3
2025,half,Josh Downs,IND,123,WR49,126.0
2025,half,Dalton Kincaid,BUF,124,TE14,126.7
2025,half,Denver Broncos,DST,125,DST1,127.7
2025,half,C.J. Stroud,HOU,126,QB17,129.3
2025,half,Keon Coleman,BUF,127,WR50,130.7
2025,half,Philadelphia Eagles,DST,128,DST2,131.7
2025,half,Jordan Love,GB,129,QB18,132.0
2025,half,Kyle Pitts Sr.,ATL,130,TE15,135.3
2025,half,Jaydon Blue,DAL,131,RB45,137.0
2025,half,Cameron Dicker,LAC,132,K2,139.3
2025,half,J.J. McCarthy,MIN,133,QB19,140.7
2025,half,Dallas Goedert,PHI,134,TE16,141.0
2025,half,Ollie Gordon II,MIA,135,RB46,141.0
2025,half,Rashid Shaheed,SEA,136,WR51,144.0
2025,half,Keenan Allen,LAC,137,WR52,144.7
2025,half,Jerome Ford,WAS,138,RB47,145.3
2025,half,Jonnu Smith,,139,TE17,145.3
2025,half,Pittsburgh Steelers,DST,140,DST3,146.3
2025,half,Trey Benson,ARI,141,RB48,147.0
2025,half,Jayden Higgins,HOU,142,WR53,147.3
2025,half,Bhayshul Tuten,JAC,143,RB49,148.7
2025,half,Jake Bates,DET,144,K3,150.3
2025,half,Brandon Aiyuk,SF,145,WR54,150.7
2025,half,Darnell Mooney,NYG,146,WR55,153.7
2025,half,Marvin Mims Jr.,DEN,147,WR56,153.7
2025,half,Rachaad White,WAS,148,RB50,154.7
2025,half,Ray Davis,BUF,149,RB51,156.7
2025,half,Dylan Sampson,CLE,150,RB52,157.3
2025,half,Luther Burden III,CHI,151,WR57,158.3
2025,half,Baltimore Ravens,DST,152,DST4,158.7
2025,half,Christian Kirk,SF,153,WR58,158.7
2025,half,Hunter Henry,NE,154,TE18,159.7
2025,half,Trevor Lawrence,JAC,155,QB20,160.7
2025,half,Zach Ertz,,156,TE19,161.3
2025,half,Kareem Hunt,,157,RB53,161.3
2025,half,Minnesota Vikings,DST,158,DST5,162.7
2025,half,Tua Tagovailoa,ATL,159,QB21,164.7
2025,half,Cam Ward,TEN,160,QB22,165.3
2025,half,Chig Okonkwo,WAS,161,TE20,166.3
2025,half,Tyjae Spears,TEN,162,RB54,167.0
2025,half,Tyler Allgeier,ARI,163,RB55,167.3
2025,half,Michael Penix Jr.,ATL,164,QB23,168.3
2025,half,Adam Thielen,,165,WR59,169.0
2025,half,Rico Dowdle,PIT,166,RB56,169.7
2025,half,Hollywood Brown,PHI,167,WR60,170.0
2025,half,Woody Marks,HOU,205,RB59,170.5
2025,half,Xavier Legette,CAR,206,WR64,171.5
2025,half,Tre' Harris,LAC,208,WR65,173.0
2025,half,Cedric Tillman,CLE,209,WR66,173.5
2025,half,Aaron Rodgers,PIT,168,QB24,174.7
2025,half,DeAndre Hopkins,BAL,169,WR61,175.0
2025,half,Matthew Stafford,LAR,170,QB25,175.3
2025,half,Isaac TeSlaa,DET,210,WR67,175.5
2025,half,Joshua Palmer,BUF,171,WR62,176.0
2025,half,Bryce Young,CAR,172,QB26,176.7
2025,half,Rashod Bateman,BAL,173,WR63,180.0
2025,half,Sam Darnold,SEA,174,QB27,180.3
2025,half,Will Shipley,PHI,212,RB60,181.5
2025,half,Kyle Monangai,CHI,213,RB61,182.0
2025,half,Dont'e Thornton Jr.,LV,215,WR68,182.5
2025,half,Geno Smith,NYJ,175,QB28,182.7
2025,half,Chris Rodriguez Jr.,JAC,253,RB73,184.0
2025,half,Houston Texans,DST,176,DST6,184.3
2025,half,Kansas City Chiefs,DST,177,DST7,184.7
2025,half,Chris Boswell,PIT,178,K4,186.0
2025,half,Brenton Strange,JAC,179,TE21,186.7
2025,half,Harrison Butker,KC,180,K5,187.3
2025,half,Ka'imi Fairbairn,HOU,181,K6,187.7
2025,half,Chase McLaughlin,TB,182,K7,188.7
2025,half,Isaac Guerendo,SF,183,RB57,189.7
2025,half,DeMario Douglas,NE,219,WR69,190.5
2025,half,Cam Little,JAC,184,K8,190.7
2025,half,Isaiah Likely,NYG,185,TE22,191.7
2025,half,San Francisco 49ers,DST,186,DST8,193.7
2025,half,Detroit Lions,DST,187,DST9,196.3
2025,half,Wan'Dale Robinson,TEN,222,WR70,196.5
2025,half,Buffalo Bills,DST,188,DST10,197.3
2025,half,Wil Lutz,DEN,189,K9,197.3
2025,half,Cade Otton,TB,190,TE23,198.0
2025,half,Romeo Doubs,NE,224,WR71,200.0
2025,half,Kyle Williams,NE,225,WR72,200.5
2025,half,Mason Taylor,NYJ,191,TE24,202.0
2025,half,Brandon McManus,,226,K18,202.0
2025,half,Keaton Mitchell,LAC,227,RB62,202.0
2025,half,Jaylen Wright,MIA,192,RB58,203.0
2025,half,Spencer Rattler,NO,260,QB35,204.0
2025,half,Tyler Bass,BUF,193,K10,205.3
2025,half,Elijah Arroyo,SEA,194,TE25,206.0
2025,half,Pat Freiermuth,PIT,195,TE26,206.7
2025,half,Justice Hill,BAL,229,RB63,207.0
2025,half,Blake Corum,LAR,230,RB64,207.0
2025,half,Tyler Loop,BAL,196,K11,208.7
2025,half,Jake Elliott,PHI,197,K12,208.7
2025,half,Green Bay Packers,DST,198,DST11,209.0
2025,half,DJ Giddens,IND,231,RB65,209.0
2025,half,Washington Commanders,DST,199,DST12,210.7
2025,half,Evan McPherson,CIN,200,K13,212.0
2025,half,Dalton Schultz,HOU,201,TE27,212.3
2025,half,Mike Gesicki,CIN,202,TE28,213.0
2025,half,Shedeur Sanders,CLE,203,QB29,214.3
2025,half,Darren Waller,,204,TE29,214.7
2025,half,Jaxson Dart,NYG,232,QB30,215.5
2025,half,Jack Bech,LV,233,WR73,216.0
2025,half,Dameon Pierce,PHI,265,RB74,218.0
2025,half,Kendre Miller,NO,234,RB66,218.5
2025,half,Tampa Bay Buccaneers,DST,207,DST13,219.7
2025,half,Chicago Bears,DST,235,DST19,220.5
2025,half,Tahj Brooks,CIN,236,RB67,220.5
2025,half,Tory Horton,SEA,237,WR74,221.5
2025,half,Younghoe Koo,,211,K14,225.0
2025,half,Arizona Cardinals,DST,238,DST20,225.0
2025,half,Jason Sanders,NYJ,268,K21,225.0
2025,half,Seattle Seahawks,DST,214,DST14,226.3
2025,half,Roschon Johnson,CHI,240,RB68,226.5
2025,half,Matt Gay,LV,216,K15,228.3
2025,half,Daniel Carlson,LV,217,K16,229.0
2025,half,Tennessee Titans,DST,269,DST26,230.0
2025,half,Los Angeles Rams,DST,218,DST15,231.3
2025,half,Anthony Richardson Sr.,IND,241,QB31,231.5
2025,half,New York Giants,DST,220,DST16,232.7
2025,half,Kirk Cousins,LV,272,QB36,233.0
2025,half,Elic Ayomanor,TEN,242,WR75,233.5
2025,half,Alec Pierce,IND,243,WR76,235.0
2025,half,New York Jets,DST,221,DST17,235.7
2025,half,Olamide Zaccheaus,ATL,273,WR86,236.0
2025,half,Jake Moody,WAS,244,K19,236.5
2025,half,Brashard Smith,KC,245,RB69,236.5
2025,half,Will Reichard,MIN,223,K17,237.0
2025,half,Miles Sanders,,246,RB70,237.0
2025,half,Pat Bryant,DEN,247,WR77,239.0
2025,half,Raheem Mostert,LV,248,RB71,239.5
2025,half,Ray-Ray McCloud,III,277,WR89,240.0
2025,half,Russell Wilson,,249,QB32,240.5
2025,half,New England Patriots,DST,228,DST18,240.7
2025,half,Joshua Karty,,250,K20,246.5
2025,half,Jarquez Hunter,LAR,251,RB72,247.5
2025,half,Troy Franklin,DEN,252,WR78,249.0
2025,half,Spencer Brown,,282,RB75,251.0
2025,half,Cincinnati Bengals,DST,254,DST22,252.5
2025,half,Daniel Jones,IND,255,QB33,253.0
2025,half,Los Angeles Chargers,DST,256,DST23,253.0
2025,half,Sean Tucker,TB,283,RB76,253.0
2025,half,Elijah Collins,,284,RB77,254.0
2025,half,Kenny Gainwell,TB,285,RB78,254.0
2025,half,Brian Herrien,,286,RB79,255.0
2025,half,Jalen Coker,CAR,257,WR79,257.5
2025,half,Jaylin Lane,WAS,289,WR93,258.0
2025,half,Quentin Johnston,LAC,259,WR80,259.0
2025,half,Antonio Gibson,,290,RB81,259.0
2025,half,Tyler Lockett,LV,261,WR81,260.0
2025,half,Devin Singletary,NYG,291,RB82,260.0
2025,half,Joseph Ngata,,292,WR94,260.0
2025,half,Miami Dolphins,DST,262,DST24,261.0
2025,half,Efton Chism III,NE,293,WR95,261.0
2025,half,Ja'Tavion Sanders,CAR,263,TE30,261.5
2025,half,Dallas Cowboys,DST,239,DST21,262.0
2025,half,Cleveland Browns,DST,264,DST25,264.0
2025,half,Ahmad Wagner,,296,WR96,265.0
2025,half,LeVante Bellamy,,297,RB84,266.0
2025,half,Ramel Keyton,,298,WR97,267.0
2025,half,Joe Flacco,CIN,258,QB34,268.0
2025,half,Michael Wilson,ARI,266,WR82,268.0
2025,half,Jaylin Noel,HOU,267,WR83,268.0
2025,half,Andre Baccellia,,299,WR98,268.0
2025,half,Emanuel Wilson,SEA,300,RB85,268.0
2025,half,Erick All Jr.,CIN,303,TE34,272.0
2025,half,Deshaun Fenwick,,304,RB88,273.0
2025,half,Jalen McMillan,TB,270,WR84,273.5
2025,half,Roman Wilson,,271,WR85,273.5
2025,half,Jalen Royals,KC,274,WR87,276.0
2025,half,Devwah Whaley,,306,RB89,276.0
2025,half,Darius Slayton,NYG,275,WR88,276.5
2025,half,Harold Fannin Jr.,CLE,276,TE31,277.0
2025,half,Dyami Brown,WAS,278,WR90,278.0
2025,half,Andrei Iosivas,CIN,279,WR91,278.0
2025,half,Scotty Washington,,308,WR101,278.0
2025,half,Taysir Mack,,309,WR102,279.0
2025,half,Juwan Johnson,NO,280,TE32,279.5
2025,half,Terrance Ferguson,LAR,311,TE35,280.0
2025,half,Avery Davis,,312,WR104,281.0
2025,half,Theo Johnson,NYG,281,TE33,282.5
2025,half,AJ Dillon,CAR,313,RB90,283.0
2025,half,Isaiah Spiller,,314,RB91,283.0
2025,half,Adonai Mitchell,NYJ,287,WR92,285.5
2025,half,Travis Toivonen,,315,WR105,286.0
2025,half,Damien Caffrey,,318,TE37,288.0
2025,half,MarShawn Lloyd,GB,294,RB83,289.0
2025,half,Cole Kmet,CHI,320,TE39,290.0
2025,half,Tyler Shough,NO,295,QB37,292.0
2025,half,Samaje Perine,CIN,321,RB93,292.0
2025,half,OJ Hiliare,,322,WR106,292.0
2025,half,Devin Neal,NO,301,RB86,292.5
2025,half,Jordan James,SF,323,RB94,293.0
2025,half,Trevor Etienne,CAR,302,RB87,293.5
2025,half,Milton Wright,,324,WR107,294.0
2025,half,Malik Washington,MIA,325,WR108,295.0
2025,half,Ja'Marcus Bradley,,326,WR109,296.0
2025,half,Calvin Austin III,NYG,310,WR103,297.0
2025,half,Courtney Jackson,TEN,327,WR110,297.0
2025,half,Elijah Mitchell,PHI,288,RB80,297.5
2025,half,Jimmy Garoppolo,LAR,328,QB38,298.0
2025,half,Dillon Gabriel,CLE,329,QB39,299.0
2025,half,Hayden Hatten,,330,WR111,299.0
2025,half,Nate Wieting,,331,TE40,300.0
2025,half,Tyler Higbee,LAR,316,TE36,300.5
2025,half,Isaiah Bond,CLE,333,WR113,301.0
2025,half,Dontayvion Wicks,PHI,307,WR100,301.5
2025,half,Ty Johnson,BUF,334,RB95,302.0
2025,half,Leon Johnson,III,335,WR114,303.0
2025,half,Nick Ralston,,336,RB96,304.0
2025,half,Lorenzo Lingard,,337,RB97,305.0
2025,half,Tre Tucker,LV,338,WR115,308.0
2025,half,Jaleel McLaughlin,DEN,317,RB92,309.0
2025,half,KeAndre Lambert-Smith,LAC,340,WR117,310.0
2025,half,Phillip Lindsay,,342,RB98,312.0
2025,half,Ryan Izzo,,344,TE42,313.0
2025,half,Chad Ryland,ARI,345,K22,313.0
2025,half,Kayshon Boutte,NE,305,WR99,313.5
2025,half,Eric Ebron,,346,TE43,314.0
2025,half,Noah Gray,KC,341,TE41,315.0
2025,half,John Stephens Jr.,,347,WR118,315.0
2025,half,Hayden Rucci,SF,348,TE44,317.0
2025,half,Sam Wiglusz,,349,WR119,318.0
2025,half,Ty Montgomery,II,350,RB99,320.0
2025,half,Jaxon Janke,,351,WR120,323.0
2025,half,Diontae Johnson,,352,WR121,324.0
2025,half,Bryan Thompson,,353,WR122,325.0
2025,half,Tyler Conklin,DET,319,TE38,326.0
2025,half,Jalen Milroe,SEA,354,QB40,327.0
2025,half,Las Vegas Raiders,DST,343,DST27,328.5
2025,half,Logan Woodside,,355,QB41,329.0
2025,half,Taysom Hill,,356,TE45,330.0
2025,half,Zach Heins,,357,TE46,332.0
2025,half,Kyle Sheets,,358,WR123,333.0
2025,half,Nick Williams,,359,WR124,335.0
2025,half,Jalen Tolbert,MIA,332,WR112,336.0
2025,half,Brandin Cooks,,339,WR116,336.0
2025,half,Chase Cota,,360,WR125,337.0
2025,half,Jaheim Bell,PIT,361,TE47,339.0
2025,half,Gabe Brkic,,362,K23,340.0
2025,half,Indianapolis Colts,DST,363,DST28,341.0
2025,half,Xavier Restrepo,TEN,364,WR126,342.0
2025,half,Steven Montez,,365,QB42,343.0
2025,half,Branden Mack,,366,WR127,344.0
2025,half,Bo Scarbrough,,367,RB100,346.0
2025,half,Oronde Gadsden II,LAC,368,TE48,347.0
2025,half,Jacksonville Jaguars,DST,369,DST29,348.0
2025,half,Elijah Young,,370,RB101,349.0
2025,half,La'Michael Pettway,,371,TE49,350.0
2025,half,New Orleans Saints,DST,372,DST30,351.0
2025,half,Brian Cobbs,,373,WR128,353.0
2025,half,Scottie Phillips,,374,RB102,354.0
2025,half,Christian Watson,GB,375,WR129,355.0
2025,half,Riley Lees,,376,WR130,356.0
2025,half,Jordan Whittington,LAR,377,WR131,357.0
2025,half,Dallin Holker,,378,TE50,358.0
2025,half,Ben Sinnott,WAS,379,TE51,359.0
2025,half,Keytaon Thompson,,380,WR132,360.0
2025,half,Corey Coleman,,381,WR133,361.0
2025,half,Xavier Johnson,CIN,382,WR134,362.0
2025,half,Noah Fant,NO,383,TE52,366.0
2025,half,Jalen Moreno-Cropper,NO,384,WR135,368.0
2025,half,Audric Estime,NO,385,RB103,369.0
2025,half,Moliki Matavao,NO,386,TE53,370.0
2025,half,John Ursua,,387,WR136,371.0
2025,half,Zach Horton,DET,388,TE54,373.0
2025,half,Ty James,,389,WR137,374.0
2025,ppr,Ja'Marr Chase,CIN,1,WR1,1.0
2025,ppr,Bijan Robinson,ATL,2,RB1,2.2
2025,ppr,Saquon Barkley,PHI,3,RB2,3.7
2025,ppr,Jahmyr Gibbs,DET,4,RB3,4.2
2025,ppr,CeeDee Lamb,DAL,5,WR2,5.0
2025,ppr,Justin Jefferson,MIN,6,WR3,5.0
2025,ppr,Christian McCaffrey,SF,7,RB4,8.2
2025,ppr,Malik Nabers,NYG,8,WR4,9.2
2025,ppr,Amon-Ra St. Brown,DET,9,WR5,9.7
2025,ppr,Derrick Henry,BAL,10,RB5,10.2
2025,ppr,Ashton Jeanty,LV,11,RB6,10.7
2025,ppr,Puka Nacua,LAR,12,WR6,11.3
2025,ppr,Nico Collins,HOU,13,WR7,13.2
2025,ppr,De'Von Achane,MIA,14,RB7,15.0
2025,ppr,Brian Thomas Jr.,JAC,15,WR8,15.5
2025,ppr,Josh Jacobs,GB,16,RB8,16.0
2025,ppr,Drake London,ATL,17,WR9,19.2
2025,ppr,Jonathan Taylor,IND,18,RB9,19.8
2025,ppr,Brock Bowers,LV,19,TE1,20.0
2025,ppr,Josh Allen,BUF,20,QB1,20.2
2025,ppr,A.J. Brown,NE,21,WR10,20.3
2025,ppr,Chase Brown,CIN,22,RB10,21.2
2025,ppr,Lamar Jackson,BAL,23,QB2,21.5
2025,ppr,Bucky Irving,TB,24,RB11,21.8
2025,ppr,Kyren Williams,LAR,25,RB12,24.2
2025,ppr,Ladd McConkey,LAC,26,WR11,25.8
2025,ppr,Trey McBride,ARI,27,TE2,28.0
2025,ppr,James Cook III,BUF,28,RB13,29.5
2025,ppr,Jayden Daniels,WAS,29,QB3,30.7
2025,ppr,Tee Higgins,CIN,30,WR12,31.3
2025,ppr,Tyreek Hill,,31,WR13,32.5
2025,ppr,Joe Burrow,CIN,32,QB4,33.3
2025,ppr,Jaxon Smith-Njigba,SEA,33,WR14,34.5
2025,ppr,Jalen Hurts,PHI,34,QB5,35.2
2025,ppr,Omarion Hampton,LAC,35,RB14,35.8
2025,ppr,Alvin Kamara,NO,36,RB15,37.0
2025,ppr,George Kittle,SF,37,TE3,38.2
2025,ppr,Breece Hall,NYJ,38,RB16,38.8
2025,ppr,Terry McLaurin,WAS,39,WR15,39.3
2025,ppr,Mike Evans,SF,40,WR16,40.0
2025,ppr,Garrett Wilson,NYJ,41,WR17,40.3
2025,ppr,Davante Adams,LAR,42,WR18,40.3
2025,ppr,Kenneth Walker III,KC,43,RB17,41.0
2025,ppr,Marvin Harrison Jr.,ARI,44,WR19,41.8
2025,ppr,TreVeyon Henderson,NE,45,RB18,44.7
2025,ppr,Chuba Hubbard,CAR,46,RB19,46.2
2025,ppr,James Conner,ARI,47,RB20,47.3
2025,ppr,DK Metcalf,PIT,48,WR20,49.3
2025,ppr,Patrick Mahomes II,KC,49,QB6,49.7
2025,ppr,DJ Moore,BUF,50,WR21,49.7
2025,ppr,Courtland Sutton,DEN,51,WR22,52.8
2025,ppr,Sam LaPorta,DET,52,TE4,53.2
2025,ppr,Xavier Worthy,KC,53,WR23,54.8
2025,ppr,D'Andre Swift,CHI,54,RB21,56.2
2025,ppr,DeVonta Smith,PHI,55,WR24,57.7
2025,ppr,Tetairoa McMillan,CAR,56,WR25,58.7
2025,ppr,Jameson Williams,DET,57,WR26,60.2
2025,ppr,David Montgomery,HOU,58,RB22,60.5
2025,ppr,RJ Harvey,DEN,59,RB23,60.8
2025,ppr,Isiah Pacheco,DET,60,RB24,60.8
2025,ppr,Zay Flowers,BAL,61,WR27,61.8
2025,ppr,Baker Mayfield,TB,62,QB7,62.5
2025,ppr,Travis Kelce,KC,63,TE5,62.5
2025,ppr,T.J. Hockenson,MIN,64,TE6,63.5
2025,ppr,Calvin Ridley,TEN,65,WR28,63.7
2025,ppr,Tony Pollard,TEN,66,RB25,65.2
2025,ppr,Aaron Jones Sr.,MIN,67,RB26,65.3
2025,ppr,George Pickens,DAL,68,WR29,65.7
2025,ppr,Travis Hunter,JAC,69,WR30,69.8
2025,ppr,Bo Nix,DEN,70,QB8,70.7
2025,ppr,Rashee Rice,KC,71,WR31,71.2
2025,ppr,Jaylen Waddle,DEN,72,WR32,72.2
2025,ppr,Mark Andrews,BAL,73,TE7,74.3
2025,ppr,Jerry Jeudy,CLE,74,WR33,74.5
2025,ppr,Tyrone Tracy Jr.,NYG,75,RB27,80.7
2025,ppr,Kaleb Johnson,PIT,76,RB28,81.2
2025,ppr,Rome Odunze,CHI,77,WR34,81.3
2025,ppr,Chris Olave,NO,78,WR35,82.3
2025,ppr,Deebo Samuel Sr.,,79,WR36,84.0
2025,ppr,David Njoku,LAC,80,TE8,84.2
2025,ppr,Evan Engram,DEN,81,TE9,84.7
2025,ppr,Emeka Egbuka,TB,82,WR37,86.2
2025,ppr,Kyler Murray,MIN,83,QB9,86.2
2025,ppr,Jaylen Warren,PIT,84,RB29,87.5
2025,ppr,Ricky Pearsall,SF,85,WR38,87.5
2025,ppr,Stefon Diggs,,86,WR39,87.5
2025,ppr,Tyler Warren,IND,87,TE10,88.7
2025,ppr,Jakobi Meyers,JAC,88,WR40,90.8
2025,ppr,Matthew Golden,GB,89,WR41,92.2
2025,ppr,Cooper Kupp,SEA,90,WR42,92.5
2025,ppr,Jordan Addison,MIN,91,WR43,95.7
2025,ppr,Travis Etienne Jr.,NO,92,RB30,98.8
2025,ppr,Brock Purdy,SF,93,QB10,100.0
2025,ppr,Dak Prescott,DAL,94,QB11,100.5
2025,ppr,Jordan Mason,MIN,95,RB31,101.5
2025,ppr,Jacory Croskey-Merritt,WAS,96,RB32,102.2
2025,ppr,Cam Skattebo,NYG,97,RB33,103.8
2025,ppr,J.K. Dobbins,DEN,98,RB34,104.8
2025,ppr,Denver Broncos,DST,99,DST1,105.2
2025,ppr,Jared Goff,DET,100,QB12,105.7
2025,ppr,Khalil Shakir,BUF,101,WR44,105.7
2025,ppr,Chris Godwin Jr.,TB,102,WR45,107.0
2025,ppr,Brandon Aubrey,DAL,103,K1,107.2
2025,ppr,Jauan Jennings,MIN,104,WR46,109.7
2025,ppr,Zach Charbonnet,SEA,105,RB35,110.0
2025,ppr,Tucker Kraft,GB,106,TE11,110.5
2025,ppr,Javonte Williams,DAL,107,RB36,111.7
2025,ppr,Michael Pittman Jr.,PIT,108,WR47,112.3
2025,ppr,Justin Herbert,LAC,109,QB13,113.8
2025,ppr,Rhamondre Stevenson,NE,110,RB37,114.2
2025,ppr,Philadelphia Eagles,DST,111,DST2,114.5
2025,ppr,Colston Loveland,CHI,112,TE12,115.7
2025,ppr,Justin Fields,KC,113,QB14,116.7
2025,ppr,Joe Mixon,,114,RB38,117.5
2025,ppr,Keon Coleman,BUF,115,WR48,118.0
2025,ppr,Baltimore Ravens,DST,116,DST3,120.7
2025,ppr,Quinshon Judkins,CLE,117,RB39,121.3
2025,ppr,Caleb Williams,CHI,118,QB15,122.2
2025,ppr,Brian Robinson Jr.,ATL,119,RB40,126.8
2025,ppr,Josh Downs,IND,120,WR49,127.3
2025,ppr,Nick Chubb,,121,RB41,128.8
2025,ppr,Drake Maye,NE,122,QB16,128.8
2025,ppr,Jayden Reed,GB,123,WR50,129.0
2025,ppr,Dalton Kincaid,BUF,124,TE13,129.8
2025,ppr,Jake Bates,DET,125,K2,130.5
2025,ppr,C.J. Stroud,HOU,126,QB17,130.8
2025,ppr,Cameron Dicker,LAC,127,K3,133.5
2025,ppr,Pittsburgh Steelers,DST,128,DST4,133.7
2025,ppr,Najee Harris,LAC,129,RB42,135.0
2025,ppr,Tank Bigsby,PHI,130,RB43,135.2
2025,ppr,Kyle Pitts Sr.,ATL,131,TE14,135.7
2025,ppr,Jordan Love,GB,132,QB18,135.7
2025,ppr,Buffalo Bills,DST,133,DST5,136.7
2025,ppr,Braelon Allen,NYJ,134,RB44,137.2
2025,ppr,Jake Ferguson,DAL,135,TE15,137.5
2025,ppr,Darnell Mooney,NYG,136,WR51,139.5
2025,ppr,Houston Texans,DST,137,DST6,141.5
2025,ppr,Jaydon Blue,DAL,138,RB45,142.3
2025,ppr,Dallas Goedert,PHI,139,TE16,142.3
2025,ppr,Minnesota Vikings,DST,140,DST7,145.0
2025,ppr,Rashid Shaheed,SEA,141,WR52,145.5
2025,ppr,Rachaad White,WAS,142,RB46,145.5
2025,ppr,Chase McLaughlin,TB,143,K4,145.8
2025,ppr,J.J. McCarthy,MIN,144,QB19,146.0
2025,ppr,Keenan Allen,LAC,145,WR53,146.8
2025,ppr,Brandon Aiyuk,SF,146,WR54,147.2
2025,ppr,Bhayshul Tuten,JAC,147,RB47,148.7
2025,ppr,Christian Kirk,SF,148,WR55,151.0
2025,ppr,Jayden Higgins,HOU,149,WR56,151.2
2025,ppr,Marvin Mims Jr.,DEN,150,WR57,151.7
2025,ppr,Jonnu Smith,,151,TE17,152.7
2025,ppr,Zach Ertz,,152,TE18,154.2
2025,ppr,Trey Benson,ARI,153,RB48,156.5
2025,ppr,Chris Boswell,PIT,154,K5,157.7
2025,ppr,Jerome Ford,WAS,155,RB49,157.7
2025,ppr,Green Bay Packers,DST,156,DST8,160.0
2025,ppr,Trevor Lawrence,JAC,157,QB20,160.5
2025,ppr,Ollie Gordon II,MIA,158,RB50,161.2
2025,ppr,Hunter Henry,NE,159,TE19,164.7
2025,ppr,San Francisco 49ers,DST,160,DST9,166.0
2025,ppr,Jake Elliott,PHI,161,K6,167.0
2025,ppr,Tyler Bass,BUF,162,K7,167.8
2025,ppr,Detroit Lions,DST,163,DST10,168.0
2025,ppr,Tyler Allgeier,ARI,164,RB51,169.2
2025,ppr,Hollywood Brown,PHI,165,WR58,170.3
2025,ppr,Tre' Harris,LAC,224,WR70,170.3
2025,ppr,Ka'imi Fairbairn,HOU,166,K8,171.2
2025,ppr,Dylan Sampson,CLE,167,RB52,171.7
2025,ppr,Harrison Butker,KC,168,K9,171.7
2025,ppr,Rashod Bateman,BAL,169,WR59,172.2
2025,ppr,Adam Thielen,,170,WR60,172.8
2025,ppr,Ray Davis,BUF,171,RB53,173.7
2025,ppr,Kansas City Chiefs,DST,172,DST11,173.8
2025,ppr,Tua Tagovailoa,ATL,173,QB21,175.3
2025,ppr,Luther Burden III,CHI,174,WR61,176.2
2025,ppr,Xavier Legette,CAR,175,WR62,177.2
2025,ppr,Cam Ward,TEN,176,QB22,178.3
2025,ppr,Cam Little,JAC,177,K10,180.2
2025,ppr,Matthew Stafford,LAR,178,QB23,180.5
2025,ppr,Tyjae Spears,TEN,179,RB54,183.8
2025,ppr,Michael Penix Jr.,ATL,180,QB24,185.0
2025,ppr,Bryce Young,CAR,181,QB25,187.7
2025,ppr,Rico Dowdle,PIT,204,RB57,189.0
2025,ppr,Wan'Dale Robinson,TEN,182,WR63,189.3
2025,ppr,Tyler Loop,BAL,183,K11,190.3
2025,ppr,Wil Lutz,DEN,184,K12,192.0
2025,ppr,Matt Gay,LV,205,K15,193.2
2025,ppr,Isaiah Likely,NYG,185,TE20,194.0
2025,ppr,Jason Sanders,NYJ,206,K16,194.0
2025,ppr,Chig Okonkwo,WAS,229,TE27,194.5
2025,ppr,Joshua Palmer,BUF,230,WR71,194.8
2025,ppr,Seattle Seahawks,DST,186,DST12,197.0
2025,ppr,Arizona Cardinals,DST,187,DST13,197.3
2025,ppr,Brenton Strange,JAC,188,TE21,197.5
2025,ppr,Cedric Tillman,CLE,189,WR64,199.3
2025,ppr,Kyle Williams,NE,231,WR72,200.3
2025,ppr,Tampa Bay Buccaneers,DST,207,DST20,201.2
2025,ppr,Geno Smith,NYJ,190,QB26,201.5
2025,ppr,Isaac Guerendo,SF,208,RB58,202.4
2025,ppr,Pat Freiermuth,PIT,209,TE23,203.6
2025,ppr,Aaron Rodgers,PIT,210,QB27,203.6
2025,ppr,Romeo Doubs,NE,191,WR65,203.7
2025,ppr,Darren Waller,,192,TE22,204.3
2025,ppr,Evan McPherson,CIN,193,K13,204.7
2025,ppr,DeMario Douglas,NE,194,WR66,205.2
2025,ppr,Sam Darnold,SEA,211,QB28,205.4
2025,ppr,DeAndre Hopkins,BAL,233,WR73,205.8
2025,ppr,Kareem Hunt,,195,RB55,206.3
2025,ppr,Younghoe Koo,,196,K14,210.8
2025,ppr,Chicago Bears,DST,212,DST21,211.4
2025,ppr,New England Patriots,DST,213,DST22,212.2
2025,ppr,Washington Commanders,DST,197,DST14,212.3
2025,ppr,Los Angeles Chargers,DST,198,DST15,213.2
2025,ppr,Blake Corum,LAR,234,RB63,213.3
2025,ppr,Dallas Cowboys,DST,199,DST16,213.8
2025,ppr,Cade Otton,TB,214,TE24,214.4
2025,ppr,Isaac TeSlaa,DET,215,WR67,214.6
2025,ppr,Jaylen Wright,MIA,235,RB64,214.8
2025,ppr,Daniel Carlson,LV,216,K17,217.2
2025,ppr,Woody Marks,HOU,236,RB65,218.0
2025,ppr,Justice Hill,BAL,237,RB66,218.0
2025,ppr,Will Shipley,PHI,200,RB56,219.8
2025,ppr,Los Angeles Rams,DST,201,DST17,221.2
2025,ppr,New York Giants,DST,202,DST18,221.5
2025,ppr,Dont'e Thornton Jr.,LV,217,WR68,222.8
2025,ppr,New York Jets,DST,203,DST19,223.5
2025,ppr,Cincinnati Bengals,DST,239,DST24,223.8
2025,ppr,Brandon McManus,,218,K18,226.2
2025,ppr,Mason Taylor,NYJ,240,TE28,226.3
2025,ppr,Jack Bech,LV,242,WR74,227.8
2025,ppr,Jaxson Dart,NYG,243,QB30,228.3
2025,ppr,Raheem Mostert,LV,219,RB59,228.4
2025,ppr,Cleveland Browns,DST,244,DST25,230.0
2025,ppr,Atlanta Falcons,DST,277,DST29,231.0
2025,ppr,Elijah Arroyo,SEA,245,TE30,231.5
2025,ppr,Will Reichard,MIN,220,K19,231.6
2025,ppr,Alec Pierce,IND,246,WR75,233.8
2025,ppr,Quentin Johnston,LAC,221,WR69,234.6
2025,ppr,Jake Moody,WAS,222,K20,236.2
2025,ppr,Shedeur Sanders,CLE,247,QB31,236.3
2025,ppr,Roschon Johnson,CHI,223,RB60,237.4
2025,ppr,Jason Myers,SEA,330,K28,238.0
2025,ppr,Anthony Richardson Sr.,IND,248,QB32,238.3
2025,ppr,Russell Wilson,,249,QB33,239.0
2025,ppr,Keaton Mitchell,LAC,250,RB67,240.5
2025,ppr,Tyler Lockett,LV,283,WR87,242.0
2025,ppr,DJ Giddens,IND,251,RB68,243.5
2025,ppr,Elic Ayomanor,TEN,252,WR76,243.8
2025,ppr,Miles Sanders,,253,RB69,244.0
2025,ppr,Scott Matlock,LAC,421,DT,244.0
2025,ppr,Joshua Karty,,284,K22,247.0
2025,ppr,Trevon Grimes,,422,WR139,247.0
2025,ppr,Cairo Santos,CHI,286,K23,247.7
2025,ppr,Kyle Monangai,CHI,255,RB70,248.8
2025,ppr,DeWayne McBride,,424,RB98,250.0
2025,ppr,Cole Kmet,CHI,256,TE31,250.5
2025,ppr,Matt Barkley,,425,QB58,251.0
2025,ppr,Kyle Juszczyk,SF,426,RB99,251.0
2025,ppr,Raymond Calais,,427,RB100,252.0
2025,ppr,Mike Gesicki,CIN,225,TE25,252.8
2025,ppr,Miami Dolphins,DST,226,DST23,254.0
2025,ppr,Jalen McMillan,TB,287,WR89,254.7
2025,ppr,Kendre Miller,NO,227,RB61,255.0
2025,ppr,Bruce Anderson,III,428,RB101,255.0
2025,ppr,Ethan Fernea,,430,WR140,256.0
2025,ppr,Dalton Schultz,HOU,228,TE26,259.4
2025,ppr,Matt Bushman,,434,TE59,261.0
2025,ppr,Jalen Coker,CAR,259,WR79,263.0
2025,ppr,Daniel Jones,IND,260,QB34,263.3
2025,ppr,Indianapolis Colts,DST,261,DST26,264.8
2025,ppr,Elijah Mitchell,PHI,262,RB71,265.3
2025,ppr,Devin Singletary,NYG,289,RB76,265.3
2025,ppr,Calvin Austin III,NYG,263,WR80,265.5
2025,ppr,Dontrell Hilliard,,437,RB102,266.0
2025,ppr,Noah Gray,KC,264,TE33,267.0
2025,ppr,Binjimen Victor,,439,WR143,267.0
2025,ppr,Tahj Brooks,CIN,232,RB62,267.2
2025,ppr,Las Vegas Raiders,DST,265,DST27,267.3
2025,ppr,Graham Gano,,291,K24,269.7
2025,ppr,Mason Crosby,,441,K42,271.0
2025,ppr,Andrei Iosivas,CIN,292,WR91,273.7
2025,ppr,Brashard Smith,KC,266,RB72,273.8
2025,ppr,Chris Rodriguez Jr.,JAC,293,RB77,274.0
2025,ppr,Jermar Jefferson,,346,RB91,274.0
2025,ppr,Matt Colburn,II,446,RB103,274.0
2025,ppr,Dominique Dafney,,447,TE62,275.0
2025,ppr,Dameon Pierce,PHI,295,RB78,275.3
2025,ppr,Trevor Etienne,CAR,267,RB73,276.8
2025,ppr,KaVontae Turpin,DAL,350,WR112,277.5
2025,ppr,Darius Slayton,NYG,268,WR81,278.0
2025,ppr,Jamal Custis,,452,WR149,278.0
2025,ppr,Luke McCaffrey,WAS,296,WR93,278.7
2025,ppr,Joe Flacco,CIN,238,QB29,278.8
2025,ppr,Juwan Johnson,NO,297,TE37,279.0
2025,ppr,Theo Johnson,NYG,298,TE38,279.3
2025,ppr,MarShawn Lloyd,GB,299,RB79,279.7
2025,ppr,Michael Wilson,ARI,269,WR82,279.8
2025,ppr,Jalen Tolbert,MIA,351,WR113,280.0
2025,ppr,Trevon Clark,,453,WR150,280.0
2025,ppr,Kirk Cousins,LV,300,QB36,281.7
2025,ppr,New Orleans Saints,DST,270,DST28,282.0
2025,ppr,Jaleel McLaughlin,DEN,301,RB80,283.0
2025,ppr,Andy Borregales,NE,302,K25,283.3
2025,ppr,Justin Tucker,,271,K21,284.3
2025,ppr,Sean Tucker,TB,304,RB82,284.7
2025,ppr,Troy Franklin,DEN,272,WR83,285.0
2025,ppr,Ja'Tavion Sanders,CAR,241,TE29,286.0
2025,ppr,Kennedy Brooks,,459,RB107,286.0
2025,ppr,Pat Bryant,DEN,273,WR84,286.3
2025,ppr,Zack Moss,,274,RB74,287.0
2025,ppr,Dalvin Cook,,462,RB110,287.0
2025,ppr,Myron Mitchell,,463,WR153,288.0
2025,ppr,Adonai Mitchell,NYJ,305,WR94,288.7
2025,ppr,Ray-Ray McCloud,III,306,WR95,289.3
2025,ppr,Darrell Stewart Jr.,,465,WR154,290.0
2025,ppr,Dyami Brown,WAS,275,WR85,292.8
2025,ppr,Artavis Pierce,,467,RB111,293.0
2025,ppr,Ryan Fitzgerald,CAR,355,K32,293.5
2025,ppr,Tre Tucker,LV,357,WR115,294.5
2025,ppr,Ezekiel Elliott,,470,RB112,295.0
2025,ppr,Antonio Gibson,,307,RB83,295.7
2025,ppr,Diontae Johnson,,308,WR96,296.7
2025,ppr,Dawson Knox,BUF,309,TE39,299.0
2025,ppr,Darrell Henderson Jr.,,472,RB113,299.0
2025,ppr,Dion Lewis,,473,RB114,300.0
2025,ppr,Terrance Ferguson,LAR,276,TE34,301.3
2025,ppr,Tory Horton,SEA,254,WR77,301.4
2025,ppr,Tyler Higbee,LAR,310,TE40,302.0
2025,ppr,Jimmy Horn Jr.,CAR,359,WR116,304.5
2025,ppr,Jacksonville Jaguars,DST,311,DST31,304.7
2025,ppr,Codey McElroy,,479,TE66,305.0
2025,ppr,Jalen Milroe,SEA,278,QB35,305.5
2025,ppr,Odell Beckham Jr.,NYG,360,WR117,305.5
2025,ppr,Ty Johnson,BUF,312,RB84,305.7
2025,ppr,Tyler Conklin,DET,279,TE35,306.0
2025,ppr,Jarquez Hunter,LAR,280,RB75,307.0
2025,ppr,Caleb Scott,,480,WR158,307.0
2025,ppr,Elijah Moore,PHI,313,WR97,307.3
2025,ppr,Jameis Winston,NYG,314,QB37,307.7
2025,ppr,Roman Wilson,,281,WR86,308.3
2025,ppr,Nick Westbrook-Ikhine,IND,364,WR119,308.5
2025,ppr,JuJu Smith-Schuster,NYG,315,WR98,308.7
2025,ppr,Jaylin Noel,HOU,257,WR78,309.0
2025,ppr,Carolina Panthers,DST,316,DST32,309.3
2025,ppr,J.J. Taylor,,366,RB93,309.5
2025,ppr,Brock Wright,DET,368,TE50,310.5
2025,ppr,Tennessee Titans,DST,282,DST30,311.0
2025,ppr,Blake Grupe,IND,317,K26,311.3
2025,ppr,Harold Fannin Jr.,CLE,258,TE32,312.4
2025,ppr,Tyler Shough,NO,318,QB38,313.7
2025,ppr,Darrel Williams,,488,RB117,314.0
2025,ppr,Brandin Cooks,,373,WR122,315.0
2025,ppr,Tutu Atwell,MIA,319,WR99,315.3
2025,ppr,AJ Dillon,CAR,320,RB85,315.3
2025,ppr,Dontayvion Wicks,PHI,285,WR88,316.0
2025,ppr,Marcus Martin,,494,OL,318.0
2025,ppr,Emanuel Wilson,SEA,321,RB86,318.3
2025,ppr,Noah Fant,NO,322,TE41,318.7
2025,ppr,Deshaun Watson,CLE,375,QB44,319.0
2025,ppr,Allen Lazard,,376,WR124,320.0
2025,ppr,Zamir White,LV,323,RB87,320.3
2025,ppr,Chandler Brayboy,JAC,497,WR162,321.0
2025,ppr,Jalen Nailor,LV,379,WR125,322.0
2025,ppr,Kenny Gainwell,TB,324,RB88,322.7
2025,ppr,Tank Dell,HOU,325,WR100,324.0
2025,ppr,Malik Washington,MIA,326,WR101,324.3
2025,ppr,Jamire Jordan,,503,WR167,325.0
2025,ppr,Gabe Davis,,504,WR168,325.0
2025,ppr,Marquez Valdes-Scantling,DAL,327,WR102,326.7
2025,ppr,Kayshon Boutte,NE,288,WR90,327.8
2025,ppr,Taysom Hill,,290,TE36,330.0
2025,ppr,Devaughn Vele,NO,384,WR127,330.0
2025,ppr,KeAndre Lambert-Smith,LAC,328,WR103,331.3
2025,ppr,Spencer Shrader,IND,329,K27,331.7
2025,ppr,Daniel Helm,,509,TE69,332.0
2025,ppr,Brett Maher,,510,K48,333.0
2025,ppr,Jahan Dotson,ATL,331,WR104,333.3
2025,ppr,Joey Slye,TEN,332,K29,334.0
2025,ppr,Kirk Merritt,,511,WR170,334.0
2025,ppr,Efton Chism III,NE,333,WR105,335.7
2025,ppr,Jalen Royals,KC,294,WR92,336.5
2025,ppr,Theo Wease Jr.,MIA,514,WR171,337.0
2025,ppr,Michael Mayer,LV,334,TE42,339.7
2025,ppr,Christian Watson,GB,335,WR106,340.0
2025,ppr,Michael Badgley,,516,K49,340.0
2025,ppr,Spencer Rattler,NO,390,QB49,340.5
2025,ppr,Luke Musgrave,GB,336,TE43,342.0
2025,ppr,Audric Estime,NO,337,RB89,342.7
2025,ppr,Jordan James,SF,303,RB81,343.8
2025,ppr,Nick Folk,ATL,392,K34,344.0
2025,ppr,Kenjon Barner,,518,RB123,344.0
2025,ppr,Chad Ryland,ARI,338,K30,344.3
2025,ppr,Anthony Jones,,519,RB124,345.0
2025,ppr,Lenny Krieg,,520,K51,346.0
2025,ppr,Tez Johnson,TB,339,WR107,346.3
2025,ppr,Bryan Edwards,,523,WR172,347.0
2025,ppr,Theo Riddick,,526,RB126,348.0
2025,ppr,Jordan Travis,,527,QB72,348.0
2025,ppr,Olamide Zaccheaus,ATL,341,WR109,349.7
2025,ppr,Alex Smith,,530,QB73,350.0
2025,ppr,Earnest Edwards,IV,531,WR175,350.0
2025,ppr,Hunter Renfrow,,342,WR110,350.7
2025,ppr,Will Dissly,,343,TE44,352.0
2025,ppr,Parker Romo,,399,K35,352.0
2025,ppr,Marshawn Lynch,,534,RB128,352.0
2025,ppr,Damien Martinez,GB,344,RB90,354.0
2025,ppr,Le'Veon Bell,,535,RB129,354.0
2025,ppr,Harrison Mevis,LAR,400,K36,354.5
2025,ppr,Dustin Hopkins,,345,K31,355.0
2025,ppr,Quinn Ewers,MIA,402,QB53,355.5
2025,ppr,AJ Barner,SEA,403,TE55,356.5
2025,ppr,Adam Trautman,DEN,404,TE56,356.5
2025,ppr,Darnell Washington,PIT,347,TE45,356.7
2025,ppr,Kenny Stills,,406,WR133,357.0
2025,ppr,Lamar Miller,,539,RB131,357.0
2025,ppr,Isaac Rex,,540,TE73,357.0
2025,ppr,Jha'Quan Jackson,HOU,542,WR178,358.0
2025,ppr,Darius Cooper,PHI,349,WR111,358.3
2025,ppr,Grant Calcaterra,PHI,352,TE46,360.7
2025,ppr,T.Y. Hilton,,543,WR179,361.0
2025,ppr,Equanimeous St. Brown,,410,WR134,362.0
2025,ppr,George Campbell,,545,WR181,363.0
2025,ppr,Noah Cain,,546,RB133,363.0
2025,ppr,Austin Hooper,ATL,353,TE47,367.0
2025,ppr,Garrett Greene,TB,550,WR183,368.0
2025,ppr,John Metchie III,CAR,354,WR114,368.7
2025,ppr,Cole Beasley,,553,WR185,369.0
2025,ppr,Robert Foster,,554,WR186,369.0
2025,ppr,Joe Milton III,DAL,356,QB39,369.7
2025,ppr,Ellis Merriweather,,556,RB137,370.0
2025,ppr,Parker Washington,JAC,414,WR137,370.5
2025,ppr,Kyle Allen,BUF,416,QB56,372.0
2025,ppr,John Franklin,III,559,WR188,372.0
2025,ppr,A.J. Green,,561,WR190,373.0
2025,ppr,Kaden Smith,,563,TE75,374.0
2025,ppr,Joshua Dobbs,,358,QB40,375.0
2025,ppr,Ted Ginn Jr.,,564,WR192,375.0
2025,ppr,Julio Jones,,565,WR193,375.0
2025,ppr,Devin Gray,,566,WR194,375.0
2025,ppr,Jeff Badet,,567,WR195,376.0
2025,ppr,Samaje Perine,CIN,419,RB97,376.5
2025,ppr,Jimmy Garoppolo,LAR,361,QB41,378.0
2025,ppr,Deon Yelder,,570,TE76,378.0
2025,ppr,Mitch Tinsley,CIN,362,WR118,378.3
2025,ppr,Jalen Guyton,,571,WR196,379.0
2025,ppr,Anthony Brown Jr.,,572,QB75,379.0
2025,ppr,Ben Sinnott,WAS,363,TE48,379.3
2025,ppr,Mason Rudolph,PIT,367,QB42,380.3
2025,ppr,Elijah Higgins,ARI,369,TE51,381.3
2025,ppr,Josh Oliver,MIN,365,TE49,382.0
2025,ppr,Carson Wentz,MIN,370,QB43,382.0
2025,ppr,Jordan Whittington,LAR,371,WR120,383.0
2025,ppr,Michael Pratt,,577,QB77,383.0
2025,ppr,LaJohntay Wester,BAL,372,WR121,383.7
2025,ppr,Ian Book,,580,QB78,385.0
2025,ppr,Jake Bobo,SEA,374,WR123,385.7
2025,ppr,Jason Witten,,581,TE80,386.0
2025,ppr,Brycen Tremayne,CAR,582,WR199,386.0
2025,ppr,Wendell Smallwood,,583,RB140,387.0
2025,ppr,Randy Bullock,,584,K53,388.0
2025,ppr,Kenny Pickett,CAR,377,QB45,388.3
2025,ppr,Greg Zuerlein,,429,K41,388.5
2025,ppr,Cam Newton,,586,QB79,389.0
2025,ppr,Connor Heyward,LV,432,TE58,389.5
2025,ppr,Jalin Hyatt,NYG,380,WR126,389.7
2025,ppr,Tanner McKee,PHI,381,QB46,390.3
2025,ppr,Andre Szmyt,CLE,378,K33,391.0
2025,ppr,Craig Reynolds,,382,RB94,391.0
2025,ppr,Tanner Brown,NO,588,K54,391.0
2025,ppr,Jashaun Corbin,,591,RB141,392.0
2025,ppr,Ty Chandler,NO,383,RB95,393.3
2025,ppr,Drew Lock,SEA,436,QB60,393.5
2025,ppr,Giovani Bernard,,593,RB142,394.0
2025,ppr,Khalil Herbert,,385,RB96,394.7
2025,ppr,Malik Willis,MIA,386,QB47,395.0
2025,ppr,Jake Funk,,595,RB143,395.0
2025,ppr,Tim Tebow,,597,TE83,397.0
2025,ppr,John Samuel Shenker,,598,TE84,398.0
2025,ppr,Eddy Pineiro,SF,448,K43,399.0
2025,ppr,Sterling Shepard,,449,WR148,399.0
2025,ppr,Frank Gore Jr.,BUF,450,RB104,399.0
2025,ppr,Jeremy McNichols,WAS,451,RB105,399.5
2025,ppr,Gardner Minshew II,ARI,387,QB48,399.7
2025,ppr,Luke Schoonmaker,DAL,388,TE52,400.3
2025,ppr,D.J. Montgomery,,454,WR151,401.0
2025,ppr,Mitchell Trubisky,TEN,391,QB50,401.7
2025,ppr,Xavier Restrepo,TEN,340,WR108,401.8
2025,ppr,Luke Stocker,,603,TE87,402.0
2025,ppr,Patrick Ricard,NYG,460,RB108,404.0
2025,ppr,Austin Seibert,,464,K44,405.0
2025,ppr,Rob Gronkowski,,607,TE90,405.0
2025,ppr,Cooper Rush,,393,QB51,405.3
2025,ppr,Tommy DeVito,NE,455,QB61,405.5
2025,ppr,Riley Patterson,MIA,466,K45,406.0
2025,ppr,Oronde Gadsden II,LAC,389,TE53,406.3
2025,ppr,Mac Jones,SF,394,QB52,407.0
2025,ppr,Robert Griffin,III,608,QB82,407.0
2025,ppr,Noah Brown,,468,WR155,407.5
2025,ppr,Mack Hollins,NE,395,WR128,407.7
2025,ppr,Tyquan Thornton,KC,396,WR129,408.3
2025,ppr,Demarcus Robinson,SF,397,WR130,408.3
2025,ppr,Curtis Samuel,,398,WR131,408.3
2025,ppr,Julian Hill,NE,401,TE54,410.7
2025,ppr,Josh Reynolds,,474,WR157,411.0
2025,ppr,Bryce Ford-Wheaton,,611,WR205,411.0
2025,ppr,Trey Lance,LAC,475,QB62,412.0
2025,ppr,Luke Lachey,GB,613,TE92,412.0
2025,ppr,C.J. Ham,,478,RB115,413.0
2025,ppr,Kalif Raymond,CHI,405,WR132,413.3
2025,ppr,Jude McAtamney,,407,K37,414.3
2025,ppr,Jarrett Stidham,DEN,408,QB54,414.3
2025,ppr,Justin Watson,HOU,483,WR161,415.5
2025,ppr,Matt Prater,,484,K46,416.0
2025,ppr,Kalel Mullings,TEN,614,RB145,416.0
2025,ppr,Skyy Moore,GB,412,WR136,417.0
2025,ppr,Carson Steele,PHI,485,RB116,417.0
2025,ppr,Hassan Haskins,LAC,617,RB146,417.0
2025,ppr,Will Howard,PIT,413,QB55,417.7
2025,ppr,Leonard Fournette,,489,RB118,418.0
2025,ppr,Caden Davis,,409,K38,418.3
2025,ppr,Drew Sample,CIN,492,TE67,419.0
2025,ppr,Brandon Allen,NYG,495,QB67,420.0
2025,ppr,Kylen Granson,TEN,496,TE68,420.0
2025,ppr,E.J. Jenkins,PHI,622,TE94,421.0
2025,ppr,Braxton Berrios,NYG,431,WR141,421.5
2025,ppr,Matthew Wright,,415,K39,421.7
2025,ppr,Kadarius Toney,,499,WR164,422.0
2025,ppr,Jaren Hall,,624,QB85,422.0
2025,ppr,Hunter Luepke,DAL,625,RB148,422.0
2025,ppr,Jason Brownlee,KC,501,WR165,422.5
2025,ppr,Tyson Bagent,CHI,493,QB66,423.0
2025,ppr,Tai Felton,MIN,502,WR166,423.5
2025,ppr,Chris Brooks,GB,505,RB121,424.5
2025,ppr,Ainias Smith,CAR,628,WR210,426.0
2025,ppr,Devin Neal,NO,348,RB92,426.3
2025,ppr,Greg Joseph,,420,K40,428.3
2025,ppr,George Holani,SEA,512,RB122,428.5
2025,ppr,Tyrell Shavers,BUF,418,WR138,428.7
2025,ppr,Isaiah Neyor,GB,631,WR211,429.0
2025,ppr,Daniel Bellinger,TEN,423,TE57,431.0
2025,ppr,Anders Carlson,,517,K50,432.5
2025,ppr,Tim Patrick,NYJ,433,WR142,433.7
2025,ppr,Tyler Badie,DEN,521,RB125,434.0
2025,ppr,Mark McNamee,,524,K52,434.5
2025,ppr,Tylan Wallace,CLE,525,WR173,434.5
2025,ppr,Lucky Jackson,DET,506,WR169,435.0
2025,ppr,Isaiah Bond,CLE,528,WR174,435.0
2025,ppr,David Moore,CAR,532,WR176,436.0
2025,ppr,Matt Ammendola,,640,K56,437.0
2025,ppr,Van Jefferson,WAS,536,WR177,438.0
2025,ppr,Rasheen Ali,BAL,537,RB130,438.0
2025,ppr,Devontez Walker,BAL,444,WR147,439.0
2025,ppr,Max Duggan,,645,QB88,442.0
2025,ppr,Mo Alie-Cox,IND,457,TE63,442.7
2025,ppr,Cam Akers,,458,RB106,442.7
2025,ppr,Jacob Kibodi,,647,RB152,444.0
2025,ppr,Sione Vaki,DET,551,RB136,445.0
2025,ppr,Scotty Miller,CHI,469,WR156,446.0
2025,ppr,Darrell Daniels,,651,TE104,446.0
2025,ppr,John FitzPatrick,,557,TE74,446.5
2025,ppr,Teddy Bridgewater,DET,508,QB69,447.0
2025,ppr,Robert Woods,,560,WR189,447.0
2025,ppr,Jake Browning,TB,417,QB57,448.0
2025,ppr,Clyde Edwards-Helaire,,652,RB153,448.0
2025,ppr,Donovan Edwards,MIA,461,RB109,448.3
2025,ppr,Derius Davis,LAC,562,WR191,449.0
2025,ppr,James Robinson,,654,RB155,450.0
2025,ppr,Nikko Remigio,KC,555,WR187,450.5
2025,ppr,Mitchell Evans,CAR,438,TE60,450.7
2025,ppr,Lil'Jordan Humphrey,DEN,573,WR197,451.5
2025,ppr,Gunnar Helm,TEN,445,TE61,452.0
2025,ppr,Zane Gonzalez,MIA,486,K47,452.0
2025,ppr,Rashaad Penny,,655,RB156,452.0
2025,ppr,Stetson Bennett IV,LAR,487,QB64,452.3
2025,ppr,Dylan Laube,LV,656,RB157,454.0
2025,ppr,Cam Miller,MIA,476,QB63,455.5
2025,ppr,Cade Stover,HOU,477,TE65,456.0
2025,ppr,Josh Johnson,CIN,587,QB80,456.0
2025,ppr,Tyler Goodson,ATL,659,RB159,456.0
2025,ppr,Mecole Hardman Jr.,BUF,589,WR201,456.5
2025,ppr,Marcus Mariota,WAS,507,QB68,458.0
2025,ppr,Cade York,NYJ,594,K55,458.0
2025,ppr,Sincere McCormick,SF,661,RB161,458.0
2025,ppr,Tre Watson,KC,662,TE105,459.0
2025,ppr,Andy Dalton,PHI,513,QB70,460.0
2025,ppr,Charlie Kolar,LAC,599,TE85,460.0
2025,ppr,Cedrick Wilson Jr.,DET,600,WR203,460.0
2025,ppr,Dorian Thompson-Robinson,,664,QB89,460.0
2025,ppr,Aidan O'Connell,LV,665,QB90,461.0
2025,ppr,Hendon Hooker,TEN,601,QB81,461.5
2025,ppr,Ricky White III,SEA,456,WR152,461.7
2025,ppr,Nathan Peterman,,668,QB92,462.0
2025,ppr,Tommy Tremble,CAR,522,TE70,463.3
2025,ppr,Chris Evans,,669,RB162,464.0
2025,ppr,Jalen White,,558,RB138,465.0
2025,ppr,Nathan Carter,ATL,670,RB163,465.0
2025,ppr,Jaylin Lane,WAS,498,WR163,466.0
2025,ppr,Dillon Gabriel,CLE,612,QB83,466.5
2025,ppr,Deuce Vaughn,,541,RB132,467.0
2025,ppr,Terrell Jennings,NE,673,RB165,468.0
2025,ppr,Terrace Marshall Jr.,MIA,615,WR206,469.0
2025,ppr,Greg Dortch,DET,616,WR207,469.0
2025,ppr,Keaontay Ingram,,674,RB166,471.0
2025,ppr,Ben Skowronek,PIT,626,WR209,472.0
2025,ppr,Cordarrelle Patterson,,676,RB168,472.0
2025,ppr,Jermaine Burton,,481,WR159,473.0
2025,ppr,Jared Wiley,KC,604,TE88,473.0
2025,ppr,Michael Burton,CLE,677,RB169,473.0
2025,ppr,Patrick Herbert,JAC,578,TE78,473.5
2025,ppr,Trey Sermon,,629,RB149,474.0
2025,ppr,Jacoby Brissett,ARI,678,QB93,474.0
2025,ppr,Tyrod Taylor,GB,630,QB86,474.5
2025,ppr,Melvin Gordon,III,680,RB170,475.0
2025,ppr,Colby Parkinson,LAR,579,TE79,475.7
2025,ppr,Nate Sudfeld,,681,QB94,477.0
2025,ppr,John Bates,WAS,471,TE64,478.0
2025,ppr,Ian Thomas,LV,635,TE97,478.0
2025,ppr,Eric Saubert,SEA,682,TE108,478.0
2025,ppr,Julius Chestnut,TEN,637,RB150,478.5
2025,ppr,Jamaal Williams,,638,RB151,479.0
2025,ppr,Corey Kiner,ARI,500,RB120,480.5
2025,ppr,Nick Nash,WAS,642,WR214,481.5
2025,ppr,Johnny Mundt,PHI,686,TE110,482.0
2025,ppr,Tanner Hudson,CIN,648,TE101,483.0
2025,ppr,Robert Tonyan,PIT,649,TE102,483.0
2025,ppr,Damien Harris,,687,RB171,483.0
2025,ppr,Dare Ogunbowale,,689,RB172,485.0
2025,ppr,Trent Taylor,,691,WR223,486.0
2025,ppr,Travis Homer,PIT,657,RB158,488.5
2025,ppr,Robbie Ouzts,SEA,639,TE98,489.0
2025,ppr,Caden Prieskorn,,695,TE113,490.0
2025,ppr,Jeremy Ruckert,NYJ,663,TE106,490.5
2025,ppr,Raheim Sanders,CLE,533,RB127,491.0
2025,ppr,Alec Ingold,LAC,697,RB174,491.0
2025,ppr,Kyle McCord,GB,435,QB59,491.5
2025,ppr,Xavier Hutchinson,HOU,666,WR218,491.5
2025,ppr,Skylar Thompson,BAL,667,QB91,491.5
2025,ppr,Riley Leonard,IND,568,QB74,492.0
2025,ppr,Beaux Collins,NYG,440,WR144,492.5
2025,ppr,Zay Jones,,576,WR198,492.7
2025,ppr,Jonathan Mingo,DAL,643,WR215,494.3
2025,ppr,Jakob Johnson,,699,RB175,495.0
2025,ppr,Brayden Narveson,,700,K57,495.0
2025,ppr,Emari Demercado,KC,660,RB160,496.0
2025,ppr,Logan Thomas,,701,TE115,496.0
2025,ppr,Ben Sauls,NYG,702,K58,497.0
2025,ppr,Jonathan Ward,,704,RB176,498.0
2025,ppr,Tanner Conner,NYG,705,TE116,498.0
2025,ppr,Nick Mullens,JAC,623,QB84,499.0
2025,ppr,Chase Claypool,,706,WR227,499.0
2025,ppr,Ben DiNucci,,574,QB76,499.5
2025,ppr,Foster Moreau,HOU,683,TE109,500.0
2025,ppr,Byron Pringle,,708,WR229,500.0
2025,ppr,Tim Jones,JAC,710,WR231,501.0
2025,ppr,Luke Farrell,SF,538,TE72,502.0
2025,ppr,Davis Allen,LAR,690,TE111,504.0
2025,ppr,Konata Mumpfield,LAR,585,WR200,504.5
2025,ppr,Gus Edwards,,618,RB147,504.5
2025,ppr,Sam Howell,DAL,490,QB65,504.7
2025,ppr,Zach Wilson,NO,515,QB71,504.7
2025,ppr,Kendrick Bourne,ARI,688,WR222,506.5
2025,ppr,Mitch Van Vooren,,713,WR233,508.0
2025,ppr,Avery Williams,,569,RB139,508.5
2025,ppr,Isaiah Davis,NYJ,675,RB167,509.0
2025,ppr,Payne Durham,TB,696,TE114,509.0
2025,ppr,Drew Ogletree,IND,715,TE118,509.0
2025,ppr,Savion Williams,GB,411,WR135,510.0
2025,ppr,Pierre Strong Jr.,GB,717,RB178,512.0
2025,ppr,Tyler Johnson,DAL,709,WR230,513.0
2025,ppr,Maddux Trujillo,,718,K59,514.0
2025,ppr,Josh Whyle,GB,714,TE117,515.0
2025,ppr,Trey Palmer,NO,712,WR232,516.5
2025,ppr,Jalen Brooks,ARI,719,WR235,517.0
2025,ppr,Jalin Conyers,,720,TE119,519.0
2025,ppr,Thomas Fidone II,NYG,596,TE82,520.0
2025,ppr,Kimani Vidal,LAC,711,RB177,525.5
2025,ppr,Ronnie Bell,NO,722,WR237,526.0
2025,ppr,DeAndre Carter,,692,WR224,528.0
2025,ppr,Gavin Bartholomew,MIN,650,TE103,529.0
2025,ppr,Durham Smythe,BAL,679,TE107,529.5
2025,ppr,KhaDarel Hodge,,672,WR219,530.0
2025,ppr,Dominic Lovett,DET,442,WR145,530.3
2025,ppr,Jahdae Walker,CHI,443,WR146,530.5
2025,ppr,Josh Williams,TB,491,RB119,530.5
2025,ppr,Charlie Jones,CIN,552,WR184,530.5
2025,ppr,Nate Adkins,DEN,723,TE120,534.0
2025,ppr,Ryan Miller,NYG,724,WR238,538.0
2025,ppr,Trent Sherfield Sr.,BUF,698,WR225,542.5
2025,ppr,Tommy Mellott,,592,WR202,543.5
2025,ppr,Jaheim Bell,PIT,725,TE121,545.0
2025,ppr,Charlie Smyth,NO,726,K60,546.0
2025,ppr,Jacardia Wright,SEA,727,RB179,548.0
2025,ppr,Kazmeir Allen,,549,WR182,550.0
2025,ppr,Jacob Cowing,SF,728,WR239,550.0
2025,ppr,Devin Culp,TB,729,TE122,551.0
2025,ppr,Michael Carter,TEN,653,RB154,551.5
2025,ppr,Brevyn Spann-Ford,DAL,730,TE123,552.0
2025,ppr,Bryce Oliver,TEN,731,WR240,553.0
2025,ppr,Ja'Corey Brooks,,482,WR160,553.5
2025,ppr,Terique Owens,,732,WR241,554.0
2025,ppr,Jonathan Kim,,733,K61,558.0
2025,ppr,Arian Smith,NYJ,634,WR213,559.0
2025,ppr,Reggie Gilliam,NE,694,RB173,560.5
2025,ppr,Kendall Milton,CIN,547,RB134,561.5
2025,ppr,Case Keenum,CHI,734,QB95,562.0
2025,ppr,Ameer Abdullah,JAC,735,RB180,565.0
2025,ppr,Ben VanSumeren,BUF,620,LB,565.5
2025,ppr,Phillip Dorsett II,LV,736,WR242,566.0
2025,ppr,Silas Bolden,,737,WR243,567.0
2025,ppr,Jordan Watkins,SF,707,WR228,567.5
2025,ppr,Trevor Siemian,ATL,738,QB96,568.0
2025,ppr,Nick Kallerup,SEA,575,TE77,568.5
2025,ppr,Taylor Heinicke,,739,QB97,570.0
2025,ppr,Chris Moore,,740,WR244,571.0
2025,ppr,Laquon Treadwell,IND,741,WR245,572.0
2025,ppr,Robbie Chosen,,742,WR246,573.0
2025,ppr,Shane Zylstra,BUF,693,TE112,574.5
2025,ppr,Jamal Agnew,,743,WR247,575.0
2025,ppr,Marcus Major Jr.,,548,RB135,575.5
2025,ppr,Zach Pascal,,744,WR248,576.0
2025,ppr,Brady Russell,SEA,646,TE100,578.0
2025,ppr,Pharaoh Brown,,745,TE124,578.0
2025,ppr,Royce Freeman,,746,RB181,579.0
2025,ppr,Michael Gallup,,747,WR249,580.0
2025,ppr,Malik Heath,,658,WR217,582.0
2025,ppr,John Kelly Jr.,,748,RB182,582.0
2025,ppr,Treylon Burks,WAS,703,WR226,582.5
2025,ppr,Anthony Miller,,749,WR250,583.0
2025,ppr,Dante Pettis,NO,750,WR251,584.0
2025,ppr,Jamari Thrash,CLE,632,WR212,585.0
2025,ppr,Devin Leary,,636,QB87,585.5
2025,ppr,Baylor Cupp,,610,TE91,586.0
2025,ppr,Jeff Wilson Jr.,,751,RB183,586.0
2025,ppr,Elijhah Badger,,752,WR252,588.0
2025,ppr,Russell Gage Jr.,,753,WR253,589.0
2025,ppr,Tim Boyle,,754,QB98,590.0
2025,ppr,Colson Yankoff,WAS,605,TE89,591.5
2025,ppr,Cam Grandy,CIN,621,TE93,593.0
2025,ppr,Tahj Washington,MIA,644,WR216,594.0
2025,ppr,Trayveon Williams,,755,RB184,596.0
2025,ppr,Miles Boykin,,756,WR254,597.0
2025,ppr,Kameron Johnson,TB,619,WR208,598.0
2025,ppr,Ashton Dulin,IND,757,WR255,599.0
2025,ppr,Phil Mafah,DAL,606,RB144,599.5
2025,ppr,Irv Smith Jr.,,758,TE125,600.0
2025,ppr,Jimmy Holiday,KC,759,WR256,601.0
2025,ppr,Trenton Irwin,,760,WR257,602.0
2025,ppr,Juwann Winfree,,761,WR258,603.0
2025,ppr,Malik Taylor,,762,WR259,604.0
2025,ppr,Steven Sims Jr.,,763,WR260,605.0
2025,ppr,Elijah Young,,764,RB185,606.0
2025,ppr,Tom Kennedy,DET,765,WR261,607.0
2025,ppr,Devin Duvernay,ARI,766,WR262,610.0
2025,ppr,Tyler Huntley,BAL,767,QB99,611.0
2025,ppr,Ketron Jackson Jr.,,768,WR263,612.0
2025,ppr,Isaiah Hodgins,NYG,769,WR264,614.0
2025,ppr,Giovanni Ricci,,770,TE126,615.0
2025,ppr,Scotty Washington,,771,WR265,616.0
2025,ppr,Harrison Bryant,SEA,772,TE127,617.0
2025,ppr,Brenden Rice,GB,685,WR221,618.0
2025,ppr,KJ Hamler,,773,WR266,619.0
2025,ppr,Andrew Beck,NYJ,627,TE95,619.5
2025,ppr,Albert Okwuegbunam Jr.,LV,774,TE128,620.0
2025,ppr,Ajou Ajou,,775,WR267,622.0
2025,ppr,Caleb Lohner,DEN,529,TE71,622.5
2025,ppr,Laviska Shenault Jr.,,776,WR268,623.0
2025,ppr,Jordan Moore,CIN,544,WR180,623.5
2025,ppr,Cody White,SEA,777,WR269,624.0
2025,ppr,Roc Taylor,,778,WR270,625.0
2025,ppr,Tyree Jackson,,641,TE99,625.5
2025,ppr,Bryce Perkins,,779,QB100,626.0
2025,ppr,K.J. Osborn,TEN,780,WR271,627.0
2025,ppr,Jalen Reagor,MIA,781,WR272,628.0
2025,ppr,JaMycal Hasty,,782,RB186,629.0
2025,ppr,Charlie Woerner,ATL,783,TE129,630.0
2025,ppr,DeeJay Dallas,JAC,784,RB187,631.0
2025,ppr,Joshua Cephus,,609,WR204,633.0
2025,ppr,DJ Uiagalelei,LAC,785,QB101,634.0
2025,ppr,Lawrence Cager,WAS,786,WR273,635.0
2025,ppr,Bryce Pierre,,590,TE81,637.0
2025,ppr,Tarik Black,DET,787,WR274,637.0
2025,ppr,Deon Jackson,,788,RB188,638.0
2025,ppr,Kenny Yeboah,ARI,789,TE130,640.0
2025,ppr,Simi Fehoko,ARI,790,WR275,643.0
2025,ppr,Gary Brightwell,CIN,671,RB164,644.0
2025,ppr,Dez Fitzpatrick,,791,WR276,644.0
2025,ppr,Davis Mills,HOU,792,QB102,646.0
2025,ppr,Sam Ehlinger,DEN,793,QB103,647.0
2025,ppr,Cornell Powell,,794,WR277,649.0
2025,ppr,Zach Horton,DET,602,TE86,650.5
2025,ppr,Hunter Long,JAC,795,TE131,651.0
2025,ppr,Zach Davidson,,796,TE132,652.0
2025,ppr,Kene Nwangwu,NYJ,797,RB189,653.0
2025,ppr,Jackson Hawes,BUF,633,TE96,655.5
2025,ppr,Dee Eskridge,,798,WR278,656.0
2025,ppr,Chimere Dike,TEN,716,WR234,656.5
2025,ppr,Kyle Trask,,799,QB104,657.0
2025,ppr,Winston Wright,,800,WR279,659.0
2025,ppr,Jack Stoll,CLE,801,TE133,660.0
2025,ppr,Jaret Patterson,LAC,802,RB190,661.0
2025,ppr,Desmond Ridder,,803,QB105,663.0
2025,ppr,Velus Jones Jr.,SEA,804,WR280,664.0
2025,ppr,Jake Tonges,SF,805,TE134,665.0
2025,ppr,Michael Woods,II,806,WR281,666.0
2025,ppr,Greg Dulcich,MIA,807,TE135,667.0
2025,ppr,Jelani Woods,NYJ,808,TE136,669.0
2025,ppr,Brittain Brown,CHI,809,RB191,670.0
2025,ppr,Nick Muse,,810,TE137,671.0
2025,ppr,Bam Knight,ARI,811,RB192,672.0
2025,ppr,Britain Covey,PHI,812,WR282,673.0
2025,ppr,Tyrion Davis-Price,,813,RB193,674.0
2025,ppr,Bo Melton,GB,814,WR283,675.0
2025,ppr,Dareke Young,LV,815,WR284,676.0
2025,ppr,David Bell,,721,WR236,677.0
2025,ppr,Aaron Shampklin,,816,RB194,678.0
2025,ppr,Brandon Johnson,LV,817,WR285,680.0
2025,ppr,LeQuint Allen Jr.,JAC,818,RB195,681.0
2025,ppr,Kevin Austin Jr.,NO,819,WR286,682.0
2025,ppr,Graham Mertz,HOU,820,QB106,683.0
2025,ppr,Gage Larvadain,CLE,684,WR220,684.0
2025,ppr,Braylon Sanders,,821,WR287,684.0
2025,ppr,Lucas Krull,DEN,822,TE138,685.0
2025,ppr,Jake Briningstool,KC,823,TE139,686.0
2025,ppr,Ronnie Rivers,LAR,824,RB196,687.0
2025,ppr,Stone Smartt,PHI,825,TE140,688.0
2025,ppr,Tucker Fisk,,826,TE141,689.0
2025,ppr,Raheem Blackshear,,827,RB197,690.0
2025,ppr,Justin Shorter,LV,828,WR288,691.0
2025,ppr,Ja'Quinden Jackson,,829,RB198,692.0
2025,ppr,Key'Shawn Smith,,830,WR289,695.0
2025,ppr,Evan Hull,HOU,831,RB199,697.0
2025,ppr,Will Mallory,IND,832,TE142,698.0
2025,ppr,Zach Evans,,833,RB200,699.0
2025,ppr,Xavier Smith,LAR,834,WR290,700.0
2025,ppr,Jake Haener,,835,QB107,701.0
2025,ppr,Eric Gray,NYG,836,RB201,702.0
2025,ppr,Max Brosmer,MIN,837,QB108,703.0
2025,ppr,Israel Abanikanda,DAL,838,RB202,704.0
2025,ppr,Brayden Willis,SF,839,TE143,705.0
2025,ppr,Brock Lampe,NE,840,RB203,708.0
2025,ppr,Zavier Scott,MIN,841,RB204,710.0
2025,ppr,Xavier Gipson,NYG,842,WR291,711.0
2025,ppr,Carlos Washington Jr.,MIA,843,RB205,714.0
2025,ppr,Jordan Mims,,844,RB206,715.0
2025,ppr,Shedrick Jackson,LV,845,WR292,716.0
2025,ppr,Jalen Moreno-Cropper,NO,846,WR293,718.0
2025,ppr,Princeton Fant,DAL,847,TE144,719.0
2025,ppr,Brady Cook,NYJ,848,QB109,720.0
2025,ppr,Elijah Cooks,,849,WR294,723.0
2025,ppr,Blake Whiteheart,CLE,850,TE145,724.0
2025,ppr,Ben Sims,MIA,851,TE146,725.0
2025,ppr,Max Hurleman,PIT,852,CB,726.0
2025,ppr,Malik Knowles,,853,WR295,727.0
2025,ppr,Johnny Lumpkin,,854,TE147,728.0
2025,ppr,JJ Galbreath,PIT,855,TE148,729.0
2025,ppr,ShunDerrick Powell,,856,RB207,730.0
2025,ppr,Rakim Jarrett,,857,WR296,732.0
2025,ppr,Ben Wooldridge,,858,QB110,734.0
2025,ppr,Jase McClellan,,859,RB208,735.0
2025,ppr,Casey Washington,,860,WR297,736.0
2025,ppr,Erick All Jr.,CIN,861,TE149,739.0
2025,ppr,Ryan Flournoy,DAL,862,WR298,741.0
2025,ppr,Ryan Coe,,863,K62,742.0
2025,ppr,Jawhar Jordan,HOU,864,RB209,743.0
2025,ppr,Anthony Gould,IND,865,WR299,744.0
2025,ppr,Keilan Robinson,,866,RB210,745.0
2025,ppr,Javon Baker,,867,WR300,748.0
2025,ppr,Bub Means,NO,868,WR301,750.0
2025,ppr,Dante Miller,NYG,869,RB211,751.0
2025,ppr,Malachi Corley,CLE,870,WR302,752.0
2025,ppr,Tip Reiman,ARI,871,TE150,754.0
2025,ppr,Jarveon Howard,,872,RB212,757.0
2025,ppr,Junior Bergen,SF,873,WR303,758.0
2025,ppr,Emory Jones,,874,QB111,760.0
2025,ppr,Emani Bailey,,875,RB213,761.0
2025,ppr,JaQuae Jackson,LAC,876,WR304,763.0
2025,ppr,Brenden Bates,CLE,877,TE151,764.0
2025,ppr,Austin Reed,,878,QB112,765.0
2025,ppr,Ian Wheeler,BUF,879,RB214,766.0
2025,ppr,Blake Watson,,880,RB215,768.0
2025,ppr,Thomas Yassmin,,881,TE152,769.0
2025,ppr,Isaiah Williams,NYJ,882,WR305,770.0
2025,ppr,Phil Lutz,,883,WR306,771.0
2025,ppr,Mason Tipton,NO,884,WR307,773.0
2025,ppr,Xavier Weaver,ARI,885,WR308,774.0
2025,ppr,Jabari Small,DET,886,RB216,775.0
2025,ppr,Tanner Mordecai,,887,QB113,776.0
2025,ppr,Cody Schrader,DEN,888,RB217,777.0
2025,ppr,Sam Hartman,WAS,889,QB114,779.0
2025,ppr,British Brooks,HOU,890,RB218,781.0
2025,ppr,Shawn Bowman,,891,TE153,782.0
2025,ppr,Alex Hale,,892,K63,783.0
2025,ppr,Jahmal Banks,,893,WR309,785.0
2025,ppr,Kayron Lynch-Adams,,894,RB219,787.0
2025,ppr,Deion Hankins,,895,RB220,788.0
2025,ppr,Quali Conley,,896,RB221,790.0
2025,ppr,Jamoi Mayes,,897,WR310,791.0
2025,ppr,Ahmani Marshall,CLE,898,RB222,792.0
2025,ppr,Rivaldo Fairweather,ARI,899,TE154,793.0
2025,ppr,Traeshon Holden,DAL,900,WR311,794.0
2025,ppr,Courtney Jackson,TEN,901,WR312,796.0
2025,ppr,Jackson Meeks,DET,902,WR313,798.0
2025,ppr,Amar Johnson,LAC,903,RB223,801.0
2025,ppr,Micah Bernard,,904,RB224,803.0
2025,ppr,Tyler Boyd,,905,WR314,805.0
2025,ppr,Gerald Everett,,906,TE155,806.0
2025,ppr,DJ Chark Jr.,,907,WR315,807.0
2025,ppr,Ross Dwelley,,908,TE156,808.0
2025,ppr,Mike Boone,,909,RB225,809.0
2025,ppr,Keith Kirkwood,,910,WR316,810.0
2025,ppr,Malik Turner,SF,911,WR317,811.0
2025,ppr,Myles Gaskin,,912,RB226,812.0
2025,ppr,Will Grier,,913,QB115,813.0
2025,ppr,Kelvin Harmon,,914,WR318,815.0
2025,ppr,Andy Isabella,,915,WR319,817.0
2025,ppr,Brett Rypien,,916,QB116,818.0
2025,ppr,David Sills V,TB,917,WR320,819.0
2025,ppr,Ihmir Smith-Marsette,ARI,918,WR321,820.0
2025,ppr,Kawaan Baker,,919,WR322,821.0
2025,ppr,Tre' McKitty,,920,TE157,824.0
2025,ppr,Quintin Morris,JAC,921,TE158,825.0
2025,ppr,Feleipe Franks,CAR,922,QB117,826.0
2025,ppr,Brandon Smith,PIT,923,WR323,827.0
2025,ppr,Adam Prentice,DEN,924,RB227,828.0
2025,ppr,Shane Buechele,BUF,925,QB118,829.0
2025,ppr,Michael Bandy,DEN,926,WR324,830.0
2025,ppr,Sal Cannella,,927,TE159,831.0
2025,ppr,Michael Jacobson,,928,TE160,832.0
2025,ppr,James Mitchell,CAR,929,TE161,834.0
2025,ppr,Samori Toure,PHI,930,WR325,835.0
2025,ppr,Teagan Quitoriano,ARI,931,TE162,836.0
2025,ppr,Lance McCutcheon,TEN,932,WR326,837.0
2025,ppr,Erik Ezukanma,PHI,933,WR327,838.0
2025,ppr,Kevin Harris,,934,RB228,839.0
2025,ppr,Bailey Zappe,NYJ,935,QB119,840.0
2025,ppr,Irv Charles,SEA,936,WR328,841.0
2025,ppr,Chris Oladokun,KC,937,QB120,842.0
2025,ppr,Danny Gray,PHI,938,WR329,843.0
2025,ppr,Ko Kieft,TB,939,TE163,844.0
2025,ppr,Justyn Ross,,940,WR330,845.0
2025,ppr,Kendric Pryor,CIN,941,WR331,846.0
2025,ppr,Zaire Mitchell-Paden,NO,942,TE164,847.0
2025,ppr,Malik Davis,DAL,943,RB229,848.0
2025,ppr,Dennis Houston,TB,944,WR332,849.0
2025,ppr,Julian Hicks,,945,WR333,850.0
2025,ppr,Xavier Johnson,CIN,946,WR334,851.0
2025,ppr,Jack Plummer,,947,QB121,852.0
2025,ppr,Cole Burgess,PIT,948,WR335,853.0
2025,ppr,Treyton Welch,NO,949,TE165,854.0
2025,ppr,Jason Bean,,950,QB122,855.0
2025,ppr,Kedon Slovis,ARI,951,QB123,856.0
2025,ppr,Jeshaun Jones,MIN,952,WR336,858.0
2025,ppr,Dallin Holker,,953,TE166,859.0
2025,ppr,David Martin-Robinson,TEN,954,TE167,860.0
2025,ppr,Steven Stilianos,,955,TE168,861.0
2025,ppr,John Jiles,,956,WR337,862.0
2025,ppr,John Rhys Plumlee,,957,QB124,863.0
2025,ppr,Mason Pline,KC,958,TE169,864.0
2025,ppr,D.J. Williams,,959,RB230,865.0
2025,ppr,Michael Wiley,,960,RB231,866.0
2025,ppr,Neal Johnson,,961,TE170,867.0
2025,ppr,Drake Stoops,,962,WR338,868.0
2025,ppr,Hayden Rucci,SF,963,TE171,869.0
2025,ppr,Jaelen Gill,,964,WR339,870.0
2025,ppr,Kevin Foelsch,,965,TE172,871.0
2025,ppr,Geor'Quarius Spivey,,966,TE173,872.0
2025,ppr,Joshua Simon,ATL,967,TE174,873.0
2025,ppr,Xavier Guillory,BAL,968,WR340,874.0
2025,ppr,Lucas Scott,BAL,969,RB232,876.0
2025,ppr,Kelly Akharaiyi,,970,WR341,877.0
2025,ppr,Stephen Gosnell,BUF,971,WR342,878.0
2025,ppr,Keleki Latu,BUF,972,TE175,880.0
2025,ppr,Hal Presley,III,973,WR343,881.0
2025,ppr,Jacolby George,,974,WR344,882.0
2025,ppr,JP Richardson,CHI,975,WR345,884.0
2025,ppr,Rashod Owens,,976,WR346,886.0
2025,ppr,Payton Thorne,,977,QB125,888.0
2025,ppr,Luke Floriea,CLE,978,WR347,889.0
2025,ppr,Cade McDonald,,979,WR348,891.0
2025,ppr,Ja'seem Reed,CAR,980,WR349,892.0
2025,ppr,Josh Kelly,HOU,981,WR350,893.0
2025,ppr,Tyler Neville,,982,TE176,894.0
2025,ppr,Joaquin Davis,PIT,983,WR351,895.0
2025,ppr,Jerjuan Newton,,984,WR352,897.0
2025,ppr,Kyrese Rowan,,985,WR353,898.0
2025,standard,Ja'Marr Chase,CIN,1,WR1,1.0
2025,standard,Bijan Robinson,ATL,2,RB1,2.5
2025,standard,Saquon Barkley,PHI,3,RB2,3.0
2025,standard,Jahmyr Gibbs,DET,4,RB3,4.0
2025,standard,Justin Jefferson,MIN,5,WR2,5.0
2025,standard,CeeDee Lamb,DAL,6,WR3,5.5
2025,standard,Amon-Ra St. Brown,DET,7,WR4,9.0
2025,standard,Malik Nabers,NYG,8,WR5,9.0
2025,standard,Ashton Jeanty,LV,9,RB4,9.5
2025,standard,Christian McCaffrey,SF,10,RB5,10.5
2025,standard,Derrick Henry,BAL,11,RB6,11.0
2025,standard,Nico Collins,HOU,12,WR6,11.5
2025,standard,Puka Nacua,LAR,13,WR7,12.0
2025,standard,Brian Thomas Jr.,JAC,14,WR8,13.5
2025,standard,Josh Jacobs,GB,15,RB7,16.5
2025,standard,Bucky Irving,TB,16,RB8,16.5
2025,standard,De'Von Achane,MIA,17,RB9,17.0
2025,standard,Brock Bowers,LV,18,TE1,18.0
2025,standard,Drake London,ATL,19,WR9,18.5
2025,standard,Chase Brown,CIN,20,RB10,21.5
2025,standard,Jonathan Taylor,IND,21,RB11,21.5
2025,standard,A.J. Brown,NE,22,WR10,22.0
2025,standard,Josh Allen,BUF,23,QB1,23.0
2025,standard,Lamar Jackson,BAL,24,QB2,23.5
2025,standard,Kyren Williams,LAR,25,RB12,25.0
2025,standard,Ladd McConkey,LAC,26,WR11,25.5
2025,standard,Trey McBride,ARI,27,TE2,25.5
2025,standard,Jayden Daniels,WAS,28,QB3,29.5
2025,standard,Jaxon Smith-Njigba,SEA,29,WR12,30.0
2025,standard,Tyreek Hill,,30,WR13,30.0
2025,standard,James Cook III,BUF,31,RB13,31.5
2025,standard,Omarion Hampton,LAC,32,RB14,32.5
2025,standard,Tee Higgins,CIN,33,WR14,34.0
2025,standard,Breece Hall,NYJ,34,RB15,34.0
2025,standard,Terry McLaurin,WAS,35,WR15,36.0
2025,standard,Joe Burrow,CIN,36,QB4,37.5
2025,standard,Garrett Wilson,NYJ,37,WR16,38.0
2025,standard,Alvin Kamara,NO,38,RB16,38.5
2025,standard,George Kittle,SF,39,TE3,39.0
2025,standard,Marvin Harrison Jr.,ARI,40,WR17,40.5
2025,standard,Jalen Hurts,PHI,41,QB5,40.5
2025,standard,Mike Evans,SF,42,WR18,41.5
2025,standard,Kenneth Walker III,KC,43,RB17,42.0
2025,standard,Davante Adams,LAR,44,WR19,42.5
2025,standard,Chuba Hubbard,CAR,45,RB18,44.5
2025,standard,TreVeyon Henderson,NE,46,RB19,49.5
2025,standard,James Conner,ARI,47,RB20,49.5
2025,standard,DJ Moore,BUF,48,WR20,49.5
2025,standard,Courtland Sutton,DEN,49,WR21,49.5
2025,standard,DK Metcalf,PIT,50,WR22,51.0
2025,standard,RJ Harvey,DEN,51,RB21,54.0
2025,standard,Tetairoa McMillan,CAR,52,WR23,56.0
2025,standard,DeVonta Smith,PHI,53,WR24,56.5
2025,standard,Xavier Worthy,KC,54,WR25,56.5
2025,standard,Sam LaPorta,DET,55,TE4,58.5
2025,standard,David Montgomery,HOU,56,RB22,58.5
2025,standard,Isiah Pacheco,DET,57,RB23,58.5
2025,standard,Jameson Williams,DET,58,WR26,59.0
2025,standard,Patrick Mahomes II,KC,59,QB6,60.0
2025,standard,D'Andre Swift,CHI,60,RB24,61.0
2025,standard,Zay Flowers,BAL,61,WR27,61.0
2025,standard,Rashee Rice,KC,62,WR28,61.5
2025,standard,George Pickens,DAL,63,WR29,62.0
2025,standard,Tony Pollard,TEN,64,RB25,63.5
2025,standard,Aaron Jones Sr.,MIN,65,RB26,63.5
2025,standard,Calvin Ridley,TEN,66,WR30,67.5
2025,standard,T.J. Hockenson,MIN,67,TE5,68.0
2025,standard,Jerry Jeudy,CLE,68,WR31,68.5
2025,standard,Travis Hunter,JAC,69,WR32,69.5
2025,standard,Travis Kelce,KC,70,TE6,70.0
2025,standard,Baker Mayfield,TB,71,QB7,70.5
2025,standard,Jaylen Waddle,DEN,72,WR33,71.5
2025,standard,Chris Olave,NO,73,WR34,72.5
2025,standard,Tyrone Tracy Jr.,NYG,74,RB27,74.0
2025,standard,Bo Nix,DEN,75,QB8,78.5
2025,standard,Kaleb Johnson,PIT,76,RB28,78.5
2025,standard,Rome Odunze,CHI,77,WR35,79.5
2025,standard,Jaylen Warren,PIT,78,RB29,80.0
2025,standard,Joe Mixon,,79,RB30,83.0
2025,standard,Jordan Addison,MIN,80,WR36,83.5
2025,standard,Ricky Pearsall,SF,81,WR37,83.5
2025,standard,Deebo Samuel Sr.,,82,WR38,85.5
2025,standard,Mark Andrews,BAL,83,TE7,87.5
2025,standard,Stefon Diggs,,84,WR39,89.0
2025,standard,Matthew Golden,GB,85,WR40,89.5
2025,standard,Travis Etienne Jr.,NO,86,RB31,89.5
2025,standard,Jakobi Meyers,JAC,87,WR41,90.0
2025,standard,Cooper Kupp,SEA,88,WR42,90.0
2025,standard,Evan Engram,DEN,89,TE8,91.0
2025,standard,Khalil Shakir,BUF,90,WR43,92.0
2025,standard,Chris Godwin Jr.,TB,91,WR44,93.0
2025,standard,Emeka Egbuka,TB,92,WR45,94.0
2025,standard,Quinshon Judkins,CLE,93,RB32,95.0
2025,standard,Kyler Murray,MIN,94,QB9,95.5
2025,standard,Zach Charbonnet,SEA,95,RB33,96.5
2025,standard,Tyler Warren,IND,96,TE9,96.5
2025,standard,Jordan Mason,MIN,97,RB34,98.0
2025,standard,Javonte Williams,DAL,98,RB35,99.0
2025,standard,Brian Robinson Jr.,ATL,99,RB36,99.5
2025,standard,David Njoku,LAC,100,TE10,99.5
2025,standard,Jared Goff,DET,101,QB10,101.0
2025,standard,Jauan Jennings,MIN,102,WR46,102.5
2025,standard,Dak Prescott,DAL,103,QB11,103.5
2025,standard,Najee Harris,LAC,104,RB37,104.0
2025,standard,Cam Skattebo,NYG,105,RB38,105.5
2025,standard,Caleb Williams,CHI,106,QB12,106.5
2025,standard,Tucker Kraft,GB,107,TE11,108.0
2025,standard,Rhamondre Stevenson,NE,108,RB39,108.0
2025,standard,Jayden Reed,GB,109,WR47,108.5
2025,standard,Michael Pittman Jr.,PIT,110,WR48,109.5
2025,standard,Brock Purdy,SF,111,QB13,110.5
2025,standard,J.K. Dobbins,DEN,112,RB40,111.0
2025,standard,Josh Downs,IND,113,WR49,113.0
2025,standard,Justin Herbert,LAC,114,QB14,115.0
2025,standard,Colston Loveland,CHI,115,TE12,116.0
2025,standard,Keon Coleman,BUF,116,WR50,116.5
2025,standard,Jonnu Smith,,117,TE13,118.5
2025,standard,Brandon Aiyuk,SF,118,WR51,118.5
2025,standard,Tank Bigsby,PHI,119,RB41,118.5
2025,standard,Darnell Mooney,NYG,120,WR52,119.5
2025,standard,Justin Fields,KC,121,QB15,120.0
2025,standard,Jake Ferguson,DAL,122,TE14,124.0
2025,standard,Dalton Kincaid,BUF,123,TE15,127.0
2025,standard,Jayden Higgins,HOU,124,WR53,127.5
2025,standard,Drake Maye,NE,125,QB16,127.5
2025,standard,Jaydon Blue,DAL,126,RB42,128.0
2025,standard,Rachaad White,WAS,127,RB43,129.5
2025,standard,Jordan Love,GB,128,QB17,131.0
2025,standard,C.J. Stroud,HOU,129,QB18,132.0
2025,standard,Jerome Ford,WAS,130,RB44,132.5
2025,standard,Marvin Mims Jr.,DEN,131,WR54,132.5
2025,standard,Tyjae Spears,TEN,132,RB45,133.0
2025,standard,Bhayshul Tuten,JAC,133,RB46,134.0
2025,standard,Trey Benson,ARI,134,RB47,138.0
2025,standard,Rashid Shaheed,SEA,135,WR55,138.5
2025,standard,J.J. McCarthy,MIN,136,QB19,139.0
2025,standard,Trevor Lawrence,JAC,137,QB20,139.5
2025,standard,Kyle Pitts Sr.,ATL,138,TE16,139.5
2025,standard,Nick Chubb,,139,RB48,140.0
2025,standard,Rico Dowdle,PIT,140,RB49,140.0
2025,standard,Braelon Allen,NYJ,141,RB50,140.5
2025,standard,Dallas Goedert,PHI,142,TE17,141.5
2025,standard,Ray Davis,BUF,143,RB51,143.0
2025,standard,Christian Kirk,SF,144,WR56,144.0
2025,standard,Luther Burden III,CHI,145,WR57,144.5
2025,standard,Denver Broncos,DST,146,DST1,148.5
2025,standard,Tyler Allgeier,ARI,147,RB52,151.0
2025,standard,Dylan Sampson,CLE,148,RB53,151.5
2025,standard,Tre' Harris,LAC,149,WR58,152.5
2025,standard,Hollywood Brown,PHI,150,WR59,152.5
2025,standard,Tua Tagovailoa,ATL,151,QB21,154.5
2025,standard,Hunter Henry,NE,152,TE18,154.5
2025,standard,Philadelphia Eagles,DST,153,DST2,156.0
2025,standard,Keenan Allen,LAC,154,WR60,156.5
2025,standard,Zach Ertz,,155,TE19,163.5
2025,standard,Michael Penix Jr.,ATL,156,QB22,164.5
2025,standard,Bryce Young,CAR,157,QB23,165.0
2025,standard,Pittsburgh Steelers,DST,158,DST3,165.5
2025,standard,Cam Ward,TEN,159,QB24,166.5
2025,standard,Matthew Stafford,LAR,160,QB25,169.0
2025,standard,DeAndre Hopkins,BAL,161,WR61,170.0
2025,standard,Xavier Legette,CAR,162,WR62,172.0
2025,standard,Rashod Bateman,BAL,163,WR63,172.5
2025,standard,Cedric Tillman,CLE,164,WR64,173.0
2025,standard,Isaac Guerendo,SF,165,RB54,173.5
2025,standard,Brenton Strange,JAC,166,TE20,173.5
2025,standard,Geno Smith,NYJ,167,QB26,175.0
2025,standard,Kyle Williams,NE,168,WR65,176.0
2025,standard,Adam Thielen,,169,WR66,176.0
2025,standard,Minnesota Vikings,DST,170,DST4,178.0
2025,standard,Kyle Monangai,CHI,171,RB55,180.0
2025,standard,Isaiah Likely,NYG,172,TE21,180.5
2025,standard,Jack Bech,LV,173,WR67,181.5
2025,standard,Wan'Dale Robinson,TEN,174,WR68,181.5
2025,standard,Sam Darnold,SEA,175,QB27,183.0
2025,standard,Mason Taylor,NYJ,176,TE22,184.0
2025,standard,Chris Rodriguez Jr.,JAC,242,RB72,184.0
2025,standard,Jacory Croskey-Merritt,WAS,177,RB56,185.5
2025,standard,Cade Otton,TB,178,TE23,185.5
2025,standard,Aaron Rodgers,PIT,179,QB28,186.0
2025,standard,Brandon Aubrey,DAL,180,K1,187.0
2025,standard,Kareem Hunt,,181,RB57,188.0
2025,standard,Justice Hill,BAL,182,RB58,188.0
2025,standard,Baltimore Ravens,DST,183,DST5,188.5
2025,standard,Houston Texans,DST,184,DST6,189.0
2025,standard,Romeo Doubs,NE,185,WR69,190.5
2025,standard,Joshua Palmer,BUF,186,WR70,190.5
2025,standard,Blake Corum,LAR,187,RB59,191.5
2025,standard,Ollie Gordon II,MIA,188,RB60,192.5
2025,standard,DeMario Douglas,NE,189,WR71,193.0
2025,standard,Chig Okonkwo,WAS,190,TE24,194.0
2025,standard,San Francisco 49ers,DST,191,DST7,195.5
2025,standard,Cameron Dicker,LAC,192,K2,197.5
2025,standard,Jaylen Wright,MIA,193,RB61,198.5
2025,standard,Roschon Johnson,CHI,194,RB62,198.5
2025,standard,Anthony Richardson Sr.,IND,195,QB29,199.0
2025,standard,Pat Freiermuth,PIT,196,TE25,200.5
2025,standard,Will Shipley,PHI,197,RB63,201.0
2025,standard,Buffalo Bills,DST,198,DST8,202.5
2025,standard,Mike Gesicki,CIN,199,TE26,204.0
2025,standard,Spencer Rattler,NO,257,QB35,204.0
2025,standard,Russell Wilson,,200,QB30,204.5
2025,standard,Alec Pierce,IND,201,WR72,205.5
2025,standard,Terrance Ferguson,LAR,259,TE34,206.0
2025,standard,Jake Bates,DET,202,K3,208.0
2025,standard,Kansas City Chiefs,DST,203,DST9,208.5
2025,standard,DJ Giddens,IND,204,RB64,208.5
2025,standard,Woody Marks,HOU,205,RB65,209.0
2025,standard,Jaxson Dart,NYG,206,QB31,209.0
2025,standard,Brashard Smith,KC,207,RB66,209.5
2025,standard,Ka'imi Fairbairn,HOU,208,K4,212.0
2025,standard,Jordan James,SF,263,RB77,212.0
2025,standard,Washington Commanders,DST,209,DST10,213.0
2025,standard,Detroit Lions,DST,210,DST11,214.0
2025,standard,Green Bay Packers,DST,211,DST12,217.5
2025,standard,Dameon Pierce,PHI,266,RB79,218.0
2025,standard,Dalton Schultz,HOU,212,TE27,219.0
2025,standard,Daniel Jones,IND,213,QB32,219.5
2025,standard,Jarquez Hunter,LAR,214,RB67,219.5
2025,standard,Brandon McManus,,268,K13,220.0
2025,standard,Cole Kmet,CHI,269,TE35,220.0
2025,standard,Quentin Johnston,LAC,215,WR73,221.5
2025,standard,Jalen McMillan,TB,216,WR74,222.5
2025,standard,Isaac TeSlaa,DET,217,WR75,223.0
2025,standard,Harrison Butker,KC,218,K5,223.0
2025,standard,Pat Bryant,DEN,219,WR76,223.5
2025,standard,Ja'Tavion Sanders,CAR,220,TE28,228.0
2025,standard,Arizona Cardinals,DST,275,DST22,230.0
2025,standard,Miles Sanders,,221,RB68,232.0
2025,standard,Keaton Mitchell,LAC,222,RB69,233.0
2025,standard,Tyler Bass,BUF,223,K6,234.5
2025,standard,Olamide Zaccheaus,ATL,277,WR91,236.0
2025,standard,Dont'e Thornton Jr.,LV,224,WR77,236.5
2025,standard,Seattle Seahawks,DST,225,DST13,237.0
2025,standard,Tahj Brooks,CIN,226,RB70,237.5
2025,standard,Darren Waller,,227,TE29,237.5
2025,standard,Elijah Arroyo,SEA,228,TE30,237.5
2025,standard,Chase McLaughlin,TB,229,K7,238.0
2025,standard,Cam Little,JAC,278,K14,238.0
2025,standard,Jaylin Noel,HOU,230,WR78,238.5
2025,standard,Juwan Johnson,NO,231,TE31,239.0
2025,standard,Kendre Miller,NO,232,RB71,239.5
2025,standard,Tennessee Titans,DST,279,DST23,240.0
2025,standard,Ray-Ray McCloud,III,280,WR92,240.0
2025,standard,Tampa Bay Buccaneers,DST,233,DST14,240.5
2025,standard,Los Angeles Rams,DST,234,DST15,242.0
2025,standard,Joe Flacco,CIN,235,QB33,244.0
2025,standard,Michael Wilson,ARI,236,WR79,244.0
2025,standard,Jake Elliott,PHI,237,K8,245.0
2025,standard,Elic Ayomanor,TEN,238,WR80,245.0
2025,standard,Theo Johnson,NYG,239,TE32,245.0
2025,standard,Tory Horton,SEA,240,WR81,245.5
2025,standard,Evan McPherson,CIN,241,K9,246.0
2025,standard,New York Jets,DST,243,DST16,247.0
2025,standard,Harold Fannin Jr.,CLE,244,TE33,247.0
2025,standard,Tyler Lockett,LV,245,WR82,249.0
2025,standard,Chris Boswell,PIT,246,K10,249.5
2025,standard,Jalen Royals,KC,248,WR83,250.0
2025,standard,Tyler Shough,NO,249,QB34,250.0
2025,standard,Dontayvion Wicks,PHI,250,WR84,250.5
2025,standard,Devin Neal,NO,247,RB73,251.5
2025,standard,Matt Gay,LV,286,K15,252.0
2025,standard,Sean Tucker,TB,288,RB83,253.0
2025,standard,Wil Lutz,DEN,251,K11,254.0
2025,standard,MarShawn Lloyd,GB,252,RB74,254.0
2025,standard,Roman Wilson,,253,WR85,254.0
2025,standard,Kenny Gainwell,TB,289,RB84,254.0
2025,standard,Jaleel McLaughlin,DEN,254,RB75,254.5
2025,standard,Tyler Loop,BAL,255,K12,255.0
2025,standard,Chicago Bears,DST,290,DST24,255.0
2025,standard,Raheem Mostert,LV,256,RB76,255.5
2025,standard,Los Angeles Chargers,DST,258,DST17,257.5
2025,standard,Jaylin Lane,WAS,292,WR96,258.0
2025,standard,Shedeur Sanders,CLE,260,QB36,259.0
2025,standard,New York Giants,DST,261,DST18,259.0
2025,standard,Darius Slayton,NYG,262,WR86,260.0
2025,standard,Xavier Restrepo,TEN,294,WR97,261.0
2025,standard,Efton Chism III,NE,295,WR98,261.0
2025,standard,Jalen Milroe,SEA,296,QB38,262.0
2025,standard,New England Patriots,DST,264,DST19,263.0
2025,standard,Trevor Etienne,CAR,265,RB78,263.0
2025,standard,Diontae Johnson,,297,WR99,263.0
2025,standard,Adonai Mitchell,NYJ,267,WR87,264.0
2025,standard,Miami Dolphins,DST,270,DST20,265.5
2025,standard,Dallas Cowboys,DST,271,DST21,266.0
2025,standard,Kirk Cousins,LV,272,QB37,266.5
2025,standard,Calvin Austin III,NYG,273,WR88,266.5
2025,standard,Emanuel Wilson,SEA,298,RB85,268.0
2025,standard,Jalen Coker,CAR,274,WR89,269.0
2025,standard,Audric Estime,NO,300,RB86,271.0
2025,standard,Dyami Brown,WAS,276,WR90,272.0
2025,standard,Zack Moss,,301,RB87,272.0
2025,standard,Taysom Hill,,303,TE38,273.0
2025,standard,Noah Fant,NO,304,TE39,274.0
2025,standard,Troy Franklin,DEN,281,WR93,275.0
2025,standard,Elijah Mitchell,PHI,282,RB80,276.0
2025,standard,Devin Singletary,NYG,283,RB81,277.0
2025,standard,Tyler Conklin,DET,284,TE36,279.0
2025,standard,Andrei Iosivas,CIN,285,WR94,280.0
2025,standard,Jason Sanders,NYJ,306,K18,280.0
2025,standard,Antonio Gibson,,287,RB82,281.0
2025,standard,Jordan Whittington,LAR,307,WR101,282.0
2025,standard,Will Reichard,MIN,308,K19,282.0
2025,standard,Kayshon Boutte,NE,291,WR95,283.0
2025,standard,AJ Dillon,CAR,309,RB88,283.0
2025,standard,Oronde Gadsden II,LAC,310,TE40,283.0
2025,standard,Ben Sinnott,WAS,311,TE41,285.0
2025,standard,Noah Gray,KC,293,TE37,285.5
2025,standard,Joshua Karty,,312,K20,286.0
2025,standard,Brandin Cooks,,299,WR100,289.0
2025,standard,Christian Watson,GB,314,WR102,289.0
2025,standard,Tutu Atwell,MIA,315,WR103,290.0
2025,standard,Jake Moody,WAS,316,K21,290.0
2025,standard,Younghoe Koo,,302,K16,291.0
2025,standard,Daniel Carlson,LV,305,K17,292.0
2025,standard,Indianapolis Colts,DST,317,DST25,292.0
2025,standard,Samaje Perine,CIN,318,RB89,292.0
2025,standard,Cincinnati Bengals,DST,319,DST26,293.0
2025,standard,Malik Washington,MIA,321,WR104,295.0
2025,standard,Jacksonville Jaguars,DST,323,DST28,296.0
2025,standard,Khalil Herbert,,324,RB90,297.0
2025,standard,Tyler Higbee,LAR,313,TE42,298.0
2025,standard,New Orleans Saints,DST,325,DST29,298.0
2025,standard,Jimmy Garoppolo,LAR,326,QB39,298.0
2025,standard,Marquez Valdes-Scantling,DAL,327,WR106,299.0
2025,standard,Dillon Gabriel,CLE,328,QB40,299.0
2025,standard,Isaiah Bond,CLE,329,WR107,301.0
2025,standard,Damien Martinez,GB,330,RB91,301.0
2025,standard,Ty Johnson,BUF,331,RB92,302.0
2025,standard,Las Vegas Raiders,DST,320,DST27,302.5
2025,standard,Jalen Tolbert,MIA,322,WR105,302.5
2025,standard,Cleveland Browns,DST,332,DST30,306.0
2025,standard,Curtis Samuel,,333,WR108,306.0
2025,standard,Tre Tucker,LV,334,WR109,308.0
2025,standard,KeAndre Lambert-Smith,LAC,335,WR110,310.0
2025,standard,Chad Ryland,ARI,336,K22,313.0
